subject_id,ses,task,run,framewise_displacement mean,framewise_displacement std,trans_x mean,trans_x std,trans_y mean,trans_y std,trans_z mean,trans_z std,rot_x mean,rot_x std,rot_y mean,rot_y std,rot_z mean,rot_z std,csf mean,csf std,white_matter mean,white_matter std,global_signal mean,global_signal std,motion outliers,source_url
33,,rest,1,0.1154878332562105,0.10198098199944894,-0.016451797989475523,0.021964262322831937,0.18678295064895103,0.17114497752128618,0.43586361290874126,0.4450671243380722,0.0013525027551783185,0.0016285517707128078,-0.0008452188081118871,0.0010269394500355936,-6.520036430069929e-05,0.00040329254484088245,768.1717190652546,5.915565586048922,678.7993957163965,1.6417266555823333,639.0889820482345,2.6624706574609274,11,https://example.com/TODO
33,,rest,2,0.1900200307950877,0.3141292192170669,0.013995315566433566,0.02754815280265051,-0.012789996223776225,0.09982705918449232,-0.23436492618881116,0.3022513580449484,-0.002573136574685312,0.005273554486131146,0.00024014759958041712,0.0016813670878722052,-0.00022112436734615388,0.00041493025170009825,782.4060680374984,5.3242507148782146,679.711813700694,1.9574088980868192,643.4890881224227,2.0094403728230903,66,https://example.com/TODO
33,,sleep,1,0.09617531365116819,0.11548650456598226,-0.05386453243776222,0.02561329240966763,0.09334183219114218,0.05512043425732559,0.14973644262634034,0.07820850609972295,0.0027341130354312355,0.0019138116881591944,-0.00195658538111888,0.0009245513940725271,-4.585447135897436e-05,0.0002385134415939835,791.4432732648158,4.546163685467508,681.8447847381628,1.5480641403659874,646.0769408935514,2.3969927953511774,19,https://example.com/TODO
33,,sleep,2,0.15369380770467284,0.23190278897073852,-0.040582699841491834,0.026229891760447776,0.08452305296247087,0.10158706543783032,0.2155784187867133,0.24686399654300326,0.0010828280843822816,0.0015531817958860555,-0.001205733350955705,0.0007993545686531996,-0.0009346351057808843,0.0005536158042589933,780.8713386894327,5.705177787680131,686.3913199150014,1.7265950952939937,642.0244864272447,2.2555173643423796,52,https://example.com/TODO
33,,sleep,3,0.11240888908205603,0.10502968016322048,0.0013812213469796763,0.02785758360136349,0.15343669716083916,0.1204406415467263,0.4377916896200466,0.27370062810680124,-0.00196524431072261,0.0015629450680819004,6.947797808857762e-05,0.0005946183877635145,0.000695328206503495,0.0005632388174857654,788.7890887705573,6.282778182784718,684.3171055170848,1.5903839202209626,634.1709133293871,3.1756662666168145,22,https://example.com/TODO
33,,sleep,4,0.18132239354532706,0.23396737016960978,0.002761484851981353,0.020994104679769383,-0.06887359002331002,0.05802157096489183,-0.07870858165501166,0.15766350056887943,-0.0012825273121911426,0.0019483207610184563,-0.0005609005973426548,0.0005665347353819722,0.00024593783816316973,0.0006397282626748675,779.6069194450657,5.425238088153607,681.7676614650312,1.847182309632443,641.6571129110952,2.8852856753429386,124,https://example.com/TODO
33,,sleep,5,0.1499106406799065,0.18955336947273982,-0.008457258769230768,0.018507919117393967,0.0878544913986014,0.07744824592503735,0.1624480192121212,0.20783502869427162,0.001026289849999999,0.002038910381887779,-0.0007671325960372926,0.0006423860818870132,0.00028815809456876244,0.0003058326233833761,787.5405754864914,5.814206888148545,683.1879801710301,1.7724053642455186,643.8299938690852,2.3199621047507506,50,https://example.com/TODO
33,,sleep,6,0.3404560390837383,0.43532501336869234,0.02882857213289044,0.04870350847221106,0.12913963354986013,0.11520031440428423,0.5124719536596737,0.37105899691328575,-0.01170866208158508,0.00663091136223067,0.0022102831079254064,0.0018290697560836573,0.001024659253692306,0.0012901114682104336,795.6775317321535,8.137950951836041,685.9434818390287,2.315511173504278,643.4650014383897,3.3708455504296664,102,https://example.com/TODO
33,,sleep,7,0.16884375098130838,0.26184554122554854,-0.0249452368997669,0.06281462037360215,-0.1351309085081585,0.08025336721896931,-0.2558119083916084,0.16321790962379587,0.004851014920745918,0.0023686122221640445,-0.0008432316177156156,0.0011301650472142239,-0.0006834796519813466,0.0007269352602759607,791.1120839804137,5.666837467101772,688.4399564294483,2.1236374859079676,647.6689513488355,3.353256213008939,81,https://example.com/TODO
32,,rest,1,0.18808076344982452,0.10269252628112716,-0.16930396310842658,0.1253972271394604,-0.0692048794055944,0.052754284667332396,1.4125706649125873,1.0142600674642848,0.003382154335734266,0.002437345309317495,-0.0014293432524825165,0.0013368668343408383,-0.005301633987762226,0.003831460625741949,700.5827818272402,5.297075044747233,563.9700592633787,3.854980142080374,572.8352131446699,3.427146663834788,6,https://example.com/TODO
32,,rest,2,0.16382174374736838,0.1223178357400734,-0.0012886171223776182,0.048154818091728266,-0.08676274376923078,0.09428343079145841,0.6000657705594407,0.5449367533711852,0.0010221359498951048,0.0027779258536835996,0.0018786320419580417,0.0014963079766462228,-0.00039954006905594194,0.0005597706741504458,733.286924419312,4.1278819065090575,572.3977169910892,1.8944051500435068,573.9854494444778,2.457823796276686,11,https://example.com/TODO
32,,sleep,1,0.23419413031308406,0.3646746713412094,-0.276172502030303,0.19737011872070923,0.13286037145920745,0.16976629821915126,1.3782634087412589,0.9434765929568033,0.007760756323076923,0.010362860231524964,-0.002580952507086247,0.003191459718005634,-0.008662618835431233,0.004691062318092837,728.5608850628487,5.140476644212981,575.0040151713104,2.5336563762805038,574.1454876297281,2.595492125476257,24,https://example.com/TODO
32,,sleep,2,0.1459737281401869,0.06856977341726629,0.18052961534731934,0.08140702007274515,-0.0646859329090909,0.04209137458404052,0.0791504694032634,0.06104484719117642,0.0006036695159906732,0.000831520207813171,0.001047255714452213,0.00047586213278028575,0.001824700943123543,0.0008403174851225713,739.9912579207203,2.7770252818519126,578.6646277628846,1.0151383303829915,574.7786009503208,2.5376302532526522,23,https://example.com/TODO
32,,sleep,3,0.17216607651121493,0.07112762625941488,0.007402682855477856,0.020750545954456023,0.078426123011655,0.045093920379044486,-0.17731463598135197,0.14326304090107597,0.0005546927536363618,0.0007975160145911741,-0.00028475395981351936,0.00021262864426247765,6.400872969696969e-05,0.0001653008084115763,738.9271395121276,2.4785730176011236,578.9418860222237,0.8637684180960213,579.1326361101039,2.1569243997648857,170,https://example.com/TODO
32,,sleep,4,0.2542070471966822,0.8896624448478272,-0.07835031164433566,0.22200752714324345,-0.2012299183193473,0.6469184389114702,-0.020870702456876455,0.28947493120263046,-0.002708588302610723,0.017660901203172534,0.0006945730814615387,0.0032492121628650778,-0.0010936930898834498,0.0035186016597289612,737.7198811061808,7.301700744508123,580.2223939974249,2.7780094680415215,577.8138471134807,3.0406714965097827,236,https://example.com/TODO
32,,sleep,5,0.291281560385514,0.4637740377330144,0.04042022099533799,0.08739817926921455,0.2497997994242424,0.4311425551455388,0.648309163962704,0.6464778013498688,0.0042443588277156176,0.010270731103005734,0.0012079576804195755,0.0022088412198770263,-0.0029995408046620082,0.0064998259442205246,758.6517579441496,9.268333223342648,589.5984841533724,2.019635530393457,581.2628591960331,3.380425036524658,60,https://example.com/TODO
32,,sleep,6,0.1811576541645093,0.32086262805446947,-0.1007801703461466,0.05327788184406661,0.09913713892004661,0.10175871412409138,-0.615369398013986,0.42290162389806557,0.008906302421561771,0.005595770021554204,-0.0014599801526806527,0.0012303546988667372,-0.001359411236130536,0.0007958171228220935,754.2958317376712,3.755705257973917,592.4393049152354,1.5127976738277216,585.6269177593789,2.998703632281459,163,https://example.com/TODO
32,,sleep,7,0.124984948953271,0.06289699809906922,0.016686186263403263,0.01781439499229324,0.06574967853146853,0.03689697562295487,-0.09685670627039628,0.09153062103357838,0.00044826952473193146,0.000843869390397846,-3.6322020438228674e-05,0.0001998135753513439,0.00016140147543123543,0.00014892091201269486,763.2598834734872,4.025284529465051,591.8691627492988,1.333117374418982,583.9353642058841,3.52924601686012,170,https://example.com/TODO
32,,sleep,8,0.24379426744509342,0.4548683155006604,0.012150344595804195,0.0817792422581725,-0.013651346724941725,0.1049619175509584,-0.3026608246363637,0.3320604802387893,0.0026199192691142184,0.005508121895220096,0.00038663565209557114,0.0010540152243124694,0.00011010272932400886,0.0012305004001000085,759.3250119340067,6.837684546720702,590.9864310542916,2.3413887445086523,590.048012576958,6.28695123543946,128,https://example.com/TODO
31,,rest,1,0.30165906068070175,0.2847868420649879,0.41736723672342657,0.23374662524841325,-0.03423786619195804,0.062314007705352885,0.5488017903496504,0.5215717051640835,-0.00025638427321678493,0.003223335786383951,-0.003624464129965033,0.0035798549207790445,0.004856422179370625,0.002963986033770354,735.0865579443624,5.365405603656445,605.0081488426885,2.4108041891396534,603.7403357073066,2.2315291153661065,34,https://example.com/TODO
31,,rest,2,0.22032736505263156,0.16863056166676688,0.22363988115384614,0.15097871077175687,-0.24336349420629372,0.15316840839604753,0.9088742821678321,0.7358992572541473,-0.005095591701188807,0.0060495286582699205,0.0011733165771328675,0.0017820399503144224,0.00393001888321678,0.002539182211213417,746.168242300663,4.317740954825501,613.1164683837012,2.8079417315425026,607.6379282532934,2.536386683401068,18,https://example.com/TODO
31,,sleep,1,0.3277438631028037,0.6168473022782063,0.3621601026340326,0.2574325977836485,-0.22602400482983684,0.15829998476362273,1.8736836324475523,1.0965000617674203,0.0039050645235431214,0.007920566494482027,-0.00719510912820512,0.003984395690938677,0.004509333351002329,0.005652678540766061,762.0594975312438,6.321015039729822,618.1098611674536,4.903376487045744,612.7917902055646,4.853269692713219,49,https://example.com/TODO
31,,sleep,2,0.4173710620883177,0.6489336268613065,-0.028806615293240093,0.054361843096071574,0.03035717272237762,0.12186169889255094,-0.15687398090442892,0.5394285552079717,-0.001580858642447553,0.005050855980049876,0.0018457129147319343,0.0020981122371870626,-0.001499361800466197,0.0023828511648481495,757.9022341703284,6.8690063294736925,623.6909518289291,2.524123864773117,610.7815996326343,4.581121318472567,181,https://example.com/TODO
31,,sleep,3,0.38197807247570087,0.7799394124394913,-0.37206971996270394,0.3403419273784316,0.1771441972067599,0.1672080758491766,0.4364000866013986,0.8706666907383402,0.0064215905674358965,0.009404427716208788,-0.009519448321468522,0.007014754350131728,-0.012030842422377617,0.010498643862475858,743.6014143020818,5.287338517833378,620.2161772445929,2.793961324121496,607.040997898147,3.0730779083530835,107,https://example.com/TODO
31,,sleep,4,0.6437154851962618,1.0849469371493097,-0.11887705849184148,0.32149071376785743,0.012331883051282053,0.1887140434371517,-0.657509427039627,1.0867405219430852,0.0019292848937062929,0.01162456829496381,-0.007863350595617704,0.004559290785579902,-0.00614307538088578,0.007848782773246583,749.6695025144975,8.33513507480556,618.8624256462928,4.005030181033555,612.7053284234316,3.9044312689500575,117,https://example.com/TODO
31,,sleep,5,0.6603068401705607,1.2875157893363414,0.09317194783473194,0.13839048785939864,-0.03570984463170163,0.2324462409140421,0.8674449042307693,1.2784490364839005,-0.00039281417820512634,0.01636291079581882,-0.0005675555582797205,0.0029974560498431365,0.003160117772867132,0.004261536844320684,755.4943258470864,8.500279455203334,632.5936518314977,5.66876537118454,611.8545722839305,4.33392022075715,100,https://example.com/TODO
31,,sleep,6,1.0394082256448598,2.5121475882316884,-0.2221428803939394,0.21486175682866526,-0.7173001408857809,2.201384708494964,1.1832999715617716,3.6474775361673744,-0.03148885643356643,0.07184591028105822,0.001318714771468531,0.0052188757009869954,0.003941539522191143,0.012343169478991186,779.6493122567371,13.674792955635995,647.032580980777,16.79450699215807,622.2392622311735,5.182696979234058,136,https://example.com/TODO
30,,rest,1,0.13636883453343246,0.058964048709196595,0.013829698444428865,0.017573341811144047,0.055501418377622375,0.043631344466161355,0.09355677339160838,0.06433760329158567,-0.0005351669327971986,0.000571976188901492,0.00016478981496503077,0.0004972062921516794,0.00030625557069929827,0.00031447965346678545,698.027230809208,2.7517150459776007,568.1488508647379,0.8675092876980933,571.1649835824038,1.0686919149054377,2,https://example.com/TODO
30,,rest,2,0.15626510170947366,0.06289370757424208,0.0037948112573426575,0.02937711479759092,0.01625311243321678,0.05009626326110015,0.022980544288111887,0.05904606900246229,-0.0009551246388461521,0.0006802675364265201,0.000345801408181815,0.0008924521112294568,0.0009279890353146838,0.0007972054561627532,707.5542351886538,2.9313218920063813,574.5769637737998,0.6639738924101577,575.8735239969842,1.5253632480867207,116,https://example.com/TODO
30,,sleep,1,0.16385918848364484,0.07190863958492831,-0.020854700275058275,0.03528868564215379,0.10300808314685314,0.05821678883398009,0.06087403293659674,0.125023366583242,-0.005997672579300698,0.004352031043804854,-0.00041290801181817927,0.00070250268050995,-0.00038791867608391396,0.0005434545240907357,710.4030350601606,2.884114350732907,571.897765365929,1.0342528946230332,572.1824614495458,2.0490823461086265,187,https://example.com/TODO
30,,sleep,2,0.2132412474084112,0.11491174283440692,0.00038297259207459235,0.05780734900732873,-0.0458055465034965,0.049874391808088496,0.058386121473426575,0.19844941809398195,-0.0006888821250116546,0.00139604202853899,0.0004441483336363641,0.0010829551292094765,-0.0003637686477389243,0.00046559043813356143,712.1095568242886,4.724994124616814,571.3559206840642,1.5830357652855336,566.7252913959876,2.486656473499084,103,https://example.com/TODO
30,,sleep,3,0.19771099688714952,0.2251164568141046,-0.05374196894219114,0.0766215660868394,-0.06412747985687645,0.06047916023285821,-0.344764621018648,0.228300954933254,0.003387552559393932,0.003961823785372237,-0.004132463003426572,0.0039868143459407465,-0.0005180093558927732,0.0012589463807614815,713.2070715899071,3.9798729325551547,573.7625766076817,0.9205695620105985,581.6218304374202,1.2445933915457663,65,https://example.com/TODO
30,,sleep,4,0.17628939251836448,0.08694914183480491,-0.0015525993008857805,0.026133668065746043,0.07001723099067599,0.06241696533829054,-0.01188443331235431,0.04955275858160254,-0.00028621555658974243,0.0008284558423895863,0.00048713542177156085,0.0005650338044718488,-2.9125989044289063e-06,0.0002692012644218597,778.9757670068827,3.259578947040421,640.5641361503197,0.9023149595109771,636.9724952171086,1.2521640446354807,143,https://example.com/TODO
30,,sleep,5,0.27407207440046727,0.45992865566975416,-0.021848059403403265,0.021461885001107652,-0.047811215407925406,0.1618468645904352,0.19095924184988344,0.3268087225226778,0.012736276865501165,0.0202400995322664,-0.00012685770185547787,0.001013788822481586,-8.927289517482331e-05,0.00050037713098659,775.3164358237304,4.623434196692475,643.2384153781297,1.6628937145603084,635.9421949547276,1.9934309582927412,39,https://example.com/TODO
30,,sleep,6,0.31914239578598125,0.39869495220845097,-0.06111006351981351,0.04046062691727109,0.08670330911421911,0.1301314532163061,-4.785400652680805e-05,0.2569325312306463,-0.020650666049976688,0.01703239663082053,-0.00039154161432634053,0.0018660713141818077,-0.0013479978427039616,0.0007990449405377929,782.5312816451252,5.291660665197656,645.9411714149606,1.8163067961530068,634.3469202047596,2.0444814734560426,71,https://example.com/TODO
29,,rest,1,0.11234668274736842,0.07394187164521633,-0.04240201646153846,0.028200663387380313,-0.008930792821678323,0.027764075815375534,0.08428531388111887,0.0853518983290504,0.000810634931958042,0.0011583673984983454,-8.075157797201751e-06,0.000335770050163293,-0.0009142095251398587,0.0004625931195996167,874.3570116161036,6.1980098630497125,756.2201771594283,1.929726894590784,763.388920256076,2.5422331860836724,8,https://example.com/TODO
29,,rest,2,0.12937075972210524,0.06743010980851173,-0.01549108274825175,0.01585142811014833,0.003666904272727272,0.026821355908618782,-0.13887149505244756,0.08650489047653288,-0.0014844597923076924,0.0024573146208278183,-0.0013514911996503492,0.0008469733295516791,-0.0005678152431818143,0.0003693324595051051,884.2124312726569,4.900559685311869,753.7378073541639,1.0590953125446856,756.725432331683,2.0703380844520383,72,https://example.com/TODO
29,,sleep,1,0.11271369584436913,0.04815822688965423,-0.014684848857296035,0.009720868484675552,0.024225400958041956,0.03319775745977513,-0.10381221416550117,0.08164559345840565,0.0001243444619184126,0.0006227485494520287,-0.00030572544433099465,0.00033031788578942505,-0.0004170671731934706,0.0002327341082739439,884.2976798584637,3.7664202709162686,751.5776843094336,0.9410938535376169,758.47133248924,1.9072015975744365,91,https://example.com/TODO
29,,sleep,2,0.11101537618752334,0.03955397042103559,-0.04406073882909091,0.017813170465756447,-0.014344289016736596,0.027208178896031155,-0.08120367959398601,0.08174884263579506,0.0004227721460139827,0.0007661770633406185,-0.00029275968146386854,0.00029184363386603325,-0.0004243647934498818,0.0002148265323775163,889.7946124221207,4.162093397196905,750.4031464232173,0.9793943862712804,753.4861405158875,1.8231089275813976,65,https://example.com/TODO
29,,sleep,3,0.10301536761772895,0.04249661284185834,0.0184217439694965,0.012656857730648698,-0.011194905971794874,0.02453839912292008,-0.09674152172494173,0.07172844344313367,0.0013128963953846135,0.0007246480538080852,-0.00028135878918414615,0.00027684560718540467,0.00016466499867132868,0.00021438514335862043,885.5458587228984,3.6526190777563388,748.1493321400801,0.8663676364068915,751.3472817434267,1.2626981140939875,105,https://example.com/TODO
29,,sleep,4,0.13208005260841119,0.14472537135302083,-0.024291668846853146,0.012181562800737233,0.10458525006993005,0.0382549681018037,-0.1677272714172494,0.13146529527748516,-0.004927597789976686,0.0029501541586818177,-0.002117756536829836,0.0007657349056933805,-0.0006688722750582633,0.00031824871720800846,876.7145973768899,4.324765926149806,750.6816476338258,1.0411004844922238,750.8849411747573,1.552077850867762,21,https://example.com/TODO
29,,sleep,5,0.15896012678271026,0.20973445034108953,0.011984918751282051,0.024113992738207586,0.07158484866899767,0.13423744995327014,-0.02271158282750583,0.12301981945725364,0.0030849101023543075,0.003690065632326021,-0.0003743682568764583,0.0007646505827755256,0.00014552575186480186,0.0007447695571660099,871.3012518751691,5.6950919851463,747.6662165145119,1.4153602279031599,749.0085984434706,1.7460327382432759,68,https://example.com/TODO
29,,sleep,6,0.26892065683434574,0.46468017105383463,0.13547262601398602,0.1243403605658678,0.014396852086946382,0.09360946171720227,0.38130414181818184,0.622732039546391,-0.007546146194778556,0.017830199557014825,-0.0018437497069393942,0.002181393609310761,0.004234618074125872,0.003360928498521911,877.033758656433,9.488298031934875,748.505719704958,4.238232006710412,752.279195856475,3.06508651409457,68,https://example.com/TODO
29,,sleep,7,0.14300939315233643,0.1847990186697599,-0.01643880745104895,0.029582935329012492,0.022601811135198133,0.04758747295742674,0.09601359493706293,0.2847752679760636,0.002812530348764567,0.0030556893600180986,-0.0006856562136829831,0.0016628568875462295,-0.0009327075176223765,0.0005334753122495725,879.2892288475791,6.05408652476737,757.2250993940133,2.1309510387459785,760.9575033786176,2.587472242943563,110,https://example.com/TODO
28,,rest,1,0.2494422307845614,0.11533122780537405,0.018376045399650348,0.025767997858864796,-0.013298961993006992,0.04494625445627137,-0.353482212979021,0.2600517611462234,-0.003900519266783212,0.0026612989985266944,-0.0006958947833566419,0.0009446557266463705,0.0004921755533216702,0.0005169478683694748,875.2416190320743,3.597999664881533,685.9613094586639,1.9448184301187859,684.2548850005818,2.310037423676713,50,https://example.com/TODO
28,,rest,2,0.10365915291136839,0.04792045900966114,0.007016708163496502,0.017667247772013853,0.04526588016363636,0.02844472246106768,-0.050521119109090906,0.0456265042959672,0.0032959169975524476,0.0017050208622747128,-0.002410838682517482,0.001704180813366685,0.002353398017517482,0.0015682447573747568,888.8868174297768,2.8447584407209243,684.2803355689232,1.0568574483954132,685.4458408189399,1.4423771971372479,146,https://example.com/TODO
28,,sleep,1,0.12293734062850464,0.055815101893852574,0.0025238045953379956,0.030563023822230875,-0.006601020516317016,0.01732006287845231,0.15074645316923077,0.11479462792040952,0.001190720633596736,0.001229343369323762,-0.0011340059138927727,0.0010601041578965885,0.0003047343299067597,0.0006417194812452843,883.2177648693347,2.6064396166354102,687.0575538536599,0.9294173374204582,684.4871235171354,1.1932435220962656,25,https://example.com/TODO
28,,sleep,2,0.13278772055607474,0.060109302421818805,0.06517975583682983,0.045841651392914635,0.014338037524475523,0.03102278137134374,-0.0855989680932401,0.13595010474057012,0.0035831879937062903,0.0029677898075889846,0.0006894953353379962,0.0008883166160239608,-0.0008509003691142172,0.0009731799780480627,879.7439969007421,2.388284156562694,687.1772252685538,1.0845928829133047,682.0986306752956,1.4355508744725352,144,https://example.com/TODO
28,,sleep,3,0.1345871035013551,0.07344065898816671,0.05062241135370629,0.08046905425591996,0.010247562844988345,0.029450556312305746,-0.14746706834965034,0.09995173830703526,-0.0020605861154778557,0.002763889393290672,-0.003638520723682976,0.0032524324644993964,0.002176451524475524,0.0014395428684438468,885.8427979531192,3.082931082126813,684.6763053481467,1.1395695870335993,683.8111022001342,1.2966980345479393,47,https://example.com/TODO
28,,sleep,4,0.16259594176074763,0.08564262568071693,0.044243111645687644,0.03628463268591535,-0.026164671551748248,0.03920984458754276,-0.30793297696969696,0.22563054814508432,-0.008239218906759906,0.00438735349707512,-0.004676309649184149,0.0022868045227113667,0.0018047764051981369,0.0009776321017274606,877.9883263093427,3.237322925509747,685.4681372119685,1.597492299104189,683.5987644828942,2.1123192145864986,67,https://example.com/TODO
28,,sleep,5,0.1639918207542056,0.09491246145541105,-0.0004155230017482522,0.009042095686517178,0.02656719861958042,0.028916571794853546,-0.13217737734498833,0.10090481553310635,-0.002770762563636363,0.0014298140846559313,0.00014577347904428905,0.00033587965404108125,9.86729375058275e-05,0.0002322827467787133,870.631935110769,3.6541594888193747,685.0775220556545,1.7523700527546457,683.1930616892496,1.9314318425014263,42,https://example.com/TODO
28,,sleep,6,0.12579385052252332,0.06824229042160078,-0.011823290862983685,0.024447984576671133,0.028909472214452215,0.043859869223123946,0.14336888463543124,0.11549307161223339,0.004836068788111886,0.0025959700368356486,0.0032146234151748244,0.0014446001097722424,-2.518345431235198e-06,0.0005059483960246242,868.0070519584303,2.8950467396464306,681.6529293453696,1.0289165499288346,677.9634423026816,1.8423940175585762,58,https://example.com/TODO
27,,rest,1,0.19972021443263155,0.2801885540429469,-0.029582729174825174,0.02668589890589171,0.07252931674825173,0.06830127279759526,0.09798938758741259,0.3682006506629134,-0.0017322733958041955,0.004119169909616009,-0.0006275713784020933,0.0005848137306839336,-4.166845031118846e-05,0.0005106882891143531,855.7134109090028,4.065939556877052,685.8611315062474,1.8873802819384127,679.5728366793884,3.4108542128241592,112,https://example.com/TODO
27,,rest,2,0.2309224612747368,0.2915907478479055,0.005313255706293706,0.06784003291154599,0.013902704545454541,0.3220603467094722,0.517673478020979,0.44748174662201073,-0.004869548512587406,0.0045370883731811465,-0.0024430243230769227,0.0020995160033388137,0.0003102640491853122,0.0011219751801318557,865.839425828907,4.779984636443784,691.3675010132393,2.2273242262944377,679.0864277997595,2.5485052780649995,82,https://example.com/TODO
27,,sleep,1,0.2507678765116822,0.4155454470441947,0.02788513239627039,0.054146769656704945,-0.033009071694638695,0.2945836709202361,0.7354128235897436,0.40240641895815193,-0.006643449922610716,0.0038562614250554237,-0.0031208177788111884,0.002348760714705839,0.0016937172878787876,0.0012560017579515553,867.4798797890343,3.8222827539450064,690.8678704244596,1.84065012639117,682.0726000219017,2.3635585669641603,60,https://example.com/TODO
27,,sleep,2,0.284896118892757,0.4758993441767515,-0.0015077273916083921,0.07289642276655277,0.11044405135198135,0.30256062036187104,0.3909861977319347,0.6375984944470507,0.00045774014847785576,0.004353715440958888,-0.0002262649607226105,0.0023008740139404274,-0.0001632653897692296,0.0011813011331854723,872.9195881896484,6.779260583137028,696.0860835286209,3.8090228942201505,687.6101919913805,4.114697019868809,39,https://example.com/TODO
27,,sleep,3,0.20750086503574766,0.07288816139177674,-0.0226932975041958,0.016903749921272748,0.02908317373356643,0.02500549965334611,0.0015342150286713275,0.05690569022166409,0.0014512919836596725,0.000996346685041299,-0.0009729375827645664,0.0004778686411306843,2.663289137529137e-05,0.000220500330782267,889.6078353324658,3.1704238222117573,695.2862874438883,1.3841073069258756,684.6217448997597,1.8561228186340295,294,https://example.com/TODO
27,,sleep,4,0.36258657222196256,0.520358355442164,0.11485589233100234,0.1288910668367162,0.26086113473193473,0.41303194187593156,1.7703035517482517,0.6121826015922399,0.0032458499766899753,0.005976844841418996,0.005151086451491834,0.004932503305554122,-0.0010493884220279704,0.0020398841754946783,886.9768469292532,6.695073243852283,695.3927785320907,3.3913238235907746,689.1709036104191,3.9327617067330047,84,https://example.com/TODO
27,,sleep,5,0.522691661099299,0.842027573405949,0.06405956532167832,0.149437701353432,0.15834483892540793,0.29277652379160374,0.3923404898834499,0.6873916143561692,0.005815426410699299,0.011663248429168247,0.00393136245172494,0.003685144237415729,-0.0025973198308391595,0.0018007987888022299,876.5713889262984,9.629957827085446,693.6377078957784,4.029852006151521,681.1336372857055,4.090941015853846,106,https://example.com/TODO
27,,sleep,6,0.3854110134766355,0.8285783013884981,-0.12232460243123543,0.15326815208908626,-0.09627019515151515,0.3261267184876498,0.17692388657342656,0.6979461490977801,-0.004674682832400928,0.012970500412727792,0.0003984412128205135,0.0025877856734231076,-0.0023380926399300694,0.0025283569574970723,885.4945970704186,7.723756209911528,696.6176035210816,3.6491145292574245,683.3734012970162,3.844009464450394,72,https://example.com/TODO
27,,sleep,7,0.6798078706121495,1.292089187209801,-0.06884534774125874,0.24223152031336273,0.035412026037296034,0.26191738611159543,0.41865838235431235,1.0381810516694068,-0.01304113867599067,0.02009528597574234,-0.002696847986853144,0.0028536983688960535,0.0009876707617715611,0.0044497465273661265,883.5237499663726,10.367447635144043,701.8589089034662,5.842991421989494,687.7453215323605,4.383528232583149,108,https://example.com/TODO
26,,rest,1,0.13341130544491225,0.09676139453884695,-0.038873388082867125,0.03708410473356091,0.02164121645454545,0.034144619918568646,0.19158394493006992,0.14842786886375536,0.0010698048853146828,0.0010545186492418165,0.001022115320209792,0.0011232992992401293,-0.000810241767132856,0.0008209503338221895,828.5111979793469,2.9718958170608922,737.5454462063423,1.1099984146796136,704.8094914622554,1.0238571552626867,10,https://example.com/TODO
26,,rest,2,0.17940965013866664,0.1068365529268839,-0.04133256068440559,0.029271667084509435,0.06698269054545454,0.047803171211363224,0.0973129334020979,0.07640514406343232,-0.003565112789160839,0.0019075231053415115,-0.0028041974103846143,0.001927889632110891,-0.0012505674090909085,0.0007170970646846618,819.0220800415973,3.3046834437233192,740.6477263125131,1.246186160095524,708.5260495117018,1.3819584925584711,67,https://example.com/TODO
26,,sleep,1,0.13476123078902802,0.08016555021912745,-0.007001437562606061,0.028440425933253504,0.08251657151748251,0.04196607390402037,0.014054634727272725,0.05501310176939198,-0.0012507839017948713,0.0015513322445376663,-0.0011968246832167826,0.0008345958812769637,-6.020966923078088e-06,0.0003471800164109372,813.4061941032184,3.223574696863099,739.5496561836784,1.0101387542884919,702.8943754182758,1.2465588352684502,135,https://example.com/TODO
26,,sleep,2,0.15487708017390184,0.102711257544739,-0.02253370700333333,0.04098050387659902,0.001500236800932399,0.041440049016323525,-0.12736210947785548,0.10649346272587884,0.0020415613240093227,0.001013492110234538,-0.0034430759533799525,0.0018528103978258683,-0.0001681809746153846,0.0002907801806503622,834.5576669956082,3.450113680155123,738.0295781797214,1.1329968430315749,698.7895695805546,1.5731807325108733,137,https://example.com/TODO
26,,sleep,3,0.33074140706448596,0.3589675907916825,0.06523701968321678,0.04221298569366408,0.10904323314219115,0.09217688731746784,-0.0069164562867132864,0.21568962693017757,-0.0028662529192074577,0.002885605889105554,0.0006313404534731912,0.0011332860553373905,-0.00022815780205594148,0.0005286189952105495,813.5298527223971,4.711187606877293,740.4654048654317,2.0396896146090278,701.7029254457625,2.4634395896287833,142,https://example.com/TODO
26,,sleep,4,0.23978637832009345,0.31982892772446725,-0.015829099836829837,0.03901699404853464,0.1323973665034965,0.08719205120673529,0.2270686656177156,0.21741964692828247,-0.004852609347179485,0.002926018757058502,-0.0019668419463869462,0.0010796929683290033,4.638711484848508e-05,0.00031095702778379946,794.720371539391,5.047171451761685,744.0190600363068,1.8101164151079934,706.8427385662903,2.061800726909268,59,https://example.com/TODO
26,,sleep,5,0.17510680252336444,0.15191877280840044,-0.0038409917226107223,0.02035277418145391,0.07647726974125874,0.05552752866452168,-0.04380889099067599,0.13789994475567335,0.002859997245454545,0.0019661997395198348,-0.0011779060547552434,0.0012297284882757538,0.0008093986717715486,0.0006404886626520265,835.632131155465,4.082190376287837,750.1406793592519,1.6004930501575465,711.0132479488288,2.16414824262859,120,https://example.com/TODO
26,,sleep,6,0.3996859529205607,0.4524774469603224,-0.008204141874592074,0.04750759260821285,0.049011586727272724,0.10838257769795152,0.19903914722610722,0.3304936784478845,0.0029912493911655,0.004930418496773964,-0.000201927272424241,0.0012665167999149074,0.00029611732606060255,0.0006533619704304869,842.5616774858148,6.681525347348885,747.9499386987347,2.5814400128588026,701.4075294552728,3.8989396021367404,124,https://example.com/TODO
25,,rest,1,0.1077387009966419,0.0639286273562002,-0.03432635107672075,0.024746392297037016,0.04337955878111888,0.040115598095822796,-0.14829959286993008,0.09188941904707411,-0.0002481058518881101,0.0009668518007636155,-0.0010701362604895073,0.0005909661595041374,-0.0002155642847902098,0.0002135173164556854,799.7139223501154,4.982326774206645,648.2662409550909,1.8789922509847976,635.8196813841639,2.341815471903253,57,https://example.com/TODO
25,,rest,2,0.10962562150540348,0.0914063553539041,-0.002719168868356641,0.012608927965375492,0.14848574248251747,0.0756301725671945,0.21234091383321677,0.12846733450544673,-0.010250467769930069,0.005641788480268396,-0.0009945263206293702,0.0009630914560115441,0.001899193073776224,0.0010992073481805044,790.9816061879732,5.857013135110353,647.1378644920525,1.7732719267883374,623.3964721014363,1.6789892163216016,50,https://example.com/TODO
25,,sleep,1,0.09566852368224295,0.0949857446491149,-0.034476535627972024,0.017347574688356446,0.19875266095571095,0.07891175222682946,0.1035211626060606,0.0847870006654665,-0.007558645698368291,0.0032155420590818653,-0.0016256230717482507,0.0014319110589962583,-4.5891960862470866e-05,0.0003763339171143977,803.7943779213482,5.393784002541186,648.1304695124752,1.8356805814865569,629.6088942605827,2.159357892701216,114,https://example.com/TODO
25,,sleep,2,0.0878968143774766,0.09807682302946118,-0.1066352406967832,0.027280776055406963,0.1889999412055944,0.037836246053558266,-0.3101118246713287,0.16369606163304326,-0.007423937456876449,0.001878058323501117,-0.0005458993588111877,0.0013679230058693476,-0.0005179971703962536,0.0006074778191105033,810.8104626849882,3.747427319432115,648.1155245040355,1.3422909815607171,630.1917575705297,1.756572203978334,24,https://example.com/TODO
25,,sleep,3,0.0953081782231308,0.07193063228048213,-0.06224197877820513,0.037988352835264194,0.053379296149184144,0.036428791909730626,-0.1036311105990676,0.13975607526382097,0.0006930740005827511,0.0011102089689722,-0.0018662253315920741,0.0013535333947207774,-0.00017847159925407738,0.00041530533927238767,802.8469761410493,3.583247985994468,649.9550839507485,1.4133715321663987,632.9356065738682,1.9763213398013877,62,https://example.com/TODO
25,,sleep,4,0.08394711379668221,0.05165770353255726,0.0024018140254312343,0.011266986746339585,0.048843433517482514,0.032044705331436454,-0.12313728862470862,0.10378073627974013,-0.0003261152502517457,0.0008524658049903044,0.00027911348890442844,0.00022748042874707513,-0.0006994837748088535,0.00040505293695005485,811.7143042051665,4.136916520508246,649.3214373033527,1.3290161073854274,633.5457970043699,1.8016421501577198,95,https://example.com/TODO
25,,sleep,5,0.07997353305904203,0.06601032173894159,-0.07827323952277389,0.02271960284302381,0.0470337116616317,0.03385333721805734,-0.01347271148018648,0.08313835391890809,-0.0008080339491608363,0.0008086163536570786,0.0003859864186013967,0.0004675495755123064,-0.0002665174083216783,0.00020803298661087476,800.8196712852484,4.355173743703139,650.7382842193524,1.3048198540914135,631.845471064502,1.7018664034230278,102,https://example.com/TODO
25,,sleep,6,0.15236583774556073,0.18169630702160317,0.00425034770862471,0.02361043510370194,-0.027848515761072258,0.06228670200268203,-0.03526984491794871,0.10465551463242598,-0.00011521244037296084,0.0014380500231674948,0.0014327567300186478,0.0011604675296248712,-0.0022580684915151474,0.001579410200787637,790.9695656725379,6.73111773396344,648.4723992571054,1.8140574086945767,628.0194818249415,2.7464668496767053,94,https://example.com/TODO
24,,rest,1,0.09481300491929821,0.045547150564335614,-0.08513119556993007,0.0787515545937995,-0.05084740857342657,0.029812739638817184,0.1318028015762238,0.17615804859691978,0.00037339014723776015,0.0005496631153161566,0.0009808822140209693,0.0009586696888352655,-0.00043490732569929794,0.00040516331819766174,741.8027658944446,3.2840033722280264,543.575205271325,0.7713481615939156,537.7209546842673,1.2003236561160946,82,https://example.com/TODO
24,,rest,2,0.11846700512631575,0.12217169689605199,-0.3883902582517482,0.20910931093727203,-0.09171473996853147,0.057830360289532416,-0.0117041109965035,0.09726222638510047,-0.0011198553108391594,0.001406164186273682,0.001929954569370629,0.0020540057603332254,-0.0015983995636363615,0.0015410511036429413,752.4561167888489,3.4854427281638425,545.4138374715134,0.8069332577715401,535.0779697191603,1.3436124457113205,150,https://example.com/TODO
24,,sleep,1,0.11918391621028034,0.22688138757629744,-0.16240474641258743,0.10675941122051005,-0.06778929807249418,0.08873161561573244,-0.10209504056410257,0.28929622030524016,-0.0012098166870629357,0.0009776123301950231,0.00038513240312353916,0.0004996290755265401,-0.002467714692074592,0.0019049994842809629,746.5119084919716,3.431140273340665,543.4874195304304,0.7014265520724976,544.648729244449,1.3258163369800444,122,https://example.com/TODO
24,,sleep,2,0.12065973625443244,0.08755004467557485,-0.1428098809079254,0.05501859605346631,0.16656733012960373,0.06741396914512947,0.6443784572925475,0.3923092712192781,0.0019661105331002333,0.0017168870670871582,0.0013636634958275062,0.0008766900350863911,-0.0023425692557109547,0.0012093995319318886,745.9357077373336,3.7972530275962737,541.6904321624756,0.7984689401815027,543.7423796229447,1.2335411335471336,16,https://example.com/TODO
24,,sleep,3,0.10950192095093456,0.08003656099549168,-0.02916244652097902,0.041414295743762035,-0.035092272983682976,0.03579349094597035,-0.0648437347995338,0.06320431511247565,-0.00010409898042191095,0.0013764771020588502,-0.00020039938041957554,0.0004562542572789766,-0.0002890933269463844,0.0010858845488848669,744.6442838140179,3.3613953815186033,542.3341534941242,0.7217088111439948,544.9132999419321,1.6783827799263262,180,https://example.com/TODO
24,,sleep,4,0.18478092422663547,0.48584609275896334,0.041211479172494174,0.07009421487258,-0.050370160685314684,0.08241830782916928,-0.39630619325174826,0.25272923524509705,-0.005136651174825174,0.00559986220597962,-0.0009870792354079252,0.0021749803677442066,0.004273838605128203,0.0034322194520216886,757.927004377036,3.192453337243087,543.6191278101202,1.1831869295464452,543.7756691205423,1.5836342106126418,148,https://example.com/TODO
24,,sleep,5,0.18781241765046727,0.257210511056456,0.045735111724561774,0.10381397448638714,0.027204013217249415,0.06534361311531288,-0.42228489371235434,0.1976596926615915,0.000754438353379953,0.003676479323643809,0.0013709711234032632,0.002084784007639009,-0.00212997431025641,0.0012561972338016945,748.9935739557918,3.903982748011437,540.1596265601677,0.898484770950737,532.1728938415323,1.2966346702605402,31,https://example.com/TODO
24,,sleep,6,0.3520870016612149,0.8135823779100414,0.06417576900932401,0.1797702414720111,-0.28956007473193474,0.19345001689955385,0.33894124326340325,0.21793362506750627,-0.02218552605128205,0.019251483903246814,0.005591633089510479,0.0027253661132794794,-0.0013018464045104882,0.002859467615020411,747.5190147629501,6.953235733775209,538.7901921820583,1.6602292783087969,539.9842061455608,1.63884352867185,48,https://example.com/TODO
23,,rest,1,0.13419312195999997,0.05953959791812624,0.058232733090909074,0.03184283007875216,0.021385110949650347,0.03255951622301073,0.06160511305594405,0.06134861031859355,0.0003724442792307643,0.0007575108145019953,0.0004562439819580381,0.0005425374747950893,3.9242194720279724e-05,0.0003097729470314876,782.7146341706585,6.050022784272878,625.7723475862513,2.085546373819444,629.5124965756364,3.148490345809356,25,https://example.com/TODO
23,,rest,2,0.17023272779578943,0.23505752914534794,0.019361267618881114,0.02840051319653757,-0.07519020507202796,0.061560483597609274,0.011612802797202797,0.302747985785396,-0.007301819945559436,0.005353308989862084,0.0009384271258041962,0.0015322651721810204,-0.0013699750262237717,0.001109205717567262,730.2236048873822,4.814876088165955,583.2231230248512,1.721304186760008,585.997333936759,2.4473508280364573,53,https://example.com/TODO
23,,sleep,1,0.2820060182476635,0.543436484164211,-0.18363887083916083,0.08239126162524248,0.1738670777156177,0.11618534784722818,-0.04614283754079255,0.27856119734626117,0.016404808636363635,0.007881791729303924,-0.0011741963053146856,0.0026523050761068393,0.0009790852264568765,0.002644266651388781,717.7348545725756,6.52121675651534,581.6285697429969,2.0212460781778985,586.6825140262805,3.5373403235331145,56,https://example.com/TODO
23,,sleep,2,0.1290226859266355,0.04845577199603187,-1.0868459207458251e-05,0.01673376710571839,-0.04437933105827506,0.02282557907165421,-0.01107349544289044,0.05335075717486444,0.002627946715804195,0.0013664082552315767,-0.0006515547161305258,0.0005531301252535776,-0.0002135564035431226,0.00031355901163930203,733.9777731237883,4.239488817088661,586.3985837381774,1.3965085953876515,592.3679379815579,2.002372346456765,244,https://example.com/TODO
23,,sleep,3,0.11903434994577848,0.053798908693515425,0.0009108950976848485,0.0069459471917679965,0.014167485324009323,0.02578682589853882,-0.03860850551515151,0.06874719860485241,0.001019681569813518,0.0007764422007701337,-2.5544837291375293e-05,0.00013410175727727073,4.0168200097902094e-05,0.00010039063631431066,735.0512058931928,3.4458264632094977,586.4666469928281,0.9018185713107245,590.8668529146431,2.090791852017401,205,https://example.com/TODO
23,,sleep,4,0.12023425737383174,0.11385144696758076,-0.021831461414918416,0.01389655582765134,0.065587392002331,0.03249299606972724,-0.01786260027972028,0.11290492089293015,-0.005376505629370627,0.002575279745208864,0.0007663598065268075,0.001325607842481141,-0.0014835460993006986,0.00046984361027927954,727.7180774282554,5.363550117086443,584.9454113930914,1.4561893595227913,591.7426059704047,3.0939605909479306,225,https://example.com/TODO
23,,sleep,5,0.15450614281822428,0.1292829720937403,-0.0016533997832167825,0.019377209337936522,0.046060910247086244,0.04161673228070443,-0.299792451039627,0.2259265757055873,0.0022693319694638693,0.0011563575473744142,0.00030050845447552167,0.0006412404980861867,-0.00017710447356643358,0.0002798455856382577,728.7565352248747,6.089291422200755,582.748273801828,1.8456176942706455,590.5394951814365,3.326677488550798,91,https://example.com/TODO
23,,sleep,6,0.12814918419626165,0.1128351584407518,0.025996420447552446,0.022777787532367873,0.013959368093939396,0.035368119661326115,-0.15675906904079254,0.14131088946088136,-0.0010840720952680655,0.0018649719048634548,0.0010362726876923078,0.0008086319563543677,-0.00019181666111888065,0.0003494713131825557,728.3135122881826,4.93606949469405,579.5274408568587,1.4635815734189594,586.3150034909588,2.9637157662929554,156,https://example.com/TODO
23,,sleep,7,0.14493331976883175,0.10149636256337599,0.02590152051048951,0.01116279457925176,0.013684491011655012,0.026590929456213507,-0.057424542188811184,0.08159414857355497,0.0028946896657342652,0.0011104832713053343,-7.175393045128205e-05,0.00037701397896390776,0.00047442550596736365,0.0003361801752766311,736.0658224930497,5.141841578140104,581.7145248023184,1.712095875657662,589.5560864893889,3.291118741795648,288,https://example.com/TODO
23,,sleep,8,0.13947677534345793,0.15916768885113294,0.0421727331118881,0.031089367941156566,-0.0003441536666666667,0.05475954209531772,-0.4130102084055944,0.4451766542993594,0.0012534327671328658,0.0017622021315013133,-0.0004172746457109548,0.0007330796013659038,0.0005508976185780786,0.0005823626475905031,729.6797012570728,5.15364908474068,580.7969542329614,2.3993829630964942,549.6502033298178,2.776964830073918,162,https://example.com/TODO
22,,rest,1,0.12225828393263154,0.06218256440239211,0.00747192723583916,0.012926480818311485,-0.005165716364685313,0.028166601571423058,-0.3952589898181818,0.20288708096496885,0.008299271720279711,0.004047495437310915,0.0012851520075524475,0.0007335476737801527,-0.0008320280596153821,0.0006558895448216537,937.8769256876573,3.483211783194494,791.2737985078423,1.192729055598285,773.8961850751373,1.8904927747444884,145,https://example.com/TODO
22,,rest,2,0.13330306514807014,0.09353989360440111,0.006905299248951048,0.02099769490477234,-0.009402926019580416,0.0415373464765086,-0.2290023517132867,0.16502762644473623,-0.00141247006034965,0.001906852423104792,-0.0009747437915314668,0.0007920587833817995,0.0001706102265384598,0.000553029680031328,947.1582043577461,4.065383802752923,793.6485480819475,1.5164056191716808,773.7424574877734,2.8039418571244443,82,https://example.com/TODO
22,,sleep,1,0.12437146301123579,0.08619426891442461,0.006246811426869627,0.018325839684868922,0.03602293134216783,0.045456427355780545,0.16975844443286714,0.18364668288154185,-0.007325497098997667,0.006286931195072193,-0.000780350002913751,0.0010282435363815857,0.0005305891344661986,0.0006666652784258834,934.538673816008,4.523120711496964,795.172121936416,1.955082998939525,774.8393768208334,2.9457606170681396,88,https://example.com/TODO
22,,sleep,2,0.14062284516079437,0.15157094428670015,0.0361521414958275,0.05230052953958152,-0.024809637248951046,0.04030683269099157,-0.31745303918181816,0.36775388764155087,0.0031707626836829828,0.0062934782680045065,0.0011232311043589726,0.0010757172008042015,0.00014674592601398835,0.0010956133429022468,948.1506600044125,4.223474993957381,793.9712259164996,1.8053314602497712,776.1595395990034,2.4902855034560676,74,https://example.com/TODO
22,,sleep,3,0.15729384392499995,0.1513111636609265,-0.07518994491841491,0.030709752061623408,-0.06472501220512819,0.054943551068988856,0.29972707907459206,0.2819514259667713,-0.0014050223037296037,0.0032532896440901913,-0.0009712896616715604,0.0009532373078790471,-0.0008940539138927702,0.0008074628028563672,943.6763205374219,5.75655078834739,792.418402712902,2.0867490479934228,776.1684786389693,3.0054894439337065,67,https://example.com/TODO
22,,sleep,4,0.1664726068197663,0.20191899059453886,-0.16563424232650348,0.09148110390329102,0.08981289979020979,0.049935338438045526,0.42871850587412585,0.5317750011684707,-0.004665290997435896,0.006262424922100044,-0.0010410728116550124,0.002443333457970629,-0.002769040785361305,0.0015235495069991758,939.9063592022868,6.142466890077699,794.7097157448711,2.5923347023925856,776.7815496018684,3.027391594504972,47,https://example.com/TODO
22,,sleep,5,0.1237438338416355,0.09136169637309727,0.016393031736107226,0.018036215233859263,0.041001674468531465,0.0260146241125891,-0.06537586465734266,0.10533214435720203,-0.0020350008066200463,0.0016636765928148068,-0.0007811539317995334,0.0006435270160702817,9.399596324242447e-05,0.0003275774780877526,946.3488422184404,4.842512728351665,792.9782477429303,1.884869943101581,773.9567486704606,2.5691222509044453,68,https://example.com/TODO
22,,sleep,6,0.1217109459511682,0.08086362908473059,-0.040751392243589736,0.025247620517791294,0.06455803467389278,0.04443031283843202,-0.176973648993007,0.16682467605106446,0.001463629989277388,0.0018251542964228256,-0.003604626708624708,0.0022077006724508046,-0.0012011024905594402,0.0008477312875189753,942.6600677443882,4.716263973281759,793.5831129923208,1.6693430571535144,777.7178533500299,2.4489318395761215,144,https://example.com/TODO
22,,sleep,7,0.1422172597918224,0.11300707938729694,-0.013099717592074591,0.019768191248041234,0.031162163771794867,0.05326634284676422,0.18399790857808856,0.19223778763268967,-0.00929696963263403,0.007218403522469142,0.0013739379757435899,0.0018103628169108214,-0.0005510047863869413,0.00046754480261008573,940.5285412532963,4.8565949743562555,795.5920297849935,2.0010545570740423,776.9973401892881,3.1087262049316875,68,https://example.com/TODO
22,,sleep,8,0.14512466268878502,0.10765842257124628,-0.023240447771794872,0.020288910140352466,0.010163044566433563,0.053108120507668784,0.46393218202797204,0.14949059728411912,-0.005838798317016309,0.002312771661415804,0.001450452208857807,0.0011390735049892967,-2.0303811701632163e-05,0.00035936038930670604,931.2196511572328,5.914141953291511,793.5783134812202,1.9047208687422748,772.0934792238914,3.845716173209585,76,https://example.com/TODO
21,,rest,1,0.2062858917578947,0.10735352544953158,0.279857361993007,0.12225844818798963,-0.0021552507692307672,0.08346503369672277,0.22550311779720278,0.2052212266450636,0.014613217202447553,0.009455033572834313,-0.002317201703146853,0.0011336409456425879,0.004805174557027971,0.0023868855872823573,878.1493588460871,7.655374141915405,788.4636651701007,1.9154091527299892,743.6109678012637,3.4598901526655537,7,https://example.com/TODO
21,,rest,2,0.24754923641754384,0.20876485433336991,-0.015681893342657342,0.10073509135491687,-0.1293095431363636,0.07455984129952999,-0.457498883986014,0.3001436392724471,0.0057925977758741245,0.004747517709619556,0.0008236339880769238,0.001368943357945675,-0.0014987833646853143,0.0019112314566620515,875.0774273964737,8.924489916912535,798.7707169267647,2.681273843659007,750.5286738683409,2.7679200887604374,37,https://example.com/TODO
20,,rest,1,0.11032197381824559,0.06753631538483924,-0.019352851637762236,0.014172513721684946,-0.017353849317132866,0.031417023207613026,-0.03876902327272727,0.049854992687822154,0.0009945273597902105,0.0016485582796327766,-0.0011806541231118872,0.0008254815208284965,-0.0001459560070839154,0.00031482341262691684,838.5926835443453,4.895390987953109,755.1478620806246,1.9029335819298234,729.3082585223818,3.8012402878227567,159,https://example.com/TODO
20,,rest,2,0.1241194991087719,0.14350399798936447,-0.07876968995804196,0.051542018100133376,-0.07614742723776223,0.07590502981995889,-0.5333380540174825,0.30488635914438844,0.006465535919930069,0.004619344089990177,-0.0003248442989160811,0.0006682479988660634,0.000462438136153843,0.0004474041659580816,833.8396886454804,5.08970857220315,753.884804262558,1.6352504606550815,731.7350059184921,4.194206798419615,72,https://example.com/TODO
20,,sleep,1,0.1570712142990654,0.13598743373414873,-0.10921106074592074,0.018897805567753858,0.439106865967366,0.07033663396784418,0.8177018072261072,0.1815537851090973,-0.005221295905128201,0.0036543910509658365,0.0006055195809696951,0.0008849242355103894,-0.002709687445221445,0.0004026042340837815,837.8754267020536,3.898319739028345,753.5793955821133,1.2751473419462824,724.3903119942249,2.0463715092429946,38,https://example.com/TODO
20,,sleep,2,0.15700551024999995,0.24251862134051266,-0.015940089743589743,0.026749852830077935,0.09262183355011654,0.09050042020581843,0.3844159099300699,0.2764756818262823,-0.003553022231515148,0.0036133510045446298,-0.0013474086431235406,0.0007555766264518786,-0.0011097498408624668,0.0012244635427962245,825.8588911004566,4.171438262784955,754.4266081814021,1.4677613290044673,725.5322318064955,2.15332415739645,30,https://example.com/TODO
20,,sleep,3,0.16731925971516354,0.1155416640511288,0.07391591927738927,0.04826643282438935,0.039778710391608386,0.05835331824488874,-0.008005242850815851,0.10786262761965822,0.003671022614753145,0.0023579470010010126,-0.0022711978751282047,0.001498696191647633,0.0028679618708624703,0.00165563986954776,809.3491784684304,4.922346449315621,754.5804125855333,2.0939056247457444,725.9393750001759,3.5867803766074005,167,https://example.com/TODO
20,,sleep,4,0.2557264653880841,0.5166073706063793,0.012921758424475526,0.05616140640547464,0.09157533314685315,0.11817479044939264,0.5203424677566433,0.38461580982419946,-0.005810458982517481,0.004037903968803742,0.0005520445528648014,0.001495296343712171,0.000543742773445219,0.0010082510809456525,816.7123158878012,6.464075899180169,756.523566999035,3.1924317571566476,723.6890242687928,4.154053518776444,47,https://example.com/TODO
20,,sleep,5,0.3265788763348131,0.48843154066275746,-0.05668992978088577,0.08726420677754802,0.247734552804662,0.2286563556725497,0.7670886498344989,0.763894797159003,-0.0037282833036130524,0.008535816983608243,-0.0027558326569463846,0.0023602636076724627,0.0006366256070326338,0.0013710502032151124,839.8335214636932,6.145767679773466,759.2770576900423,2.5863458569925664,723.0491392486792,3.68400410942647,54,https://example.com/TODO
19,,rest,1,0.29150907337473686,0.17063557121027173,0.4913164707377622,0.3372486097804784,0.09506212203776224,0.052673669364016885,-0.156676880513986,0.16771138670664953,-0.0005825402405594405,0.0014161250895450266,-0.006197785910489509,0.00437931060489597,0.00968988798545454,0.007193000523372121,680.796276801967,6.41681800375725,611.896216284493,1.856944900470459,577.7779591552215,3.1541240678824454,91,https://example.com/TODO
19,,rest,2,0.24240144177964912,0.4185585265249462,-0.14817942448251747,0.2072347922778035,0.19496058003496503,0.1608707302338192,-0.36857834507412585,0.45056395461767296,0.0004625010122377612,0.0029797589976836053,0.0007356371409090902,0.0028698722300444218,-0.002312685988461536,0.0030537625173859763,684.0436973566291,8.429130433231911,612.0649961173622,2.2377273822680492,576.186919806875,2.659577424630338,37,https://example.com/TODO
19,,sleep,1,0.2407604989163551,0.19241942793803585,0.3753125537062937,0.3235983210014966,-0.06495771453706294,0.08172795393980399,0.0967406620979021,0.2990361943248777,0.006711507564102561,0.0051103126705586656,-0.0008574595216783212,0.004405186559306124,0.007057931803752914,0.006913966796959025,687.318792656153,5.666020951756763,610.6590319239581,1.616416610365311,579.8266882688448,3.1502375568934813,72,https://example.com/TODO
19,,sleep,2,0.2750008901320093,0.30397936897940997,0.15213568905594405,0.14191458671484847,-0.16747317524475525,0.07427360330581166,1.2529310986247086,0.6535360434360732,-0.011446142370629372,0.007682495694800037,0.0017546029362121203,0.0030296432586564776,0.0022057422821678326,0.0026504261145417728,675.2819578441234,6.242045796647619,613.2216951178204,2.11749824024544,575.8107809358087,3.6107865721208072,47,https://example.com/TODO
19,,sleep,3,0.2673218357588084,0.3089279351159914,0.24120532199682984,0.39454988603808616,-0.0351667081002331,0.06768373298821295,0.7951091967668997,0.6564535825501147,-0.0007568679908624707,0.0033319194778695014,-0.003956174778921212,0.0046641184818295035,0.0025049344019813513,0.006133500314317911,679.2767916626676,7.546472909011331,613.6985287221918,2.2829278071002466,579.1664992629209,3.96322371793148,33,https://example.com/TODO
19,,sleep,4,0.41891942331775694,0.5299234981059001,-0.16823101954778555,0.23815789092889803,-0.0005997100708624703,0.14266544114783042,-0.4333051490909091,0.45361028876895254,0.01080619079160839,0.009849099070041075,-0.0033476231244755224,0.0031087895742980824,-0.0016276969184848473,0.005192388571757484,676.5608687726533,8.601437426780905,610.9615071726981,3.1105230652377136,581.4785156166373,5.29592218986229,117,https://example.com/TODO
19,,sleep,5,0.49041887780841115,0.6945647896351697,0.4058109577855478,0.33871727024977033,-0.10360326127272727,0.17398740231130141,1.7267438107459208,1.3727757731989094,-0.016655642435897434,0.016123583807741926,0.002503753733706294,0.0037725286381036062,-0.001563688907459207,0.0055093772123022315,683.3612410173369,7.307110106879872,614.3008498437507,4.129873954097175,579.537723002765,3.479123225652632,106,https://example.com/TODO
18,,rest,1,0.13921035681228067,0.1769290693582655,-0.10081584032517482,0.06515393674021679,-0.043163332479020974,0.04992081499636893,0.024534945113986014,0.09738123733251498,0.010539631374534961,0.007718861198429025,-0.0042314880762937025,0.00473420029478218,-0.001304139571678319,0.0010268366777565797,725.5730984468529,4.0581525890544015,608.2199937676613,1.9115682183795273,611.8175675109165,2.6995824975961957,16,https://example.com/TODO
18,,rest,2,0.1051814200701754,0.11005165122130567,-0.09014049526223776,0.09377763105121228,0.015133549506993006,0.03604989315546604,0.3561248092307692,0.2532994826513933,0.004700235514300696,0.0046110818539155645,0.0013024363241258743,0.0012907287649181985,-0.0009353503806992997,0.0013911750561686755,735.0788491297671,3.7266155506982175,613.1615399869659,1.591562524003995,610.5250726245315,2.3530665210756796,20,https://example.com/TODO
18,,sleep,1,0.29386106408878504,0.25413639412610023,0.06288367418414918,0.049934960257830986,0.062363116240792535,0.06866721469056913,-0.18229050103729602,0.26354687618788514,0.0008379373020512823,0.00452039301390632,-0.0008085892812121207,0.0011589429563304819,0.00055860522121212,0.001240071349161809,880.3471901971047,6.316042419067207,753.8126431725915,3.2756830664773364,718.7664381522103,5.33798241064895,116,https://example.com/TODO
18,,sleep,2,0.20467629697570092,0.3712929158853892,-0.07388902409324008,0.03873574291961102,-0.003724786639860139,0.07928210571132632,-0.04766795758694638,0.45507233407493203,0.0012291506041958047,0.005104430544043915,-0.000913881017249416,0.0019161164263618376,-0.0004903940468065259,0.0013426011553087339,878.5054866872547,6.125249351438972,748.7467675153322,3.288294591470959,716.2137543463016,4.440637377219529,139,https://example.com/TODO
18,,sleep,3,0.23779304874948592,0.7411615866401895,0.005460433273869464,0.0865414138250223,0.054617243208391605,0.12827260152726175,-0.4721151783916084,0.5064038658119513,-0.0063880942818181794,0.009970404887745253,-0.0013773078568764564,0.003818162003438114,-0.00114800157156177,0.0022449305144067403,887.9564318651575,6.313787093780513,754.708124248133,3.7789761532634896,716.5725454905777,4.045256787283918,69,https://example.com/TODO
18,,sleep,4,0.24570218929392518,0.4676632810225911,-7.838319860140641e-05,0.0853217510611656,0.054294683552447556,0.12067956833536066,-0.6649385642354312,0.4555062077359109,0.008139009372727274,0.009532730277371686,-0.0041377920649650285,0.004237436164877383,0.0023175377748251742,0.0031272678453159687,887.9666004543182,7.276801126070156,750.0093266553133,3.4008127619589255,714.9074973084519,4.23469939120516,58,https://example.com/TODO
18,,sleep,5,0.20144921658691586,0.35627017349023943,0.024945262226107223,0.05148764639967954,0.0015028817270396283,0.08602449964017002,0.2637478158741259,0.33603355445102334,-0.013601223475920745,0.010629739765811764,-0.002594693389934731,0.002945138419705078,0.00319703217244522,0.002441854656209881,898.7374327606983,4.572093659674936,755.0686836286369,2.476473149642707,717.0767450021664,3.163134533639927,56,https://example.com/TODO
17,,rest,1,0.27183838119087717,0.19172698182277412,0.09403194368181818,0.08117683528420543,0.045571876810489506,0.043410369352445924,0.31313361930069933,0.2237870431913336,-0.00047486161657342554,0.002728240032655902,0.0008631481010489499,0.0008907379109878157,0.0020719202863636365,0.0014225365610166163,737.0011822692011,5.744197405697514,688.3431678328195,2.2249186209306155,667.0691426037835,3.064146260323672,19,https://example.com/TODO
17,,rest,2,0.20653737124070173,0.10368144676353919,0.016320867976923073,0.033284268521006063,0.017693867744755242,0.03985144783132048,-0.006286964639860139,0.1975655955677817,0.0029396510349650315,0.003467821819584261,-0.0010153647335664337,0.0009879814868504185,0.0009483570700349626,0.0008400879583283391,733.3975963616236,4.717031833061559,687.4224687936254,1.294497430295382,665.8270292662589,1.6721647678205078,47,https://example.com/TODO
17,,sleep,1,0.25825174676214946,0.3052450943922969,-0.010790271293939393,0.01834791828761217,0.2477690993006993,0.04824108284623124,2.3764814114219113,0.5930881935716389,-0.03928158510489511,0.007110598122271528,0.007342226967435884,0.0027009202705291567,-0.00012305223790209534,0.0006135406380449578,748.3550707494343,6.231501888982777,687.9494698290131,2.3922650186513135,659.0451041011545,2.7557478601025314,17,https://example.com/TODO
17,,sleep,2,0.26143901158317756,0.31616973230891693,0.3144485817792541,0.28822063819758403,0.037194539417016316,0.0689003780835764,0.17580310857808856,0.5693598433675278,-0.002902773150116548,0.00920647214335203,-0.0032279391922377626,0.003899824097443976,0.006693119301631697,0.005970213573184332,751.1894342889751,4.406522343343219,692.0931444942476,2.182672000539613,666.6822971109256,2.1909826171295905,64,https://example.com/TODO
17,,sleep,3,0.2882684021308411,0.4637376547082885,0.14420036427738928,0.1920188570684253,0.12222998125874127,0.05631421392719481,0.13349655134731933,0.32454934650032186,-0.0003469603420279681,0.006283917470647983,-0.0007558204968764559,0.0017595449291695276,0.0021357996132167815,0.0028262508349891705,751.8431475815436,5.707661795212944,694.787883579369,1.8651864369274176,669.6928366556868,2.17766660456401,42,https://example.com/TODO
17,,sleep,4,0.417172323488785,0.7233365410029036,0.11215101785920746,0.18536334401674365,0.21022602325874123,0.12638454934598925,0.4803730111888112,0.6658939031666823,0.0014988471530303028,0.012804074184950677,-0.0036003415064102553,0.00291551897486503,0.0077549894587412545,0.006746234909802764,746.6802603315443,7.614093818047154,704.5658644413387,2.461607104713262,676.3163638198445,3.4029302774229024,52,https://example.com/TODO
17,,sleep,5,0.39469048545186913,0.7124645960393503,-0.040872381109557106,0.16118896333142374,0.05092128048484848,0.09900957264178531,-0.7526078675990676,0.5470523528670806,-0.00023782415016783192,0.009647920741944975,0.004379664127039626,0.006520950044748044,0.0068706226680932386,0.012424291727473998,750.0392771935082,6.742473622099923,699.6006843366924,2.3036253799378494,674.9675568337883,3.878265824794351,52,https://example.com/TODO
17,,sleep,6,0.3437567807834112,0.6009645499955715,-0.04547081260372961,0.07659820418225859,-0.03459593942657343,0.16642728872464,-0.2671967552960373,0.7228298532687505,-0.0028501536944055945,0.01005130971775429,-0.003612083810955709,0.003233106189349553,0.0006754644610093242,0.0012122375416211335,756.2110109102667,5.3547212286364605,713.3884641574277,2.4752893033008285,677.907438845228,2.6940433412337756,59,https://example.com/TODO
17,,sleep,7,0.562559351317757,1.0440204933253356,-0.14102091572261072,0.1517780243157742,0.09042591931002332,0.17130361400117294,-1.1102261283030304,1.2091088602722235,-0.0014358825156643345,0.013553552572408345,0.0008538473554778559,0.0044814466200307195,0.0004665166420279718,0.002435486037573453,755.9471981392624,8.383688227471872,693.2838049357385,4.435930317777354,670.5370613615169,4.5021621433937895,95,https://example.com/TODO
16,,rest,1,0.44264207660701754,0.7054837307265773,-0.44169827562937064,0.1792914977322852,0.23375615094405597,0.1492548285197857,1.6733137695454545,0.7977283928480854,-0.02692821123986014,0.013264019570002157,-0.0017556117218531452,0.0030851845023121454,-0.0296803518293007,0.01189836022791603,776.2319627655173,5.303223097985045,685.8489044126006,3.560026123792328,674.6780139634676,3.611824328098772,64,https://example.com/TODO
16,,rest,2,0.23980124420350873,0.13785649572967004,-0.04088098930769231,0.05359948229055645,0.0631673205979021,0.17664129367014475,0.31236954206293704,0.3980829600638267,0.0010334359769230772,0.00368821696135262,-0.0025246387038461524,0.0023712739566720234,-0.0026247133034965025,0.001515708782811938,792.7136802278278,5.519284981043031,686.3458009855522,1.865629240728069,674.2048862503548,2.724066094281769,18,https://example.com/TODO
16,,sleep,1,0.4595213759906542,0.7829781081784538,-0.3444339882261072,0.22554412965033943,-0.7790514340303031,0.4912191723328933,-0.29362348190909093,0.3276108526546673,-0.02930058124941725,0.020003042275476172,-0.0127579569818648,0.009682930208425101,-0.020390311328321677,0.010732916514088498,786.558875607661,7.279885446250042,689.1510545937389,2.9185869822819592,672.0439306109041,3.5138377620707577,83,https://example.com/TODO
16,,sleep,2,0.2569737346448598,0.27050041481351705,-0.003983429899766898,0.05781049067212126,0.20002543442657342,0.16601779016153032,0.1962163604009324,0.319473492900336,0.0015225343918414912,0.004759622032165792,-0.0026993263937296003,0.0024585693728842346,-0.0002366423553613035,0.0019270312723878784,791.8366765777188,6.116207196273139,698.6299556293753,2.3905211486492504,674.3257971791899,3.385973167736645,52,https://example.com/TODO
16,,sleep,3,0.24546734564158879,0.1291766049438557,0.013334913286713287,0.03407157355199262,-0.0958133943962704,0.10818240624395145,-0.2668549635869464,0.3146096409928641,3.95981889277401e-05,0.0018431313814368216,0.0031627718815214444,0.0021785885164790526,0.0029064544137762226,0.0024217741996717555,796.9270370719498,7.134690592180144,697.0379078479673,2.138211701846321,673.1340217111438,3.1981237558983358,42,https://example.com/TODO
16,,sleep,4,0.2424243658168224,0.13333251428096765,-0.01570851649231468,0.05009307081000886,-0.09382589128671329,0.09002865916636547,-0.23332749664335664,0.28539758635140444,-0.00017700479340326342,0.0029202686132224496,-0.001693968038997669,0.00183957424318433,-0.0007648168240093221,0.0017614078840281567,781.3860218792547,7.35714390890078,693.9668554768725,2.1634350742193362,668.0234092432256,3.273605689098328,69,https://example.com/TODO
16,,sleep,5,0.279099981588785,0.21011093313698884,0.06777548764801865,0.040670640677518424,0.11684061275990675,0.0991392656437352,0.18250062754312354,0.18141317436508667,-0.0074727868219114195,0.00484463231765588,-0.0006725769207925398,0.0011946834866061447,0.004528874840792539,0.002063363547897409,793.6002673101784,5.612224312766918,685.6311506950728,2.1911637818707943,666.2031065938545,2.6413774555987874,144,https://example.com/TODO
16,,sleep,6,0.291514807495,0.17118390578978027,-0.0021385941082284346,0.04667562666483354,-0.015193150135198135,0.08548589386185061,0.012844684836829837,0.14108710699420957,0.003182828118438227,0.0029839789532964786,-6.393660291375338e-05,0.0028955300293058016,-0.0009420892475524503,0.0017303482782376188,778.642638458568,6.712357047360422,690.1613483277239,2.0648921968335414,665.2878972293843,2.822061505914815,133,https://example.com/TODO
16,,sleep,7,0.3563754243310748,0.32364845699354994,-0.14023846806689977,0.09065447240281826,-0.010322418565268065,0.21035441566636018,0.4216894574219114,1.1057799066632732,0.0001711939361305368,0.005714977228430418,-0.0021838972166806506,0.0032681903331124034,-0.00463735736404895,0.0039036372023019566,765.0272677821164,11.628890808431994,685.510922773816,6.604750454093705,673.674915943771,5.346388113158779,120,https://example.com/TODO
16,,sleep,8,0.28484755696992986,0.1559137946923532,0.04433153941149184,0.03929416829667753,-0.02076271364335664,0.09610672054181969,-0.06346617922610723,0.2291904251004478,0.001258084877412587,0.002136654770476612,0.0019089311582284366,0.002685374019075659,-0.001606390255501165,0.0016106786255116728,780.8338066085162,13.705011627134038,689.4385003966393,9.443336518074947,663.8483953107851,7.469348760759638,92,https://example.com/TODO
15,,rest,1,0.17037999299298243,0.11457066792439514,0.0399738408006993,0.04834825456034687,0.1020219939090909,0.05491252403234301,0.2956943748951049,0.24386120871851633,-0.004757706887062929,0.003432694602547996,-0.0021174058989510487,0.0016956187462256994,0.0007410894971188783,0.0007604165340305919,835.2732066128951,5.025447299646098,642.8537763494728,1.458197111433724,666.1470526625519,3.1718332282047084,6,https://example.com/TODO
15,,rest,2,0.18132145216557893,0.11524736662488748,-0.08859565520395105,0.04932510226148761,-0.03375089157517482,0.05403698909540612,0.29118320094895106,0.3447765415494605,-0.008578248742307686,0.006407767146340378,-0.0039049118181818166,0.0023139929353901034,0.00027881413034965035,0.0008736334957082842,819.6795902343916,4.86533458840542,635.307891953207,0.9768555539434367,655.4476722001247,2.644308197708679,139,https://example.com/TODO
15,,sleep,1,0.3279862263196261,0.3220357892467785,-0.8440232167319347,0.6066475271805969,0.1383607861934732,0.0873754536713411,0.08695308015058276,0.14605581138591225,0.008337601616876453,0.005483627417414454,0.013908525302564102,0.011612246381871779,-0.014261603710442888,0.010480694670179565,806.717664921085,9.383835050518258,639.6247230090454,1.3758090403508008,655.603569879482,2.8044084284311803,74,https://example.com/TODO
15,,sleep,2,0.2939151956775701,0.2000825342277554,0.23566114834265733,0.16959782593808698,0.14509481834498833,0.08472242010862308,0.5372127184149184,0.24474769095926865,-0.0007417194596736587,0.0073439570974115995,-0.012085766130769225,0.005580490764233457,0.00687842993403263,0.0037203231085238295,821.2088875041194,7.993645897762534,638.2366551345715,1.6963149742642485,653.569563160292,3.699815938235562,40,https://example.com/TODO
15,,sleep,3,0.20436624487149532,0.22287486867337694,-0.04507649668997668,0.12068325646583393,0.0018647007575757573,0.049676243604594855,0.8926852173426574,0.5149033659309171,-0.011177253934032634,0.008001656431866035,0.0023229360427738923,0.005050940756075128,0.0011995517923076937,0.002641787261111861,824.976889645654,5.282049563363125,644.3332379195933,2.2179735991243716,657.6293896704082,3.462587205444655,20,https://example.com/TODO
15,,sleep,4,0.16199715311378504,0.09013632763757003,-0.05119160938927737,0.03458043131361792,-0.017114266827272726,0.03247763275714487,-0.039598591976689974,0.04491903185244538,0.0003183700384265734,0.0009527443320730394,-0.003785364106060606,0.0021448052326194997,-0.0009689272810023269,0.0007817482323793132,847.6430209538036,4.589132637709414,650.1658482676769,1.2226513441386677,669.1220022406893,3.2754388759549906,269,https://example.com/TODO
15,,sleep,5,0.1959516157714953,0.11602154523857296,-0.0525430771095571,0.02978596328810167,0.03288760082074592,0.03608030594571613,-0.08729146944055943,0.10810082365169406,0.001545579008158504,0.0016978691190726416,0.0013432792969696977,0.0019168140592440664,-0.0006889164068065206,0.00043244311371352966,841.9598665814622,4.886392966624392,649.9400545694944,1.4123946785911017,666.756269623669,3.14455664512569,144,https://example.com/TODO
15,,sleep,6,0.19742215669158877,0.2884681856338197,-0.11034231832167832,0.07221906497099151,0.021131183881118877,0.05150007869318557,0.2931321733193473,0.4707962250192124,-0.003734270711351979,0.004215977063855408,0.0005095980514219179,0.0024141869100057197,-0.0017419939233100218,0.001198358451611231,832.6777784789551,5.074183842887338,649.1424236497865,1.6352343014097734,663.532579566511,3.2994913438285565,59,https://example.com/TODO
14,,rest,1,0.29040926351578944,0.2772146950108614,0.004198771024475525,0.03927016614976771,0.36904151748251746,0.1444971366602473,-0.4505423634265734,0.37557234351887064,-0.016937862437062936,0.009957122875052024,0.00016434339405594546,0.0017345028178976987,2.1690249650321633e-06,0.0012695824188576658,674.1404401821284,7.090782989032907,557.2095436321893,1.6700606489457162,568.0928027051198,1.9469917350425974,61,https://example.com/TODO
14,,rest,2,0.3599578336701754,0.3421314684012029,-0.028575336876923072,0.06174037937620517,-0.013064128311188816,0.10937228937477353,0.5609643234265734,0.33602967469538675,0.0001525245545454535,0.002030525258954967,0.0022162074412587387,0.0022489988152823823,-0.0014398121846153846,0.0014902599616862936,646.4658178918393,12.601562275705374,553.6799100007914,5.933576684145228,563.9252412585224,5.394038456130009,67,https://example.com/TODO
14,,sleep,1,0.36588281123766353,0.48289276375221685,0.02091776887878788,0.11292526209061514,0.030248101049277387,0.13233357157502296,0.3846450058508159,0.8679073498047017,-0.009237212761538457,0.007996506526056777,0.0017534716310023302,0.0020513160430020902,0.0012705059869230746,0.0029828832602367353,651.6430056930137,9.255991415166912,550.4613676714251,7.676962869076409,559.27462709115,6.470891679065031,94,https://example.com/TODO
14,,sleep,2,0.38255400679906537,0.39906209888784666,0.04798976972261072,0.05168453922639522,-0.26692363002331004,0.1242643444617767,-1.3468274356223775,0.6779429035732593,0.008233096637995332,0.006615148466322879,0.008446321275058271,0.005470756590604031,0.0011860034343729594,0.0012923443840412786,651.9946476730045,10.812456701893145,547.9626122463626,4.8383713773887225,562.9578268451762,5.904894206945285,105,https://example.com/TODO
14,,sleep,3,0.2683745414112149,0.24746058915563768,0.08310167058275059,0.060282198153856464,0.2760155888111888,0.06552703551445775,0.8666178442890443,0.1639241779994601,-0.022611694405594407,0.004413097121172271,0.0017921469877622363,0.001933951482177346,-0.0009230033089976681,0.001095761552679922,659.4842590546979,3.6519914114434453,550.5315670132452,1.3950149362454773,562.1556516431273,1.4616286417978852,79,https://example.com/TODO
14,,sleep,4,0.46018810803644855,0.6905819498377608,-0.1003342167951049,0.0960987374260185,0.045344413052214455,0.18179282434597857,0.6499626607226108,0.532082388695559,0.01612113791048951,0.009516993209899943,0.004780352219114217,0.004006765211648372,-0.0007520472134498837,0.0026004812243582104,657.0192203514996,13.521912396623124,554.9635863759444,5.94678078752442,563.1068131760272,5.7635721166747835,106,https://example.com/TODO
14,,sleep,5,0.39797757809813084,0.5256380595865863,-0.108564406006993,0.10716729277902848,0.1349367304195804,0.18352884356338503,0.42560949545454546,0.7419417696732582,-0.0054703160603729595,0.008382699108548386,-0.000987750458508158,0.0035754242861456235,-0.0018412659937062925,0.0027234703700067422,659.4903116988951,12.27716024032646,556.7977876770585,5.639008607791412,563.6520458096097,5.46167359788429,118,https://example.com/TODO
14,,sleep,6,0.43924385028971963,0.537139873814199,0.14032269630303032,0.14334778801769685,-0.17192313192307693,0.18279813118282714,-1.0758175292540793,0.7731992025671267,0.01670966962797203,0.010983475387928333,-0.0013108715039627037,0.002290408894477028,0.0034441469039627015,0.003061901833248385,653.9922036760179,8.446986110358045,551.6844478703138,3.980841881997198,562.8673983593201,4.201843536423308,122,https://example.com/TODO
14,,sleep,7,0.4038554345088785,0.5163024332990134,-0.09011648853146853,0.0686646449390989,0.06256907421934732,0.12064676927463706,-0.4507300349580419,0.4789548808168579,-0.0010586731573426576,0.007738062444866807,-0.0006848719550116546,0.002188647237622105,0.0015161571107226094,0.0015735755123743984,664.4848271809317,9.291653521999251,553.2173714646939,4.004760759235654,560.6340411258948,3.682501730357643,135,https://example.com/TODO
13,,rest,1,0.2931100588526316,0.20606615273056172,-0.18130506307692307,0.14683886251695769,0.08973496958391608,0.07856095659762471,0.3203410765034965,0.24804616634634163,0.002284049382307691,0.0054032632713162465,-0.0010154159741258752,0.0020834885565814993,-0.003923942053601393,0.0028927221877780886,836.945784041129,5.139760100108537,731.3505406657409,2.032856212471963,705.2144564749794,3.085582197059523,44,https://example.com/TODO
13,,rest,2,0.18380006792140346,0.11596955930570156,0.00975471618321678,0.015027806476239455,-0.0004016773391608394,0.06372636503008994,-0.3202871515734266,0.27643231802356816,0.00568191789716783,0.005478908479131011,-0.0035782460695804146,0.0026643296259231146,-0.000304254265734264,0.0004559432379776038,846.9809414153856,7.059385788882493,732.4795562645944,1.7506359537550666,703.9355673903971,1.9462020826246396,51,https://example.com/TODO
13,,sleep,1,0.3309072693691589,0.4843659298954644,0.09508606554079253,0.10944089795938892,0.17346707612121212,0.2211078905943701,-0.11257183403263403,0.36473471211236197,0.019880716327272722,0.02141861148787764,0.00222009238955711,0.0026707836770915355,0.0023650438020979023,0.0017724770835116,869.9955225197104,7.382512763985714,773.5964633679193,2.7108399900240268,738.9034364252152,3.836704276970899,62,https://example.com/TODO
13,,sleep,2,0.3900370043925233,0.5624408558854914,-0.07219509392540792,0.0646177359409817,0.372100113053613,0.15721393855059992,1.0095519675990676,0.4468625336026069,-0.017759181375291377,0.010028307828214544,0.0027553312281724945,0.0022114162226465903,-0.0020092155312354306,0.0015952442029108292,829.2429316382995,6.936255129930521,723.9296953066943,2.4536651102265075,693.8113445414226,3.203044776268398,89,https://example.com/TODO
13,,sleep,3,1.0555185328425232,2.623788364998972,1.2404720990986013,1.2441803217359844,-0.012888463165501166,0.9213713304272488,1.6600679476689977,2.168605443769844,-0.00884913163170163,0.03433763574384073,-0.01117598756060606,0.012369329177351483,-0.015838751704125874,0.019681534032006565,820.2104189343702,11.609801799347876,727.7680239342969,6.747158708035303,693.7211920357532,4.354479284545002,134,https://example.com/TODO
13,,sleep,4,0.7800777033177569,1.1905163425997052,0.32699594730536136,0.32781811435746017,0.26850899511188814,0.24122490758019058,-3.016464951048951,0.9787574702548038,0.0024629400331002333,0.017837091054459162,0.0013730668648018604,0.007338202418972794,0.000961489526666667,0.004773022938468466,807.1584358892367,9.719093412994075,727.9024906794089,3.7259799880509297,694.7597883670237,3.8275968286042126,153,https://example.com/TODO
12,,rest,1,0.12123833839684207,0.10288518605850451,-0.0017016600888111902,0.011745455832186764,0.032746154321678315,0.04260343812460447,0.17119204713286712,0.1251560703960847,0.0031747173122377613,0.0024568694663356086,0.00022801146381118845,0.00027775686970318186,0.0007303806758391577,0.0004854116472938206,842.4529265454779,5.098752682300568,735.376956857417,1.2841991407564703,707.8587467640804,2.643716731330263,47,https://example.com/TODO
12,,rest,2,0.1142465559438596,0.0965684902930356,-0.08254127323776222,0.05000810586472648,-0.056166659272727265,0.0325922983362501,-0.6322540036713287,0.3628934572814653,0.013142012982517484,0.008042148953441276,-0.005485511545454535,0.003026035673260456,0.00037090507552447517,0.0006740239901217094,851.5901744697393,3.5781098087315337,750.8173202498142,1.8132731964401443,718.8117459007348,2.606015225037232,188,https://example.com/TODO
12,,sleep,1,0.16848389298130836,0.17123974701370262,0.2292158133822844,0.11149873968076417,0.1264421428181818,0.09021514438837015,-1.234478063170163,0.49433793463973946,0.026707448447552448,0.01128067624060385,0.003366078674918414,0.0024696329551156704,0.004211451884848484,0.002196201305386944,850.4083185601784,5.383865947283657,755.5209859369542,2.5890038262730077,727.3304855436571,4.270512477389956,286,https://example.com/TODO
12,,sleep,2,0.2292102720274766,0.47823295394089965,0.21708964497615382,0.2580861126789901,0.07261248039370628,0.0989762733637303,0.38494898652331,0.7713620909694436,-0.01071890364951049,0.01675674255136567,0.004673983556643355,0.006796435959572478,-8.391694027505315e-05,0.0007187203578584313,857.8346941441465,7.395164167175022,756.1731323154097,3.499642664317687,721.5984031463526,6.235745579391589,129,https://example.com/TODO
12,,sleep,3,0.19067145952009343,0.2715251052311436,0.04299385682470862,0.04099766885636774,0.03820976096736597,0.061107267725856645,-0.2983515394172494,0.58955177895451,0.005301351955944049,0.009991221914722525,0.004028831612121209,0.002039774840557033,-0.0004361721777156165,0.0008474003325960911,859.9068886106274,4.377028664428329,760.3433159756663,2.1384459332445154,718.2785039771682,4.018376068263604,134,https://example.com/TODO
11,,rest,1,0.08430748906035085,0.07440297191846293,0.061128804580069925,0.02492154293597027,0.045857828621678316,0.024099904132908974,-0.03508125075174825,0.0766314524717151,-0.0009180366895454513,0.000962218811485106,-0.0011721776576923053,0.000670956575779904,0.0012808803468531463,0.0007932797678579224,803.528988284404,3.8836678919490364,637.3031962248475,1.0358785792243488,639.3904088749388,2.69056846585026,129,https://example.com/TODO
11,,rest,2,0.09171614525999998,0.034069256736930946,0.07274341475174824,0.03680364719806932,0.0637893958090909,0.036779584656420825,-0.07017370356643356,0.0571570414592456,0.00020950387006992902,0.0005375050831599652,-0.0028115473646853147,0.0015279224176677987,0.0022844122852797187,0.001108736997251273,807.6177170061715,4.130351179295979,638.5686562410123,1.2085024642113944,640.7048336152902,2.70906604891785,220,https://example.com/TODO
11,,sleep,1,0.10850508925467287,0.0971393182674771,0.007798727759906756,0.04247053582251383,0.010555848165501166,0.03216508943358996,-0.04430437289044289,0.2306862169506601,0.0010063178382284368,0.0008665209068505893,-0.000570377273193472,0.0005860825353557383,0.0004546893910722611,0.00039454497713535146,809.8387216508869,3.0567857006528785,637.4968201248241,0.8604148622857475,641.7064063659907,2.268248500720972,95,https://example.com/TODO
11,,sleep,2,0.16076300470093455,0.22564649279992363,0.14262996005361303,0.08284516426059747,0.05203859531468531,0.03916186752001403,1.1835904802307693,0.6139128549471097,-0.005388992437762234,0.002577025427775816,0.0011846779740559443,0.001313523955131792,0.002313906852913752,0.0014106788509521946,811.3134457504292,4.553576128804763,640.487679514743,1.778196436411455,618.7507366611377,2.1442915910442304,111,https://example.com/TODO
11,,sleep,3,0.13642995315278036,0.23538173710417754,0.03845672839158508,0.024837918146350158,0.025728967788111887,0.046185758374013966,0.21424937734965036,0.2707823253068971,-0.002384219723310023,0.00284341910269142,0.0006424315042191144,0.0009984274974209181,0.0011592204580885763,0.0006756202262690332,820.8226031886377,4.546187040758662,644.6882981108328,1.3352335380891962,641.0979639585225,3.5883499153301703,67,https://example.com/TODO
11,,sleep,4,0.18717889967757004,0.26492618762450676,0.06832241648694638,0.06402493611388163,0.022797385431235433,0.05905740987291735,0.5066992230722611,0.5174638940838071,0.0012583559823659675,0.00287054244877777,0.0004565166716783203,0.0010501726713472877,-0.0011857715079020964,0.003232606259830156,826.680951831618,6.0172251027009205,643.6676724324375,1.508449624068851,640.203427331928,2.6836304407756706,46,https://example.com/TODO
11,,sleep,5,0.20521897166121492,0.24800646817965563,0.026993953955710952,0.04896558073222494,0.09034157436853146,0.05900516214243504,0.5975599561002332,0.3654329007052195,-0.007132972444755243,0.004153809980935497,0.000764184785897434,0.0012227452176663152,0.0014587690209603714,0.001074384507615265,816.490780092353,5.532223978532953,645.9128127206587,1.6420327292094723,639.596420783278,2.793548628659301,66,https://example.com/TODO
11,,sleep,6,0.2758943526892523,0.3855584308720869,0.11626722617249417,0.0681752500655937,0.0913124874055944,0.0782756979899537,-0.29375052808857804,0.3482979781240948,0.006796600071095564,0.005062463645075001,-0.0042801155524475505,0.002283902288414573,0.001302304507575757,0.0016394286783724319,828.174173336338,6.447985947614536,646.3038884891441,1.9430634862350613,639.77004926184,3.8903723251845945,113,https://example.com/TODO
10,,rest,1,0.18740166335298244,0.0895303757841174,0.004941553994055943,0.01844609244011895,0.07087943515384615,0.07373361930046425,-0.04297386402097902,0.05159511610528058,-0.005276330492412588,0.005380944663319446,-0.0011543522651048944,0.0006907424367452353,-0.00042233512444055804,0.0007003080846410076,794.2161030919693,7.298526937701286,713.7575027982032,1.7015637239929864,691.8889417086132,2.5286958701672324,84,https://example.com/TODO
10,,rest,2,0.19289879403157895,0.11950763054943606,0.03308001153496503,0.03132013642771247,0.10460334587412587,0.0615200791587474,0.05064036283216782,0.07261472915063817,-0.0012975504814685315,0.001573871146959742,0.0012311948033216728,0.0009399965608244907,-0.0009375638082517464,0.0007377514831301481,821.7343534545143,4.786029233206905,714.855590969983,1.2412806037211699,687.4812589967247,1.9089218965056298,93,https://example.com/TODO
10,,sleep,1,0.2029082084169626,0.14706341003636939,0.05446782156090909,0.04192029754222305,0.05742997548717948,0.0840223434753489,0.010874921421911422,0.07321956757041155,0.0003821171843589732,0.0017490759780004847,-0.0004657610875058296,0.0016280843931779558,0.0015836012737062927,0.0016961014451183118,810.6165909858945,8.123136406984878,716.2760956092623,1.4595340270685486,700.2831163335231,2.7501797287047816,157,https://example.com/TODO
10,,sleep,2,0.20062898304088786,0.0849151710807766,-0.03928618127272727,0.029676541240930724,0.05056265915687645,0.04478100141397974,-0.008917344567365969,0.08657071686363561,0.0002776295856410235,0.0009680213741689412,-0.0018843017477855476,0.0014769223317863797,0.0003428159534265711,0.0005330842670524705,811.2771601301604,6.305500700245201,715.4918421355218,1.3423429611506743,698.3072729232566,2.142437924576759,127,https://example.com/TODO
10,,sleep,3,0.1866076266245327,0.11462393863904258,-0.0953872832167832,0.0578104069495732,0.02063460555710955,0.049486706240580915,-0.10986837477855477,0.07641741215540182,-0.002850532241724942,0.0015836276855445027,-8.240778741958041e-05,0.0009840873774250825,2.5229066037295805e-05,0.0005491626035944051,806.8500181723579,7.532854590847911,716.5704928048023,1.3839087991972896,701.2397679065734,2.3723428576175882,96,https://example.com/TODO
10,,sleep,4,0.2045267570008411,0.16762626164650438,0.052462971244708625,0.04249213076769695,0.0027732171190209772,0.07812916498293425,0.0189030416013986,0.1595548145910532,-0.00019120858065268113,0.0026261737312545685,-0.0012741080856410235,0.000878653060531318,0.0010268939758275046,0.001096061412811292,804.3902281873965,7.8949233869572435,714.9701255914945,1.5485701655633515,697.7419452285858,2.514888321234238,90,https://example.com/TODO
10,,sleep,5,0.20721394448130837,0.21262370173121406,-0.0010280254638694649,0.06069723593486284,0.05976195052913753,0.09400458315326908,0.29940604773892776,0.23570722999207266,3.844956923076924e-05,0.0031356845250797663,0.005250938019580416,0.0032829780047899902,-0.005167017531002323,0.0036904312986745283,797.1093728036357,8.855542232961094,714.7514939915668,1.656620444942186,698.128377101875,2.658445405964221,49,https://example.com/TODO
10,,sleep,6,0.30472091540186913,0.39344301539919324,0.15771385995874126,0.10713102751961656,0.16564167911421912,0.12791414026069295,0.18788633943123542,0.2973774238404903,0.008114102033006991,0.008831602881129634,-0.008536263344335658,0.004355831495001561,0.008731217906759901,0.004396126233325939,782.2079507342681,13.289062524412076,707.221905847573,3.501752647854362,686.4472415336934,3.293670501686373,57,https://example.com/TODO
09,,rest,1,0.1502684546596491,0.25931113703862835,0.037924375069930065,0.03874826634499553,0.049333861061538455,0.07043227136785536,0.4312267492167832,0.2158446473637606,0.0283795536013986,0.014707790034641071,0.006389182978321674,0.0046411020961729344,0.00034952316013985837,0.0005469254291561081,814.3730063470678,4.698538283276924,709.96671753833,1.8527536751559108,696.0710643641894,3.8869137838013095,21,https://example.com/TODO
09,,rest,2,0.6996624024631579,2.8237439043163737,1.2752272288811188,0.9260029709735785,0.05706887090909091,0.5599008306866643,3.1807887562587416,2.2303084268398177,0.07086798622377621,0.040902863210535746,-0.02788999052874126,0.035591575964092334,0.04340688246048951,0.10857525149595643,835.9221046763632,7.676941505449101,724.1386104529591,6.281974850635808,683.242960501961,10.727978788466979,25,https://example.com/TODO
09,,sleep,1,0.8268585856025233,3.1506546476480697,-0.309746115006993,1.3437052620599839,-1.0241338862237763,0.8803553990020772,2.463117375871795,2.002464668297026,-0.014487169424291842,0.02310351204649534,0.027860290609557112,0.041656284628059516,-0.1331723536097902,0.11638438307957376,854.842113319545,10.506631017540721,733.3221592245288,5.403080380453012,690.933537757373,4.841162662301504,47,https://example.com/TODO
09,,sleep,2,0.09951719620327101,0.07668405783905877,0.052263853696969696,0.08160508201641255,0.1008009213006993,0.06469017407677936,-0.13115115557109558,0.07440693098401752,0.0006680479189743563,0.000852222991732559,-0.0012808902037296033,0.0014233341246776467,0.0008039885988111837,0.0010733494476403067,862.9224231001583,3.0852510480557305,739.3806204922547,1.4516623914804494,706.5320495181047,3.4454720213814776,192,https://example.com/TODO
09,,sleep,3,0.1033537540236682,0.039235154110329816,0.008418508094382283,0.05061248921662698,0.0490870390474592,0.03919502008144351,-0.07939046014405594,0.09838813847280839,0.0006899764435664301,0.0005155882960407171,-0.00030070323713286617,0.0005734852850985167,1.5948659766899066e-05,0.0003431576331791382,863.7582319088244,4.904193891517821,739.4631044520366,1.6035514398380641,704.8074873631573,4.232225183094406,201,https://example.com/TODO
09,,sleep,4,0.11571998590654202,0.10570339339060834,0.2650261308228438,0.12482537261681943,0.07204141386946386,0.05287150629695269,-0.11958011712354312,0.11768738864575744,-0.000735663566526801,0.0005367529924416251,-0.0036565007554778556,0.0012959222448113256,0.0030433508265734262,0.0016412431589646211,842.8506724586148,4.344298239679154,734.6180743298717,1.5489039042826342,701.3465171420531,3.211384657891139,265,https://example.com/TODO
09,,sleep,5,0.1100890174813084,0.04578618850078489,0.07152276074592075,0.053110010655290654,0.022677181423076922,0.028864971535833454,-0.06259788246386946,0.08761344780833565,-0.00037932771191141865,0.00045678696847550887,0.0006286843709323999,0.0006076631892319781,0.0006716918690209779,0.0005402655262577292,850.2918554584992,4.03062951036059,738.3129403218138,1.4561104206053532,698.0763666831177,4.222981855515771,142,https://example.com/TODO
09,,sleep,6,0.1864952450934579,0.45094691975458834,0.3260879461305361,0.3628274546641324,-0.15201932356643355,0.1325571572431445,0.22173205303030305,0.31901108297539643,-0.004389309517482516,0.0023614212073589974,-0.0007687619135198109,0.0066575984044539745,0.009001724921212127,0.008088090705360478,823.6151112458322,4.617977898312629,729.1586685168116,1.4405252339835803,698.8334989160664,2.9932800002518993,120,https://example.com/TODO
08,,rest,1,0.1284962237964912,0.05055966800640445,0.019615242657622378,0.019203629546637825,-0.04164957151048951,0.049178248073428264,-0.10664301681818181,0.059826891907732604,0.001147209246153844,0.0009325140858895939,0.000990666003321676,0.0007722959328246621,0.001532131815,0.0007719770947011774,884.2589045649111,4.136588367402974,745.581878382362,1.0213485656667702,707.8624844995487,1.7771383620392665,57,https://example.com/TODO
08,,rest,2,0.11898726516140348,0.04544663012913904,0.0412238521083916,0.041705586729705604,-0.0399438943006993,0.04408567885508999,-0.1067510867132867,0.06375082737527343,0.001392038590559438,0.0010901759687839262,0.000850472772307692,0.0007870796743848723,0.0011611176762237737,0.0008510040439322151,887.5133166192861,4.1252091108749385,746.8741105051818,0.889038283217307,707.6154006385781,1.4026200089167056,40,https://example.com/TODO
08,,sleep,1,0.15377889781448595,0.09230574703988567,0.1307322988857809,0.06199697215755025,-0.2904037337062937,0.10684406596806524,-0.6548477459207459,0.25350024608101357,0.012111474037062937,0.0049980701756221525,-0.001027996842892773,0.0014479257072531832,0.0011958011473193451,0.0014015937635961848,897.1716299041282,4.1016017784441505,743.9906247670289,1.6558836744945051,710.1727946695783,1.4511384745781413,84,https://example.com/TODO
08,,sleep,2,0.1657445567126168,0.15967850985846324,0.07263012785780885,0.03179116156477727,0.11683272975757576,0.155431476516583,0.09700794001864801,0.31738264990677234,-0.004032693317016313,0.004885595525105514,-0.001463070437529136,0.003615003844977425,0.0014293532806759902,0.0011703750416029379,908.5482140101013,5.6829843315378215,739.2565076571065,1.5856651930555123,708.4898855468688,2.6394241183458362,69,https://example.com/TODO
08,,sleep,3,0.12466605951869156,0.07496760285061872,-0.03235468178321678,0.048525429280023916,-0.04048634246620047,0.05875668023415157,-0.14123121083916085,0.15060681222474329,0.001967883777902094,0.0024675446852245064,0.000840957787179483,0.0007227111816223038,0.0022073035622377593,0.00104279889082594,912.1852637644596,4.0816492999427005,745.6173142232448,1.166460131418244,711.128089962072,2.046867409729667,111,https://example.com/TODO
08,,sleep,4,0.16677725680233643,0.1970293634121044,0.02496847222144522,0.03940205377617146,0.044014424799533804,0.07328060273033213,0.2576917579869464,0.17170516092222,0.00787156709044289,0.0071738207241777594,-0.0011236604403263395,0.00145463582569409,-0.0008060459062470851,0.0008054260058962913,907.6958756417341,5.697828251884542,745.3337607400824,2.431312421093233,705.1337749763269,3.4143217333832054,43,https://example.com/TODO
08,,sleep,5,0.15057816592289716,0.16107734474235333,-0.05591895603496502,0.043295639874002735,0.1595850994871795,0.09816404485809081,0.03602479563403264,0.17740020116404762,-0.008253281745920743,0.005486228565730437,-0.00012172463123543147,0.0011256740365612834,-0.0015341262707226086,0.0021549696771514942,893.2478755010965,5.218064552299104,745.2268021516871,1.6485795824159837,708.0529583006274,2.396616197118055,65,https://example.com/TODO
08,,sleep,6,0.10193215437616819,0.07716873211985671,0.06110833827738927,0.028830894427005385,-0.024032857213286712,0.04323250692419501,-0.011524481544755246,0.07866325414199661,0.0073410073160839135,0.0035090044152064973,-0.0005719596386946401,0.0015587152934100834,0.0022449129220745915,0.0011903996511117895,904.7164450289389,3.957171428904699,744.1934836872848,1.3633370215556304,709.7519158444096,1.9182419217425841,32,https://example.com/TODO
08,,sleep,7,0.13337262318385276,0.13265385102315394,-0.06585056729813753,0.13629084325180227,0.0016709221491841486,0.0622810278176562,-0.05813813427272727,0.13321640216005118,-0.00186906816207459,0.003075430397494794,0.0039721594384615365,0.0026609586817666134,-0.000496879143039628,0.0025106155758330313,900.6351559727523,5.562593555810333,743.7561154576856,1.8278421007610277,708.2485263584302,3.0041607016748944,109,https://example.com/TODO
07,,rest,1,0.3336792986315789,0.272368391821505,-0.09952651013286713,0.05008302283856755,0.05091583627272727,0.09071834040066401,0.5605147046433566,0.36741902340803567,0.00178455128076923,0.002867966151867176,0.009151099074685315,0.004889861815140269,0.0008425332741258696,0.0009559517254878109,804.4546322750992,8.259004837373011,650.8755254925285,4.601573392661819,637.0358193055557,5.209006334234095,49,https://example.com/TODO
07,,rest,2,0.3141144946108772,0.26015005268819036,0.008918224405594406,0.05029827399189729,0.11862164453146852,0.1252560774166273,-0.03282990765734266,0.14634871260996268,0.0002662195396538465,0.0032729380391753357,-0.0013771272510489493,0.0009596888075536092,0.0008419138167132852,0.0005629147135176823,775.6045668803877,8.576251330133331,648.6836291285598,3.1217329880304394,632.7864026022139,5.647991779553044,135,https://example.com/TODO
07,,sleep,1,0.32834648868808414,0.21536380281370013,0.01532012471911422,0.03538243460800708,0.05365780983869464,0.11259903447773918,-0.5290898390606061,0.5186830191970264,0.003888202220093239,0.005763903406654663,0.0011465426513053566,0.0006889951221442249,-0.00019792815645920604,0.000352958996678695,785.2197592613583,6.702782014913839,642.8740568189008,2.227388100829702,625.0308352362081,4.254998815996786,180,https://example.com/TODO
07,,sleep,2,0.40406372587616823,0.19376276876670598,-0.0005318987855477855,0.02809751340762069,0.07739456505361306,0.0774660366885262,0.0058286639300699295,0.1675161605464286,0.0015323876435897426,0.0017421617948624678,0.00025291371529137177,0.0004903224818614007,-3.8832934079254086e-05,0.00029179736137294486,767.9485341946515,6.875665148595059,642.9966865625016,2.473165266003545,627.494861671981,4.507072108184318,225,https://example.com/TODO
07,,sleep,3,0.49111848526303736,0.3529999953237286,-0.006036341177156179,0.0767808294261652,0.006918629413053613,0.1023273843020421,0.14587182890909092,0.19369852693220932,-0.00021833003659673685,0.0029895321824734166,0.0005064315175053608,0.0012250486826284523,0.0001323582929137492,0.001070145303186405,776.9654870865849,5.823268611291941,643.6976173863073,2.741713638122347,626.4391057994717,3.557461179577327,186,https://example.com/TODO
07,,sleep,4,0.3178085333918224,0.2313154870204977,0.0636923627156177,0.029726505235733027,-0.007619813814452214,0.08922639475817665,0.16416447304662005,0.2031271723710384,-0.003040515848484849,0.002121683863825063,0.00042308288887878744,0.001497217211714158,0.001738288117296037,0.0007192470153158817,772.0210363814148,7.208642548000236,639.6135681214881,2.9523919823492566,622.5687984034539,4.243572871103982,177,https://example.com/TODO
07,,sleep,5,0.5220678445308411,0.22375183406590712,0.030509785013752913,0.02612073066721662,0.05123551825174825,0.08947699319391997,0.008697565412121213,0.14085235833325987,0.0022015782529603723,0.0018823142063330955,-0.0009268362621678307,0.0010710854746599468,0.0004478514558275014,0.0003038856306417312,757.867811678458,5.15287467570059,637.9847649613117,2.068605204387888,623.9442179675752,3.539421252693686,314,https://example.com/TODO
06,,rest,1,0.19176766492631578,0.08227312740447756,-0.01252898037583916,0.013860319957549041,-0.047321449968531465,0.07817239736881545,0.008076683129370626,0.08177538279003406,0.002894945587272727,0.002696890674317337,0.00014814326751748112,0.00043162762839741263,-5.521961048951744e-06,0.0005543716476349091,845.8482195506322,4.027604102232025,712.0359265730552,1.130398749592487,681.3445914997184,2.357318644655331,41,https://example.com/TODO
06,,rest,2,0.22402010980701753,0.23339671279982296,-0.007853088874125874,0.04130710062553899,-0.021677984930069928,0.0809782294756957,0.7913548796503497,0.6727514830169634,0.005395971775419581,0.007494183725026819,-0.0025277156750699295,0.002259952713789472,0.0024886593819230763,0.0019024709441022817,838.9579208621841,4.974325701904215,716.0193543076688,1.6760659507762525,681.726134627996,2.8579283582601405,19,https://example.com/TODO
06,,sleep,1,0.18651234131570094,0.2553236238829956,0.010936118279250565,0.03566107631625627,0.00796882737995338,0.06917741918338585,0.08896186812354312,0.23072675807712922,0.00026548107599067504,0.006083534897642656,0.0025087479324009316,0.0013629992509631035,0.0005021532997668995,0.0010523486871881129,854.1137992867301,4.768071899516045,715.8996450059608,2.278168902048653,682.3478859179882,2.5249423603274765,76,https://example.com/TODO
06,,sleep,2,0.21707105335102803,0.1552715467585213,-0.010642173439487179,0.018779443447688383,0.034967128878787876,0.09424065985790427,0.10675445081585082,0.3498168997954189,0.00636990827062937,0.0040662182047417,-0.00033942555221445013,0.0009578655354830999,-0.00016771723263403078,0.0006294564606624167,859.1607990216206,4.830424336918206,716.7875596719588,2.105200169662726,684.067278617465,2.8808655852334413,46,https://example.com/TODO
06,,sleep,3,0.2533473694546729,0.39188698299375724,0.032631274155477855,0.0402245360009903,-0.03382069278787878,0.08705272966471184,-0.027824857783216785,0.32389289551992195,-0.005247935267226106,0.009000211533667956,0.0003741011202097904,0.0014004821566018476,0.0004144605596270406,0.0007159495068535071,863.0904824757957,5.010326149600293,715.8017688011212,2.4512797868550615,684.9663311494926,3.2239988655136833,59,https://example.com/TODO
06,,sleep,4,0.4418905308712617,0.894991336382908,-0.06447341275780887,0.07168412268326602,0.02654040169067599,0.1522806382374242,1.1129786256643357,1.1309750335457567,0.009551638282680653,0.013662040851053603,-0.0001162210321678324,0.0030172155427821935,-0.0003396261326340319,0.001181942052609285,854.5748383645703,6.078192351996175,717.0381704824564,3.6615739502990245,682.7063680789008,4.663212778556082,77,https://example.com/TODO
05,,rest,1,0.20658906546245612,0.10716926444660249,0.01278031781013986,0.024563311206877613,-0.02450438408041958,0.0489788156645316,-0.13986716821678322,0.18797239891844753,-0.0014275036768531479,0.001469212822564434,0.0021549938289510506,0.0025936209729324226,0.0001999820663985979,0.00033830500038110797,934.072637856063,5.370214485275758,775.3807772553881,1.5778272877731963,737.2313233165911,2.8590944773344806,132,https://example.com/TODO
05,,rest,2,0.18254311139983856,0.1087477118278626,0.008758938688332166,0.010115564705774151,-0.05076015114335664,0.06341632250796213,0.04204535604895105,0.07834973566894174,-0.001102134820874124,0.0023045240815134315,0.0014665436684615373,0.0011621309780475945,0.0004182338012937021,0.00042170114366476066,929.0342471630162,4.137251880481036,770.964586420712,1.1037774795267037,729.9361081396308,2.446794012408562,161,https://example.com/TODO
05,,sleep,1,0.22581179773107474,0.2428386250565189,0.009988116151515151,0.0590830073272458,0.02837400754312354,0.09187107398222168,0.19056875024009323,0.1822788909289498,-0.001342009340398602,0.0028310877514956746,0.008009435813519808,0.0031920968088737763,-0.0016938256749184154,0.0018844806191893988,924.3528044184254,5.180247376931897,770.617542824624,1.5035307315033763,734.1808593960135,2.486441261172512,71,https://example.com/TODO
05,,sleep,2,0.1866411181168224,0.13209763759517487,-0.02380991496969697,0.024414486869304763,-0.05209241744055944,0.058170274102378676,-0.1941745565268065,0.12065936693195024,-0.0028035004869463864,0.0017521476448367724,0.0009535840935431248,0.0013714019565312845,-0.0011088826289277346,0.0007653561251613871,923.4567395126812,4.500722030621039,772.7324259834982,1.4430253140859512,735.2728758024451,2.7237604147347425,111,https://example.com/TODO
05,,sleep,3,0.21421888249532708,0.19924343648717996,0.02141050971794872,0.028342952795383406,0.01902169948135198,0.0709860586338361,0.15537381898368297,0.15543592470364026,-0.0013370624226573418,0.002860638078329496,0.002769345632400933,0.0017146821597234221,-0.0005257411878554757,0.0009061348651847804,926.3453061687278,5.754742087676512,770.6083417583702,1.6303541005861397,736.5289435771781,2.621139969343787,82,https://example.com/TODO
05,,sleep,4,0.2320969781401869,0.2851737563678726,-0.021693446095571098,0.029845794389363363,0.10192420987412587,0.08807870010677522,-0.33863840615384616,0.26846819887921475,0.005770859000489498,0.0033380646038024407,-0.0015557915260372944,0.0013001424271888264,0.001322751509090908,0.0010446522265385976,920.1920753792936,6.381614477520433,770.0144080532343,2.064991701847206,738.7275879629813,2.671996938411037,130,https://example.com/TODO
05,,sleep,5,0.2032177180529439,0.24204638949697102,0.04961536204841491,0.04925628516131477,-0.05891731366200466,0.08104163664300112,-0.010271554019990678,0.14425418905104395,0.0005099811765967363,0.003796648084155298,-0.0028120979030326304,0.0034727070850498433,0.002021454591118881,0.0018188309027452538,910.4764991358722,6.336717839330338,766.4125497664221,1.7482683001987795,736.9669520038428,3.057799992785271,171,https://example.com/TODO
05,,sleep,6,0.21651106397663547,0.21905801253543802,0.015885074694638693,0.025254640050389365,0.009072716277389278,0.0889052997888137,0.11672370975058274,0.1404298097954586,-0.0012850897509090922,0.002534999894794811,0.001470783506317016,0.001815006950264647,0.00025579431731934614,0.0006205757518532351,909.1452690169234,6.1408121196683325,767.4236654537378,1.6997226583203995,737.8556852820991,3.158203066485001,104,https://example.com/TODO
04,,rest,1,0.0931417070710877,0.06031647425535914,-0.02686771576108392,0.02155758491067313,0.001394696704895105,0.021103699861444735,-0.09597268587062938,0.08343240658103045,0.0009447716444055912,0.0009865988819954406,0.001512052716783215,0.0012267802427477763,-0.0007090690598950993,0.00047473427646991373,1050.7122089857942,4.038839473894972,795.7732934766312,1.7927551762584166,788.2806411292258,3.902754921338231,150,https://example.com/TODO
04,,rest,2,0.14165860113614032,0.10984488999812986,-0.04467535618881119,0.02676714504415847,0.035638072648951045,0.04966268702210991,0.0601666934965035,0.1751059587748025,0.004464660832167829,0.002026838881103625,0.0022297197226923073,0.0022253701992397666,-0.0014591961530419557,0.0010430910393253064,1070.8941518065324,4.544883524969517,795.9769047217644,1.146442433335727,783.9247873545663,2.7250903568179594,104,https://example.com/TODO
04,,sleep,1,0.08841895809364483,0.07049380299914021,-0.0007773924372727285,0.019531007333566594,-0.018834442737762237,0.021280955376232237,-0.0549385632051282,0.09275263159226137,0.0007795863557109586,0.0018120589821044564,0.0030001459692307686,0.0018747033751505926,-0.0006883922536130533,0.0008770291687997024,1067.1983125769161,4.556841897238167,797.8425643703549,1.2731355354262373,787.6315065348415,3.1033144563072717,239,https://example.com/TODO
04,,sleep,2,0.08375574589392519,0.04692061029193271,-0.02707161071095571,0.012468261485907494,0.0069209802645687655,0.019277007646336716,-0.11202088724941725,0.054414273752427904,0.0029598389760372964,0.0016405598439580855,0.0015145796689976687,0.0013581043702718257,-0.0013191873535897429,0.0009166545241303188,1069.3233062612521,4.501781802492672,795.8209154407231,1.3556988827525804,785.8075293637695,2.820487583548186,282,https://example.com/TODO
04,,sleep,3,0.08828322583682241,0.03567116435407886,-0.004558831975384612,0.006180536194850751,-0.029839155556177156,0.014951120564471112,-0.06814579815850816,0.047393709591293604,0.0005737372739626984,0.0004921092021321845,0.0006651948414918337,0.0004146121460922409,-0.0004297212611421879,0.00030642780941086435,1071.2998869573562,3.856419968738943,798.1956079099053,1.4421082474046416,786.2945916390817,2.30574430770084,187,https://example.com/TODO
04,,sleep,4,0.09673166897242988,0.07447064634284797,0.0005350537694638682,0.012613801816001458,0.037474678235431234,0.026527803331518045,0.2722551303030303,0.1008401661613029,-0.0016805383039627034,0.0008280939758958029,3.1828311832168066e-05,0.0004937418436892552,-0.00029336071431235384,0.00025140705226011663,1069.977385157848,4.126506936593485,797.6258623620093,1.58820661915393,784.2180175101237,3.2403208481612182,76,https://example.com/TODO
04,,sleep,5,0.1065983051372897,0.07912420495561993,-0.02306572650752914,0.01759135825788195,0.025485316277389276,0.029388360807314953,0.1010254317016317,0.06879318342375348,0.0008982194676456837,0.0007723641389176243,0.00024691896233099906,0.0006990451686646769,-0.0005845659333333298,0.00031997188424933803,1069.0079455951495,4.855393066657925,796.1324831064227,1.8020616049034732,782.613081676333,2.8063630588101565,96,https://example.com/TODO
04,,sleep,6,0.2222022371214953,0.3395456252451065,-0.1288204394871795,0.13402767413040534,0.1736475428904429,0.10891833747484417,0.050436300976689975,0.16361538858103553,-0.0065354506726107205,0.0047480493359330625,-0.006440954113986009,0.006052500103721265,-0.0005717728164335684,0.0031818934491600857,1061.2782942051913,7.5058085776376124,793.0539339422257,2.1781269360274376,777.850678247449,2.9180356950357185,87,https://example.com/TODO
04,,sleep,7,0.20592317769626164,0.3468977510447395,0.0010880528205128202,0.08137761119132203,0.06311484692540792,0.0895447291418674,0.13706292781911422,0.3809425486282407,0.0029316120305361306,0.00425472968733964,-3.489276923077039e-05,0.008531576352027854,-0.00021275131533799485,0.002740345215439194,1059.7395562120496,6.687639194758427,793.0333152505053,1.9417965818540082,776.7893956912546,2.288117884881553,71,https://example.com/TODO
03,,rest,1,0.27923555597263156,0.16438414009328167,0.04989301797202796,0.026593288276395538,0.1346815690909091,0.06177496007507503,0.637601029160839,0.2694836959077402,-0.003628000468531469,0.0017415489129209967,2.91396243006986e-05,0.0007842969721486458,-7.83077503426577e-05,0.0004114215901291868,656.0742619338215,4.646713809691498,572.0834466683568,2.2084094168644057,574.5683415632137,3.052357427815384,45,https://example.com/TODO
03,,rest,2,0.34660851654035085,0.4011929119045211,0.09123471629370629,0.05791185336241316,0.30274216526223774,0.47910915592362824,0.8256032680524475,0.8513798220855858,0.004635522978146854,0.017635220993164273,0.002237776228321677,0.0016537497845929906,-4.415109398601329e-05,0.00046492418144039545,660.8932963640848,3.999388045500812,575.5554813675999,2.021610492412918,574.1712779357592,3.3010815645987965,102,https://example.com/TODO
03,,sleep,1,0.2886463084579439,0.19111075336635736,0.1580164339044289,0.08959519379484474,0.13913662987878786,0.08722030802939998,1.1276829531934731,0.668532937247607,-0.007899533855944049,0.004377503146448756,0.004866040699953379,0.00432249690199627,0.0007194529745920721,0.0005467423215956924,674.7844927525784,4.865471074379752,581.0216790876007,3.6980687605567146,570.4169891247197,3.780460891914978,77,https://example.com/TODO
03,,sleep,2,0.3911613251471962,0.2482384220164928,0.04715770949114219,0.04538680360844469,0.07488465203146853,0.14646941430018948,0.6346336872727273,0.4891102856297392,-0.0007227228354312359,0.0029729468549631586,0.0032203772025641026,0.0018138482025050172,4.767873212120514e-05,0.0007204483149911068,677.1042809594335,4.613955991522653,580.7002665670904,2.2157775681144143,570.0463619441255,3.4436085046302494,122,https://example.com/TODO
03,,sleep,3,0.36370180945327096,0.21835088419934692,-0.052998793370163166,0.03468412731925903,0.03445020693006993,0.074528441182823,0.1484857508158508,0.23881050757494032,-6.448819696969603e-05,0.0026210630336682824,-0.0004080518825641014,0.000716725282550309,-0.0005097891980186453,0.00045180974080870486,673.7486892483794,5.0856152644107615,583.1214803034173,2.392933204854648,578.0215897174236,4.343279551680119,109,https://example.com/TODO
03,,sleep,4,0.2799152356214953,0.19309224616367654,0.05395100472261071,0.03562404020801983,0.07071082268298368,0.06753864695586557,0.34311653229137534,0.31312619030262345,-0.0029679967102564085,0.0028448714027771555,0.002132262300326339,0.0011018549297475574,0.00037111967263169697,0.00043854755003152577,679.2186405591715,5.3156682298620614,584.2001001893334,1.8936763529683613,574.849172464667,3.5564976799702173,101,https://example.com/TODO
03,,sleep,5,0.24589417892336446,0.24910001671174045,0.003155011148554779,0.028987942438829743,-0.08698250529836829,0.0833707301938308,0.029762897496503498,0.2976217604594463,0.0017153463650349647,0.0036332604725687083,-0.0007844841363403266,0.0010989732582774184,0.0003279492371328653,0.0005186092910043345,672.9619191335493,3.1502829624025623,584.5948351980746,1.5410251080787718,577.889422661761,3.2252369214017476,108,https://example.com/TODO
03,,sleep,6,0.31914659090420555,0.3467833443697731,-0.13612765685081585,0.0898657931253199,0.05528366520512821,0.09025433058656988,-1.02067476013986,0.5957687376724939,0.0010574324893473182,0.0039716753097453926,0.0004437547292074588,0.0025345444663010313,-0.0018200566354312356,0.0016274363093591558,667.7038501117399,4.561053100883266,579.1766899597044,3.726654462169747,580.0380451468247,2.7025816348090705,88,https://example.com/TODO
03,,sleep,7,0.33405627818691586,0.4366566170794304,0.14076919352641362,0.08720199680731282,0.11966465102564103,0.12819677511958852,0.602032824965035,0.6354059793845197,-0.006450535224009322,0.006414880385200168,0.000951021537086248,0.002284125255102149,0.000946520611538459,0.0007484898135040814,669.810480496255,4.720892677401361,575.7166042492978,3.990642632367514,569.7742401743701,3.38512726390863,74,https://example.com/TODO
03,,sleep,8,0.427045411092056,0.5824167866767195,0.18575838629137528,0.15359796332682718,0.09964706028368299,0.16951084209145223,0.8059753072261072,0.8429594940768176,-0.004039729726107224,0.008365090148295904,-0.007544754799184147,0.004963942668437674,-0.0008517108871794855,0.0014334964552842142,669.4684992660107,4.654364599054094,577.199343581947,3.9669178938573126,570.4288413019773,3.378449472537701,110,https://example.com/TODO
02,,rest,1,0.13929185752280698,0.13347967678490458,-0.03268867482167832,0.02391998312245518,0.01805229235979021,0.0323779788650664,0.22809104412587414,0.19362794238265954,0.0008128257634615374,0.0034992449434923505,0.0024641545720279706,0.0017125513385210086,-0.0009888748756643304,0.000527513449445055,797.2473856912358,5.9014696248173175,700.3621401223123,1.7490835054306024,693.7412437951946,2.644183993504734,5,https://example.com/TODO
02,,rest,2,0.15689333574385964,0.15189093366255194,-0.018582782702797198,0.04360580399828971,-0.4998583531468531,0.13441085879793233,-0.4130583231118881,0.2642187255091624,0.007680432867132857,0.0024485509090154027,-0.0010364420267482508,0.001769746891982654,-0.0014055330010489485,0.0007872168038835246,797.4812524451106,4.840550622749612,694.7804795162672,1.6232175923077694,687.5859896493693,1.664264795009418,31,https://example.com/TODO
01,,rest,1,0.2046440311719298,0.08095118157774848,0.03565456298251748,0.027054261598270853,0.1493067753146853,0.06318680404777194,0.04358804029370629,0.08694305584241382,-0.0023478180825174818,0.002013794530222813,-0.0019345374538461532,0.0016783861991111091,-0.0002214643807692297,0.0003691833785416052,693.9915626861609,6.601839112211153,581.0931564132627,2.0025679773572316,585.1368393761143,3.9115100080265344,159,https://example.com/TODO
01,,rest,2,0.17271152349438593,0.3485353889990386,-0.03863860095454545,0.029138008622424043,0.3237653877027972,0.17165642478489598,-0.11439612716783218,0.2080430137147052,-0.0010586188118846132,0.0022389408106660764,0.0013542095556643365,0.0018510407741456894,-0.003944668932867133,0.001528287798366364,650.0859454190331,5.134105902160882,592.1750337802715,1.9491906803828452,585.7723855828692,2.4196345678287017,62,https://example.com/TODO
01,,sleep,1,0.15022086099999996,0.2927309917828558,0.011543725463869463,0.023544221038004697,0.2798559421888112,0.16922114586818224,0.24851149762237765,0.18379509044666933,-0.0021260359721212126,0.0021995885709227966,0.0038555716755477813,0.0042479998827597626,-0.0017995233434965022,0.0016783807795800415,663.3355172055221,5.822778297546179,596.6596127852517,2.0490326708485522,581.0869666581607,2.9308708231030853,25,https://example.com/TODO
01,,sleep,2,0.24835133808434579,0.1188800659457776,-0.011555106875757577,0.014036891890746046,0.08512634967132866,0.05190867402396293,-0.0841252407972028,0.09452535608299276,-0.004108513875757571,0.0025507484460479003,-0.0024426077083916074,0.0017623432550415968,5.858497064102564e-05,0.00029690323423238387,678.5698832235498,5.826385085672633,599.8165092788362,1.649200543246581,589.1654569529643,3.145825802929008,110,https://example.com/TODO
01,,sleep,3,0.30112136676495327,0.2985845372160232,0.05427719027039627,0.024818818031642247,-0.059422026503496504,0.09745163706509959,-0.08118274611468532,0.16096062051378013,0.0001634702340559424,0.0031699321008889004,0.0007768263503496503,0.003484894931689833,-0.00015612849808858113,0.001225179909219558,683.661680518757,7.1419074525237995,596.3363312671187,2.149123441665061,584.6918680684865,4.104020716817212,80,https://example.com/TODO
