subject_id,ses,task,run,framewise_displacement mean,framewise_displacement std,trans_x mean,trans_x std,trans_y mean,trans_y std,trans_z mean,trans_z std,rot_x mean,rot_x std,rot_y mean,rot_y std,rot_z mean,rot_z std,csf mean,csf std,white_matter mean,white_matter std,global_signal mean,global_signal std,motion outliers,source_url
47,,dis,1,0.18885828867272725,0.08527318298101451,0.009905294108433736,0.0155410840450136,-0.10192935960843373,0.06923485836147679,-0.03197585412048193,0.051834967841289235,-0.00020766758831325302,0.0005711872363380425,0.000524507175542168,0.0006765069677910351,0.00035590394138553915,0.0007495221275086981,730.5655933322353,3.1893080506231883,719.8586818830721,1.3977375489355501,726.8249914598941,1.9065995437163583,2,https://example.com/TODO
47,,dis,2,0.20090887533939394,0.10322280161940658,-0.02881912003012048,0.01907096653336757,0.1295905034939759,0.0677471622963106,-0.1124702836686747,0.08153085978373441,8.975888554240952e-07,0.0008730711916932606,-9.918971192771023e-05,0.0006879595491711454,0.0009488680974698753,0.0007233746979038191,701.968770957511,2.818820778005487,717.8695320874596,1.3921409540381098,724.4936631524097,1.431537513247873,3,https://example.com/TODO
47,,dis,3,0.19567436647878783,0.08999675068444626,0.013793331204819277,0.020396146422975197,0.07538172771084338,0.06432283649662254,0.01196999006024096,0.08103843009020748,1.063562839157831e-06,0.0006587432848898124,0.00011452924554216868,0.0004860176924101676,-9.975382650602469e-05,0.0005948643061647411,731.0845891011331,3.492180659321241,719.4727303599516,1.2227734963319195,726.5725234124154,1.323245355994078,1,https://example.com/TODO
47,,dis,4,0.2478843566,0.1283850580127809,-0.008786723136385542,0.018411846015342664,-0.08747793453614458,0.08204111379026204,0.009439105843373492,0.059164654926326256,0.00014947389548192712,0.0010114016088203469,-4.830546873494097e-05,0.0005476288071674596,-5.254135487951625e-05,0.0007276145417545318,717.4341654958134,2.9886612428082224,717.8227242906279,1.0336144450169675,723.0574547294815,1.3239780062607274,11,https://example.com/TODO
47,,dis,5,0.23050791285454544,0.11767623049774525,-0.004525483483855422,0.017985966068136797,0.08519819716867469,0.07788630092740426,0.0789051454759036,0.06670286137431355,-0.0006539920819277084,0.0010010567586179568,0.00035449390457831085,0.0007060946095929638,-0.0003548084499999946,0.0005667173531681923,727.7324571398572,2.7631186757857895,720.3659570350012,1.0925415488053865,724.9946486731714,1.2890802837577813,5,https://example.com/TODO
47,,dis,6,0.21450397647636363,0.0919609964276847,-0.017306036975903615,0.01749169637171323,0.09553866122891566,0.07742481725067346,-0.05079203192771084,0.06241827462149292,-0.0003065241572289168,0.0011365427173733865,-0.00018390943347590242,0.0007590575072195553,-0.0001976446176566229,0.0006515918503273133,736.9703677776586,2.845370283580046,718.9925432263531,1.1970534960280304,722.8941958398203,1.911688690449023,3,https://example.com/TODO
47,,tom,1,0.2146699734613333,0.11934660289196888,0.0026804376222058814,0.01481240423717411,-0.0787501974485294,0.07597036187357471,0.057983014779411764,0.08168184384266385,0.0011802818850441146,0.0009781378500990287,0.0005299676885294104,0.0005527823166267201,-0.0005871825283823514,0.00040463482122132506,725.2438384396273,2.729866662336944,721.6746143392143,1.207728570792278,726.6402542525154,1.2905752641093302,2,https://example.com/TODO
47,,tom,2,0.22825281595555552,0.10183986156648916,-0.03416898522058824,0.013125636635592571,0.09208800865441176,0.08057626133082778,0.0010986272058823522,0.04173652425559088,4.961724794117721e-05,0.0006425776303246691,0.0006756394014705868,0.0005786609080110241,0.0007596047118382317,0.0005138986591464912,725.4261542345849,2.8465477232616725,722.2149115819311,1.15433083575305,726.7987781536863,1.2760987960586745,1,https://example.com/TODO
46,,dis,1,0.23350216798060605,0.11380541090929876,0.07341032078313252,0.038253301509516426,-0.013709868016867471,0.07002442200853716,-0.11967178150602409,0.08291917307965646,0.0006714257291566247,0.0008703192671309294,-0.0011910770574698783,0.000855477739527361,0.0006854506565060241,0.0009000510082151513,891.9237310018963,4.932548618996376,862.4858361698956,1.7545778558248402,873.2190600841975,2.4727330311637474,3,https://example.com/TODO
46,,dis,2,0.25589730026303026,0.09999632883798641,0.014385786010843372,0.03147607243669872,-0.11193509714036144,0.08655008043582003,-0.0717493618433735,0.06803466653263816,0.0009116836337349373,0.0006488446620014214,0.00041788571343373256,0.0005931585150384997,0.0002442998414457837,0.0007154303930584136,915.5457513831561,3.652880221270116,865.5701477988339,1.948827890756994,878.8489138991183,2.580880600765138,2,https://example.com/TODO
46,,dis,3,0.272583628420606,0.11212455093508882,0.08000127766204819,0.03775467462705746,0.05983685408614458,0.08636543730407156,-0.013939975566265063,0.08410742735707308,-0.0007942683242108398,0.0006761964166754473,-0.00047637234198794943,0.0008483589444060676,0.0010281925905421662,0.0008102705955319807,897.8091809400532,4.352585015414965,867.3037162582707,2.0186022012767,875.670709821411,2.354340766665498,6,https://example.com/TODO
46,,dis,4,0.3014497492266667,0.11933042167051677,-0.026569711975903614,0.04201061225343385,-0.07881429590361445,0.09186506206078851,0.06765963593855422,0.09965356112372303,-0.0006667280210843356,0.0008326002376092689,0.0005630817135542151,0.0005900590797620479,-0.0016817868575301198,0.0007503285906994057,939.0097277254192,5.0559094893879015,871.697496265195,2.024268139418813,881.5249330875703,3.0970226459956454,12,https://example.com/TODO
46,,dis,5,0.3029100973648485,0.12536143169137204,-0.05636365851807229,0.03946713319171419,0.11803247058433734,0.0968156247161942,-0.13727161210843375,0.09160241898915014,0.0003624768771566253,0.0008478445346918964,-0.0008653873253012006,0.0006818920348028,0.0006609943650602379,0.0008048622160900285,918.2606217279648,3.7304584767513207,873.2832503912737,1.4451787472757567,879.1262556207043,2.372387389949123,11,https://example.com/TODO
46,,dis,6,0.26945423066060603,0.09787494399559385,-0.005867502615662649,0.029593268982320196,0.08229348740361446,0.08879747736640298,-0.1046411984939759,0.07112454780260827,-0.0003998857207831313,0.0006146298133709046,0.0012410811518072285,0.0008264485254464967,-0.0009931337671686686,0.0007616546969389504,926.6458656339573,3.8636560433059954,871.5588496129245,1.717568352910371,879.2243223697028,2.4210062120986113,5,https://example.com/TODO
46,,tom,1,0.2505499139259259,0.12306316764285266,0.03575005586764706,0.024738632523684773,-0.09863454155147058,0.08333808897338406,-0.06333859565441177,0.07247866705977814,0.0005403799495588206,0.0007694371730607799,-0.0008948755885294096,0.0006863636570957985,0.0014354920675735286,0.0008428378518331965,898.0086062079641,3.8420489700289373,867.5405371095246,1.2070919124041777,876.689821082896,2.062648305607592,5,https://example.com/TODO
46,,tom,2,0.2945171867859259,0.11058437409800863,0.021247085639705877,0.03349816799966187,-0.06620460622058823,0.08736312994304794,-0.08464592573529411,0.09023477747367871,0.00047185805050734995,0.000671304659543896,-0.000538050907279411,0.0005266025916455971,-0.0009290434702941146,0.0007324413801282663,899.6443496016062,4.546826172923725,866.8154007845823,1.5982630479208972,877.723326409595,2.308826169189081,5,https://example.com/TODO
45,,dis,1,0.4521191940606061,0.38406649659071623,0.656140093373494,0.08050826712688887,-0.07260608156626507,0.10704040442348704,-0.0006450598192771106,0.14697437273747804,-0.01231617144578313,0.0020515242388929305,0.003652386686746988,0.0007960497604519608,0.01909647808313253,0.0022001185881154427,895.9207843253973,6.131288642868756,812.382925250187,1.368219671937991,839.303623580111,2.809313229590815,49,https://example.com/TODO
45,,dis,2,0.233400066790303,0.12676599377590198,-0.0638320846385542,0.025485660484263074,-0.07740156186746987,0.06138673001637245,0.036074132650602414,0.09501265937510268,-0.0007320718960240964,0.0012502816140996574,-0.000634040479120479,0.00047246086072234324,0.0001594622011445735,0.0006497585060750456,915.5264469946918,4.4490347597345465,820.369766969633,1.6873345025786712,849.0796820356671,2.7838832485882548,9,https://example.com/TODO
45,,dis,3,0.24407848994666667,0.20052138037795916,0.020022713753012046,0.022304492696771195,-0.034694402475903614,0.069761916021482,-0.07048669771084337,0.10902373984964576,3.39430133192771e-05,0.001296248344286556,-0.0001268772208493982,0.0004868017906838635,0.0005487884374096337,0.0005396693316597059,912.1700193002947,4.016743017119679,818.5242741207397,1.273167286834246,846.8462615145771,1.8776969079990622,11,https://example.com/TODO
45,,dis,4,0.17367623116848482,0.10203476592633243,0.03106346758192771,0.01898622624689222,0.024758706807228914,0.041420829065208636,-0.10738469851204818,0.08863728294800154,-0.0013110076506024097,0.0011613987325060473,-0.0001258601634939741,0.00047908751152476114,0.0001071037843373488,0.0005850230825313112,892.7005757098933,4.568099400938612,817.9440299433741,1.1495815692171703,846.0053630964783,2.1707637032181135,8,https://example.com/TODO
45,,dis,5,0.18433351849030302,0.11031119917860097,-0.0012444753734939748,0.022610312924527986,0.055424944235542166,0.045630430342493485,0.024282485620481933,0.11762036230747847,-0.00011858950072289097,0.0011173375580110622,-0.000675841987951797,0.000529865847040425,0.00038201424072289037,0.0003888316592455983,899.183621567405,3.903650931646256,816.8069772734203,0.973820506685583,841.4195696747208,2.1668765558340124,6,https://example.com/TODO
45,,dis,6,0.24734750137575756,0.23739435459981145,-0.0120281543813253,0.030427924028282975,-0.023030549596385542,0.06472405720915976,-0.07593492169698796,0.10294692281392176,0.0005956719770481916,0.001343921547824671,0.0001488249271686747,0.0006238818776283686,-0.0005015892156084326,0.0006763813824031977,873.1439988722256,5.012213684581219,813.6786076508431,1.5369879603074383,840.1271848132002,3.309063859949443,20,https://example.com/TODO
45,,tomloc,1,0.3182391568962963,0.43822615747927285,0.012506202470588233,0.028749262714894443,0.04949639014705882,0.07744853302807264,-0.15116437205882355,0.1700809342550132,0.0013943304264705904,0.002959086068101818,-0.0013558681118382323,0.0009300555216954333,0.0006077027242647029,0.0007328562828706965,918.3994873349877,8.711165627858346,817.0669443433809,3.423382385180134,846.6122313452388,6.089935546142186,14,https://example.com/TODO
45,,tomloc,2,0.2335017040737037,0.22222015890079633,-0.04428674926470588,0.023886543552748926,0.00046252230110294416,0.06111952157197567,-0.06843376551470588,0.10246151279134176,-0.0002004234492647081,0.0015926492032281947,-0.0011188057463970551,0.0008519036556653178,-0.00023375932529411692,0.000660487089806863,897.9856138100254,3.932236043538057,819.5980336359908,1.268504347028192,845.6806214292139,2.511863884260165,13,https://example.com/TODO
44,,dis,1,0.4090936605339394,0.3169659252943185,0.017185853578313252,0.0449368244800415,0.011814451325301201,0.10887798180960985,0.058170503674698795,0.12208648686459336,-0.001282021135481926,0.0018165679200183788,-5.347359837349277e-05,0.0008248557213692982,-2.5165772891578305e-06,0.0007250474829485065,844.5308762892531,4.049257293855484,737.7618408268582,1.7063977732802975,771.7378971469144,1.9427590137719783,35,https://example.com/TODO
44,,dis,2,0.48269121517030295,0.4563750478574302,-0.02086396708373494,0.0405374365787505,-0.16251561138554216,0.13654793215789301,-0.05519435260240964,0.16948556468478132,-0.0013117181867469863,0.0026448464510565985,-0.0009784381960301176,0.000857846908292178,0.00014329380903614216,0.0007722383181612996,847.2128639378233,5.288491531606678,740.655327312155,2.370719544984734,776.4377434753409,2.685806504121499,49,https://example.com/TODO
44,,dis,3,0.4519415631884849,0.4109228503215482,-0.0094982412313253,0.04817950034828902,0.011078827520481928,0.1164229887629217,-0.07911395779518073,0.18789420167357584,8.224118795180602e-05,0.0019720202338533036,-0.0005409431240963826,0.0006551545603583228,-0.0011323807289156614,0.0007491057113707113,836.9893270252243,5.837141858413044,745.3812085973163,1.901550673475595,777.0762331107443,2.5089034465442026,39,https://example.com/TODO
44,,dis,4,0.40991787679999997,0.2529764146659899,-0.007011007174698797,0.029272833014167835,-0.08276307032530121,0.11328881312336933,-0.07075522154216868,0.14521079185198912,0.0005147711968674663,0.001680975389358935,-0.0008765916584337326,0.0008056875038317356,5.214640598373434e-05,0.0005425622385070123,855.6597819216669,4.919933080662178,747.4262680804392,1.4454767226664331,768.7147092799509,2.0320882343463142,32,https://example.com/TODO
44,,dis,5,0.4089841778969697,0.2951388329928885,0.03737113809638554,0.02833239668630457,-0.022299752789156625,0.11498472345691421,0.07366102373493975,0.14874246854905956,-0.0012700937210240934,0.0015989568027245603,0.00028362662530120544,0.0006356699987165477,-0.00043089304337349036,0.0005870157729003722,852.7892548875388,4.654793410847455,747.9621925997359,1.345137195814412,782.0442121545858,1.8234161708777248,34,https://example.com/TODO
44,,dis,6,0.4231094427636364,0.20377430397900195,0.007838994259036147,0.03249734770685834,-0.18152639819277108,0.11655566089624216,-0.07492992521084338,0.1472267560688806,0.0016033791421686742,0.0014664694666903979,0.0003346162433132518,0.000640744655798181,-0.0006179755678313193,0.0006960233913999648,847.5328178832851,4.671156720381275,749.8917419199245,1.454133652028027,782.3681843581442,2.2401272642542343,33,https://example.com/TODO
44,,tom,1,0.4492711701777778,0.370671400368524,0.0419469569117647,0.04031017825993365,0.19617029264705882,0.14278412782754304,0.041908222595588226,0.14927282144073203,-0.0007342234632352927,0.0017995683612439474,-0.00047575377867646986,0.0007167248784510111,0.0005478101298529411,0.0005368464934672849,852.8895163773882,3.7993707710394533,747.3250574984777,1.5367784535894613,777.9463522477988,1.6005817789375398,36,https://example.com/TODO
44,,tom,2,0.3753627297851852,0.1903666102613457,0.01427937172867647,0.04964626383039093,0.11670618180882353,0.11263699572441131,-0.10026437835294118,0.13538516700216982,8.226579720588087e-05,0.0007524976579386691,-0.0005358723193382324,0.0006463512794620812,0.00044405275132352576,0.0005132088136771451,851.606761347216,3.6105278686042497,749.321161758535,1.0451949165629058,782.0937534521554,1.6651088748605865,20,https://example.com/TODO
42,,dis,1,0.2378992656181818,0.09480384221809317,-0.043460466144578304,0.027421687603833695,-0.10061134518072289,0.06497730358647934,-0.03935893357228915,0.05168709958035187,0.0007498762066265061,0.0007569806133405652,0.00010182734933734938,0.0002966753390798127,-0.0007624614451807217,0.0007064905069246472,837.7480891549366,3.7271354800302237,805.7837883867987,2.4233297884257468,812.5764787501226,2.635269349383377,1,https://example.com/TODO
42,,dis,2,0.2765766295981818,0.1299507811775419,-0.09791517144578311,0.03708912702599515,-0.11330676662650603,0.07822890511877185,-0.0540670288373494,0.10371345737804745,0.0012077373795180706,0.0007920884060049666,-0.00028469973335541927,0.0003877865161374256,0.001263311153614456,0.0007852937893714305,834.0031463933119,3.48382086203513,808.450795115369,1.5587746941680234,817.7714358145267,2.3381862718921966,12,https://example.com/TODO
42,,dis,3,0.24371558186363634,0.08589736957790094,-0.03619604403614458,0.030322062035132952,0.01469916037650602,0.05705198127904166,-0.001318130734939762,0.05237378360774907,-0.00012724351710843192,0.0007636793398237056,0.000278342128012047,0.0003488655475265115,0.0006504165900602409,0.0006865047659879892,835.940560120025,3.219549257854831,812.6708212593082,1.4475470242077118,804.1960328801024,2.0486524413414497,0,https://example.com/TODO
42,,dis,4,0.23248663066545452,0.08484742943216061,0.024926240295180722,0.02860153462547694,0.07065023957951806,0.05966890901089286,-0.05312873030180722,0.04531184457376351,-0.0011965895084337355,0.0011651761286233491,0.0008321451722891541,0.0007162902181831512,-0.0005988385072289114,0.0006193236363712725,857.1304774810981,3.706836172221545,825.7554783463171,1.5518584330904277,823.2637033305316,2.218465370302251,1,https://example.com/TODO
42,,dis,5,0.206662365830303,0.0742853448983375,-0.008073320813253012,0.020206294754085478,0.029708520216867464,0.05630954501959842,0.015457539295180721,0.03957834831036776,1.9286939759012068e-06,0.0008524516236847608,0.00022766324602409578,0.00029543055692000855,0.0006833274065060192,0.0006273998039057815,877.1379175375054,2.784427686246723,824.1909450839287,1.4946667552655422,825.4308950180143,2.511740213481607,0,https://example.com/TODO
42,,dis,6,0.2306107466848485,0.09785002256411408,-0.06179766939759035,0.03472022611121534,-0.10892431916867469,0.055760823856365584,-0.044932357,0.08212299863079671,0.0011047403740963848,0.0011357892898339005,0.00018430246620481928,0.0003387613746129458,-0.0003780498710843367,0.0006108373154981053,866.9242239079497,2.55652512638884,821.8871010528453,1.271101122438288,823.6969618431034,2.0191816634323496,2,https://example.com/TODO
42,,tom,1,0.22124770194666665,0.09386572535845415,-0.018766781810294116,0.022682228109599776,0.030862294890441174,0.05990814009776238,0.006314439536764703,0.062257090898531334,6.699144852944116e-06,0.0007713804207606668,-3.0040652205883088e-05,0.00036173097186273297,-3.269903323529265e-05,0.0004797754632623398,865.0203377891959,2.8818124564074923,812.7280427263921,1.2147894602887306,821.7210838209431,1.6295046710248942,1,https://example.com/TODO
42,,tom,2,0.21398805875555554,0.080119452052464,-0.053174010014705876,0.026814653152883745,-0.008037372647058824,0.059047154858421914,-0.12731169838235293,0.06822980975694859,0.0007921530807352933,0.0005995883610873197,0.00046431249308823234,0.0002752324507815544,-0.00036668498382352795,0.0007178207535853626,878.0837266210303,3.326532757143692,819.3872842664697,1.113104265011838,823.5138987388867,2.034143404244406,1,https://example.com/TODO
41,,dis,1,0.21603933054545452,0.20101869205729828,-0.07911292343373494,0.038956008463150636,0.0381904803253012,0.04820846174767767,-0.10613786973493976,0.05956722285653438,0.00047959109186746803,0.0012337742426929811,-0.0006730816385542127,0.0006086285373000109,-0.000703615255602409,0.00099182163790293,750.6637343630499,6.465828652817863,754.0359884086902,1.7416076187551752,789.1099701271739,2.916956290308728,18,https://example.com/TODO
41,,dis,2,0.22938328956969695,0.16951569505732894,-0.03260265271084337,0.029743755422555345,0.035143519518072285,0.04486098066637057,-0.08409971491566265,0.09242200660911729,0.0011524424303614464,0.0013200717545503247,0.001389126173493974,0.0006800150678226483,-0.000831726662409635,0.0008179777765858697,741.6759890759689,6.675100244630764,756.030784677455,1.2085850084824872,791.700224457896,2.8200528157770606,16,https://example.com/TODO
41,,dis,3,0.28625295430303027,0.3495850572242299,0.020465621843373492,0.037484629666769076,0.0923701645180723,0.11242018004820746,-0.05253135331927711,0.10926419851683834,-0.0013640979843373483,0.00173742251548204,1.747118337349277e-05,0.0007250214456571793,0.0007482132753012006,0.0008028318920401713,729.457079779159,6.50322354106944,756.0528441232918,3.5223259596046494,792.6000717258203,3.823788653689567,18,https://example.com/TODO
41,,dis,4,0.31989818962424243,0.43556050293478565,0.01120537398192771,0.03172756212137186,0.06818460698795181,0.10775811433292606,-0.06859954777108433,0.1336182920253181,0.0002305227656626512,0.0018151867044690737,0.0005846529992771096,0.0014834859691323235,-0.00033604486987951805,0.0009737749100709539,741.985286119597,9.923611633698952,758.3261434562091,4.383576314279423,794.994075562107,4.954592268196738,32,https://example.com/TODO
41,,dis,5,0.2923155741515151,0.30935166604984876,-0.031686465837349395,0.02736475042310198,-0.018733566506024094,0.05144760268682189,-0.17119224843373496,0.1622000009637923,-0.0004157795225301193,0.0015756082125806606,5.5378927710844584e-05,0.000978864086820045,-0.0003417751028313223,0.0007373344245738554,771.4802132586445,6.566863867818764,758.3581542304476,1.3918941364248962,794.2100852681272,2.852996393007295,28,https://example.com/TODO
41,,dis,6,0.2830549275939394,0.2738430469056848,-0.04529469114457831,0.037122576137970015,-0.0029655918734939764,0.055043683200850575,-0.23749274587951807,0.13037892670876508,-0.000268663485060241,0.0014756354518898425,-0.0008148507078915633,0.0008838386538548535,-0.0005469302124096313,0.0007590185747878639,764.7869259396106,7.111082367270928,755.5261223558434,1.9647846008255705,774.0522576379632,3.4137649151702356,28,https://example.com/TODO
41,,tomloc,1,0.2815261239696296,0.2630966881803969,0.058697260073529406,0.03621281296904811,-0.018468744063235294,0.09245293408980763,0.0009172162205882352,0.10219336775231735,0.0025035595294117647,0.0013986664161013587,-0.001124679494117642,0.0008719167168814328,-0.00016438964093381985,0.0009501158021440829,757.3051154621776,10.32580107409762,756.7515656545594,3.5555678423230064,791.8045740636875,4.326040241416151,23,https://example.com/TODO
41,,tomloc,2,0.26661147735259255,0.2586524429769564,0.005858298562500001,0.031048405552306823,0.00818149669117647,0.06341587753413043,-0.0710312832117647,0.1107990945916653,1.970344639706029e-05,0.0011680877540669195,-0.00048240719999999336,0.0010388228608292104,-0.00011880473830882353,0.000833738896402538,737.5580035767058,8.102030581652182,756.3321155224249,1.6418204574188175,791.8761925722685,3.7437920567185703,14,https://example.com/TODO
40,,dis,1,0.6991729765915151,0.4158395461949836,-0.02846243458253012,0.04991888917089834,0.28964185649999996,0.22660412229840154,0.11818826132530122,0.1850411874164083,-0.0017350124469277097,0.0029138640657472605,8.56079830120458e-05,0.0007283447982154955,3.182979433734758e-05,0.0006170193688049584,952.7262572725023,10.242292426139501,705.699659906928,2.133220577484526,729.3281406775407,2.930791789477072,117,https://example.com/TODO
40,,dis,2,0.8332981709951515,0.34454680579832453,0.004333198656626505,0.03423935263046802,-0.3719246495783132,0.2606663874836257,-0.03723751223493976,0.16557600496024205,0.0008513976201927724,0.0020652798173005755,-0.00017230402825301144,0.000866391596508341,0.00012434526759036145,0.0005401211980795761,933.6221799509793,7.791593672423293,703.4695393209669,2.449983268447256,730.0998436101452,3.0399817606165715,142,https://example.com/TODO
40,,dis,3,0.8099257000254545,0.3967885135557294,0.04033914290301205,0.025849163412349965,-0.3860647921686747,0.26825740563900324,-0.17855092909638554,0.17200011841865892,0.0017132483138554198,0.0019360725939004538,0.00036327438192770845,0.00047712516079654303,0.00031327180710843315,0.00033602436234803746,963.7188134761046,6.918480440740925,707.9402683129766,1.9534353186797948,737.9565384324803,2.6806779480378853,129,https://example.com/TODO
40,,dis,4,0.9635680102545454,0.4483069099988718,-0.021432915867469877,0.03533488841445952,0.3002128544337349,0.29167147218397277,-0.02227651578313253,0.1929359818299817,-0.00010954253012048192,0.0025233920672686435,0.00014374849125903675,0.0006267308737046723,0.00011289203204819037,0.0005451916758373245,960.8848774824397,7.313163028349086,707.2988446822493,2.523654399772456,734.8195121084802,2.909173754560371,139,https://example.com/TODO
40,,dis,5,0.8282047700363636,0.35225168965353293,0.024465033427710843,0.04226507734158759,-0.251008822813253,0.266713800584095,-0.09692654855421685,0.1633820682752791,0.00030968174698795,0.0023329025818981113,0.00019151082463855301,0.0006313850004279247,1.6814478975901803e-05,0.0006183903808939096,971.2780158810601,7.477231826263664,708.6385939300696,2.537144103146149,737.529133081538,3.0269117355478112,136,https://example.com/TODO
40,,dis,6,0.9683977922278788,0.4083983851723863,-0.005123493852409638,0.028891740238112078,-0.1981775411807229,0.30046184480577,-0.27658073,0.18812080431990869,0.0023166483234939752,0.002186529270894289,0.0008229019927710796,0.0005848512418663692,-0.00031031630927710603,0.0004694244416377919,952.1730097103008,7.235663490191738,706.9290321491146,1.7543128171668096,732.1935505064595,2.8378466417064687,147,https://example.com/TODO
40,,tom,1,0.7711260289185186,0.37513938917540274,-0.03087474976470588,0.030093098083090488,0.2800160698529412,0.25163990358281535,0.0016554606617647048,0.16135396570323993,-0.001428649916911767,0.0021673164085989588,-0.0004269629352941125,0.00039145043018518766,-0.0001640538177941169,0.0004541324677912633,972.1257200562213,5.343939476235704,708.3529905861204,1.3756111626281602,734.5791923369884,2.526411377177453,104,https://example.com/TODO
40,,tom,2,1.064290598837037,0.43260525675325806,-0.03340817344852941,0.040420607940640375,0.34734704558823526,0.28383454935316166,0.062085230588235285,0.2391771701287701,-0.0010259802595588242,0.0027253686612448086,1.3640070441175733e-05,0.00043311776908030243,0.0001623090497794103,0.000355654076993588,963.0388254741157,10.26960133535797,708.3733298265115,2.890144507708126,735.1593784682166,3.432505452870972,124,https://example.com/TODO
39,,dis,1,0.37921794885515153,0.29108750406969336,0.004572929698795179,0.04198813422136482,-0.10039419080120482,0.0986104669203665,-0.04729507054216867,0.10823486059000885,-0.0010005663868072289,0.0013691458738019334,-0.0018451343012048193,0.000786600505745921,-0.00022747083794578195,0.0006880417276506396,941.6238321282779,6.887759991042492,805.9355551218382,2.3130731489604615,853.6373575106962,4.0052498446893345,48,https://example.com/TODO
39,,dis,2,0.42827561973333333,0.27765195940830933,-0.0955888893373494,0.04631898692278328,-0.04182543812650602,0.11001692409528313,-0.1308661615060241,0.12029684246395625,9.603646855421626e-05,0.0011211480733043005,-0.0002591696068674669,0.0007877067942972696,-0.0008093421260240933,0.0009046842139193564,940.5603507401245,6.5538629657030905,812.6612254222997,1.550051283576448,855.7826294108529,2.8036659214480633,53,https://example.com/TODO
39,,dis,3,0.5136241397393939,0.3115422182753327,0.03202872567469879,0.04121491375711526,0.2778200003614458,0.1430914750474738,-0.07412216256024096,0.18066032209123645,-0.0014112359640361426,0.001192418391655641,-0.0005234411023192753,0.0006886809350933611,-3.309060897590422e-05,0.0007325353903286215,947.7220771171263,5.610534931909372,816.482094190891,1.8497821098438816,856.1602273923813,3.2206220331205215,68,https://example.com/TODO
39,,dis,4,0.5829593592242424,0.3006136819582816,0.06843876775903614,0.04564916923192691,0.40843829981927715,0.1632929224545865,0.04747037896987952,0.1658292536731696,0.000452031859036144,0.0015501762214347313,-0.0005637120076505988,0.0007578005217689346,9.50138219566253e-05,0.0007864679422567484,948.9372952389964,10.726100868691667,815.6373995191564,4.78077521511082,859.0695915311455,5.646230026435404,89,https://example.com/TODO
39,,dis,5,0.4851134339012121,0.255014796962406,0.05430327942771084,0.04063234443187323,0.2808568236686747,0.14893814163872263,0.04196836725301205,0.11165198944880655,-0.0005854003106204808,0.0013461198136700784,0.0008930017969879476,0.0006710917952702079,-0.000509370007590359,0.0006227874118699561,950.5143909954737,5.729202396638707,817.918172650778,1.6555149480849074,858.2630313296381,2.9299626744055653,64,https://example.com/TODO
39,,dis,6,0.4658181924375758,0.2597450024157721,-0.0689341498126506,0.047563446239845,-0.09822214823493976,0.12739965519024316,-0.0832854456746988,0.13060955002399696,-0.00017557849638554036,0.0010170975147341765,-0.0008077046409638519,0.0006030569596864232,-0.0006175701680722873,0.0007459683145014369,946.3802362780601,5.570303598513793,818.2117210923406,1.640971453335399,862.5658622849102,2.919488143216,62,https://example.com/TODO
39,,tom,1,0.37378254643111114,0.20241868201391097,0.02949777491911764,0.03298924407898186,-0.06654794323455882,0.12038241299650208,0.13082173588235294,0.09079783399061431,-0.0003825239429411765,0.0012859848101406512,-0.00048369000845587646,0.0006181908671872996,0.0003370758882352905,0.00046529963758407594,951.377735754429,4.251908836847334,816.526057013781,1.359633721674872,860.12838111988,2.5451416898304053,34,https://example.com/TODO
39,,tom,2,0.5046471827185185,0.25928445381127624,0.06579777485294117,0.05167031128811226,0.20567686602941176,0.14315332156832028,0.0033184250735294137,0.1390355501534143,0.00041055706250000146,0.000960944052820128,-0.0002036985558823522,0.0009178696299965256,0.0010203706070588206,0.0007597705401402484,929.5062176255424,4.77712644122815,806.1954487880649,1.5421216666310613,850.7272104338484,2.9348463393156896,61,https://example.com/TODO
38,,dis,1,0.3030154141218182,0.13225907457521785,-0.001882094775301205,0.022224046132569803,0.11306797274096386,0.11190923368062286,0.09603524637951806,0.07481071079020536,2.0866727771084336e-05,0.0008275150205409896,-0.000254263205602406,0.0004722469998672777,0.0008968701265060235,0.0008821836000813632,872.1176947282113,3.223450230867891,765.859531391979,1.788342389547177,772.0592623817166,2.104214954580395,12,https://example.com/TODO
38,,dis,2,0.2976793307151515,0.13154055977755325,0.04488134293975903,0.021702334257631767,-0.01314804703614458,0.11210686058512559,0.06775980733132529,0.06428708792510675,5.9508329704815065e-05,0.0011080266961450167,0.0006318944772891567,0.0006740263492736282,8.001861795180723e-05,0.0003411044898423798,875.5428580749613,3.3306280232913847,766.4763542036372,1.7051641735220555,775.0706700871251,2.371602896612867,11,https://example.com/TODO
38,,dis,3,0.2798010638242424,0.12292633413608532,0.000274305566265059,0.017152121433237823,-0.1012692295180723,0.10738627115718435,0.019377646650602404,0.05594654649181311,0.0008172846842168668,0.0010385508621870542,-0.0001478079879518042,0.0005737181621961904,0.0009584310367469848,0.0006832175691278186,883.0844638716196,3.1385380976913253,772.5670010681641,1.5029244244148519,778.2301767379514,2.040109110885903,7,https://example.com/TODO
38,,dis,4,0.319570790240303,0.13485132548952566,-0.006128444889457831,0.019436588422906614,0.03141370235542169,0.124076031611187,-0.00759440989518072,0.092613433210856,0.00022915236096385602,0.0013224604435836675,4.612477048192952e-05,0.0006126735289843217,-0.00025719004591565905,0.0005893421833286177,876.5628549700311,3.922112559099033,771.503006909412,1.6502098464110988,774.4709123714455,2.148324107979317,19,https://example.com/TODO
38,,dis,5,0.30762794865272725,0.13866774950656902,-0.0086962491439759,0.01752000677878926,0.025426414698795183,0.12273761858028864,0.05394775343373494,0.055537165582810764,-0.0005515689222891536,0.0009641639107019403,0.00020971402072288674,0.0006109099076179025,-0.00045656236831325,0.0005959872150661478,878.9600728889254,3.4639285850869856,773.1848468768644,1.256488876349804,773.4670078531783,1.8874477883984888,11,https://example.com/TODO
38,,dis,6,0.33214948056969695,0.14140000156024468,-0.014008947656626504,0.018940413734402264,-0.13012440174698797,0.13287898204197643,-0.026298239155421687,0.06560714722447795,-0.00048072841626506206,0.0009262642945723614,-0.0007324136895783115,0.000716256440885308,0.0009835679413252988,0.001008161093601069,871.9090469036556,3.450003587292032,773.7863830553061,1.4232519156070793,780.4315707798438,1.7679100517921051,18,https://example.com/TODO
38,,tom,1,0.3077337833488889,0.12253619603291803,0.002929769843382351,0.018367791019724477,-0.04663868080882353,0.11981966501016372,0.07757692448529412,0.06408483138106127,-0.0011896285757352948,0.0010268487100853548,0.000264326759191175,0.00046976417114868036,0.0004392707404411765,0.0005341807278129787,873.2099948907662,3.214877515721703,773.5027601796213,1.1188702154855814,778.9051016757993,1.337158665720712,6,https://example.com/TODO
38,,tom,2,0.2925284456222222,0.13362573648363432,-0.029400117389705882,0.021323598564294277,-0.06724338035294118,0.11459095081148729,-0.08238817413235294,0.04213146108893577,0.00026229520154411544,0.0007499918094121666,0.0008408766830882346,0.0007786834556396485,-0.0011233070117647051,0.0009045445658118705,875.3468383016154,3.0750167651991567,771.6784272226714,1.1210743349476282,774.8263135625202,1.4610672047912432,10,https://example.com/TODO
35,,dis,1,0.6410491466242424,0.4234879924572297,-0.051744717831325296,0.03594090776543349,-0.35566662475903615,0.21459515523277128,-0.18639619924397588,0.18755749353123566,0.00016697695240963734,0.0015752119377870951,-0.00017430381874096205,0.0006835880836001146,0.00020823487518072047,0.0006123100089486923,799.2221691531478,6.722582893407277,686.5170213610323,2.088346709622829,727.8542886102676,2.6108564677357435,94,https://example.com/TODO
35,,dis,2,0.613648743710303,0.44132011502034707,-0.019754484498795178,0.04486982375101742,0.20718180873493977,0.1805458632072559,0.08953069120481928,0.22494695699826034,-0.002501143494578312,0.0017272082234421823,3.9060802469881325e-05,0.0008248310978621584,-0.0005713060921686699,0.0006390557955807232,805.7157780991926,8.522762405696376,690.1742441236223,3.532988282133114,728.5048240124622,3.9596374424284155,85,https://example.com/TODO
35,,dis,3,0.6792906092242423,0.395017503168058,-0.06706352975903614,0.03447574962312846,-0.2704951289819277,0.23428739345378916,-0.3476194554216867,0.20703610321534413,0.0003767637849397573,0.0011560448896919707,-0.0006666336889759,0.0007755226221637495,0.00019226065378313313,0.0008975631537417435,779.5833980440527,7.0984304854665,688.19996137742,2.360921035751883,730.8201697229593,3.321066074010333,109,https://example.com/TODO
35,,dis,4,0.5382138780787878,0.3080285289034089,0.0686500813253012,0.04432703018432828,0.3320212586746988,0.18853572937110014,0.26228148975903615,0.1605862999504128,-3.501984819277048e-05,0.0011612784281968297,-0.0005396136536144549,0.0007605385882962217,0.00011339554656626385,0.0006254048305787172,799.6143355711146,7.021271655930137,689.9550373571135,3.224783094069268,733.860139145886,3.614081259589344,78,https://example.com/TODO
35,,dis,5,0.6452488633333333,0.49440613836992214,0.002580702560240962,0.03226245111272753,-0.2086905651807229,0.2030002467541534,-0.06316577512650604,0.22165044613947288,-0.0004734632674698759,0.0014498223120216918,-0.00011454859439758976,0.0007431584799612347,-0.0011441271783132507,0.0007582278897825315,785.3692274116496,8.330135675593532,686.3539862601209,3.355387252989773,730.1366363933907,3.3618278387341265,90,https://example.com/TODO
35,,dis,6,0.6552205615418182,0.4563320254946361,-0.009967740872289157,0.045534741612034656,-0.20846106156626507,0.21452480090702786,-0.3249651596385542,0.22290222877049443,-0.0009877695387349385,0.0014829408519895838,-0.0004761160865060157,0.0006537279605699671,-8.178472090361506e-05,0.0006525017887641987,786.675244577627,8.621551024208609,684.8335328053901,3.1794929435641923,730.3256491670112,3.63206542227813,98,https://example.com/TODO
35,,fb,1,0.37587666226605504,0.36307360873270816,-0.002103294818181819,0.02439753469426031,0.03977011472727272,0.13313858063303385,0.07836762654545454,0.17973917086570987,-0.000917275520181819,0.0011626141379578938,-0.0007371298054545427,0.0005450151921913499,-0.00019058373390909002,0.000451207761363458,791.9949767014054,6.00729144721925,689.8978170403788,1.2586906755977096,730.873503545831,2.7954263553384613,22,https://example.com/TODO
35,,fb,2,0.4463794455045872,0.5353443402282821,0.04708029479107272,0.03833540650296333,0.0033552972727272728,0.1465220583782515,-0.20811294636363636,0.21726158155142805,-0.0008817984586363618,0.002488204177252844,0.00020273093463636364,0.0009603162403440123,-0.00024896775518181455,0.0005974191940831612,811.1228951249501,15.385244091043702,694.4854939421604,7.815932651456164,736.6365196831558,7.76694997483526,24,https://example.com/TODO
35,,fb,3,0.7953271635155963,0.468122528441621,0.00978706081181818,0.05087343303142726,0.13952118854545456,0.20881689793731584,0.011740808,0.29698403098260723,0.0003316359190909082,0.0013571452852792624,0.0001197918169090909,0.0007950368503019377,-0.0008709684799999981,0.0008650020121486755,792.7911788362445,9.200331645260176,687.2513062247377,3.8183654522404953,729.0756850229723,3.8201465447813567,75,https://example.com/TODO
35,,fb,4,0.6176978667614679,0.35006494827029916,0.026326983918181817,0.049359581333471785,-0.03672577713636364,0.20665929219667362,-0.21595135072727273,0.20601030753202984,-8.627559e-05,0.0010786528930967212,0.00016510234727272819,0.0007339484015907551,-9.460868218182e-05,0.0006403269109653224,782.907332370453,7.1274689271093346,683.7915809610201,1.9106198731192983,730.3379380498444,3.091872183441094,61,https://example.com/TODO
34,,dis,1,0.28570297528424243,0.16647618135220854,0.002084922560843373,0.01351610539151546,0.13871562409638555,0.10953379972376348,-0.054548133975903614,0.10492929215081698,0.0011425768391566272,0.001299237498193807,-0.00028049460746987833,0.0006719689695297025,0.00037012840587349215,0.00045502545910587844,817.6437127405263,5.642695851306608,711.4412637373583,2.5641691602195373,733.2674901162419,2.8844714685037776,14,https://example.com/TODO
34,,dis,2,0.3321017556121212,0.18463361932667396,0.01957404156626506,0.013111042558419272,-0.07590252638554217,0.12493863727114471,-0.1481425968674699,0.08149481771623625,-0.00023881579361445721,0.0013585677951269079,-0.0007501020754216801,0.00044830727262600337,0.0001943116134939753,0.00043203682361735775,831.8422438015715,3.5358996590263527,719.8902166581463,1.132911149476032,740.2406085636605,1.9719608007835836,21,https://example.com/TODO
34,,dis,3,0.2939001346818182,0.1801489913739254,-0.011839095942168672,0.013255331578669266,-0.12361619222891566,0.1060915972369015,-0.06734495361445783,0.09929713971907404,-7.556068777110228e-06,0.0014036018355496592,-0.0004843958612048187,0.0003845288275037299,8.900704036144518e-05,0.00035152869390809563,819.4338849378487,3.638574655788671,715.9659786140962,1.403473881439336,734.9884306736291,2.1403004876424605,15,https://example.com/TODO
34,,dis,4,0.2750242283569697,0.16429448883404071,-0.01399461454879518,0.016499683807831674,0.11430615547861445,0.10076874381680573,0.14902846144578313,0.08428985673084505,-0.0002476485318072271,0.001237368766369742,3.550158704819277e-05,0.0003398919247366757,0.0005197021221686729,0.00048654033629331984,817.4149691481341,3.285280023784,722.0772342739873,1.2081573114967692,738.3318514318153,1.7564277797698116,15,https://example.com/TODO
34,,dis,5,0.2561374868060606,0.1416307275217641,-0.003958111722891565,0.012397264939654826,0.13035140220481925,0.10070016291319184,0.11757454074698795,0.09216515791072881,-0.0002207658800602398,0.001131426458194451,-0.00022359494638554036,0.0004276936672834661,-3.194596295180662e-05,0.0005297671437596881,816.6795003391838,3.679851688375647,720.0922292784826,1.2966648849755846,739.9468035476168,1.849593437038024,8,https://example.com/TODO
34,,dis,6,0.3366817496872727,0.22451829417808017,0.011769769908433732,0.01491825833214287,0.047833992891566264,0.12609837198593213,0.06964292545180722,0.07067531494501672,-3.8140680722849337e-06,0.001629814718693579,0.0008804303987951736,0.0004638077794342339,0.0007180147778313241,0.0006556106804306623,807.2769106446141,3.271870838984181,719.8645377610613,1.0684694447430887,740.0493628200297,1.6104106148404904,26,https://example.com/TODO
34,,fb,1,0.30266322780550453,0.14224457611353003,-0.0012999415418181834,0.014846663530613882,-0.12952134454545455,0.11598930300306179,-0.020150995818181815,0.10567037702144307,0.0007220051000000027,0.0014058114170420332,-0.00057698822554545,0.0003210021438065837,0.0010122590518181773,0.0008025719074109161,791.3803703118723,6.823050482112912,697.6746938435261,3.0743003987479516,719.1322957101013,3.7418573570927482,9,https://example.com/TODO
34,,fb,2,0.2595227956844037,0.1576068538888887,-0.0006997014163636345,0.010216052795366658,0.046247504,0.0976967468341105,-0.011303704495454543,0.05720269306017472,-0.00024289284599999906,0.0011914570465451572,-0.00013207322281818181,0.00031749882682456627,0.00042664683190907183,0.00041693727540791054,806.4194486289945,3.5350869245207646,706.6349770054011,1.4762136329740867,727.5670026667343,1.9044454754855606,7,https://example.com/TODO
34,,fb,3,0.22533572440055044,0.09909296401298731,-0.034870326,0.011913855274850563,-0.06101639478381818,0.08766387236475708,0.03268056944545455,0.05419903734621574,0.001445477207554543,0.0011452371330421896,-0.0010952284254545446,0.0004124088074396498,0.0008192020072727218,0.0002816240685266106,820.0434487219246,3.849433454324668,719.0016268569743,1.1084210788683897,739.0008566735452,1.6360283162730593,3,https://example.com/TODO
34,,fb,4,0.27038998198972475,0.1319461807598653,-0.006079870099090909,0.01192332275856577,-0.15425667018181818,0.10861094239774496,0.059664559,0.114778865885803,0.0012630141360000008,0.0013069183686666235,-0.0004345124019090909,0.0005144021086166861,0.00025611838745272453,0.00046339993085658525,810.0631411972752,2.932656825694802,720.2092334747642,1.0158768715754194,738.6441541080778,1.43126430619613,4,https://example.com/TODO
33,,dis,1,0.15682285459987877,0.0894793874302161,0.007710786210843374,0.018317805769369182,-0.024158481423012045,0.047803535403933756,-0.0878176081560241,0.08504873552017896,0.0004392551740963849,0.0009342026923482449,0.0011063013971686748,0.0008679811923793833,-0.0002954942047590343,0.0005459860024701013,935.7810067133719,2.874331918751869,772.504130663442,1.4745014079340621,804.7684151312527,2.18783066993675,3,https://example.com/TODO
33,,dis,2,0.16166941571272725,0.07742610550724008,-0.025652453259036142,0.01700848972668966,-0.018266460837349393,0.05061437744209978,-0.006175567933734939,0.059918201282690396,-0.00045703793068674396,0.0008531771242673097,-0.0006302469354819235,0.0005908841890709822,0.0006445028948192765,0.0006685637946608761,945.3190183276358,2.4250283980784846,783.5336867636166,1.0802654030204208,815.2125698712566,1.915176942729141,2,https://example.com/TODO
33,,dis,3,0.14345513225090908,0.07777099779382286,0.008345165975301204,0.01909282731447363,0.06521719536144578,0.04876668212416641,-0.13401751493975905,0.08852595256186688,9.493230060240844e-05,0.0009608980345751354,-9.87746115060241e-05,0.000698956027396572,0.0006082236789156609,0.0005116222532948409,941.1283545190184,2.681376594100739,775.7715461691886,1.3472500132768246,812.0374520255485,2.2383210595595386,4,https://example.com/TODO
33,,dis,4,0.17997670846242422,0.0881028543321524,0.0022399681590361447,0.018844693347256476,-0.025240724157228913,0.050209220307341255,0.028388698192168674,0.06561661233505306,-2.353166879518072e-05,0.001243460433330087,7.048015818674699e-05,0.0005418534027029743,-0.00010804975391566325,0.0006185495817519487,953.8318666788854,2.2469399966169794,783.0855338213404,1.2154088542621486,810.9369240256168,1.90233182159818,3,https://example.com/TODO
33,,dis,5,0.18405446617939392,0.09179910135040774,0.02013643963012048,0.021835846454088557,0.02421354829277108,0.05244528544271921,0.01618827798192771,0.08156210882345324,0.00035447445879518015,0.0008336962762684049,0.0005824137578313199,0.0006751996448998612,-0.0007073194196987928,0.0006370587972980967,944.3436743564988,3.0412167809552484,777.3862463415257,1.319481920436887,808.53143812648,1.8706874955645725,4,https://example.com/TODO
33,,dis,6,0.1847094340939394,0.08648878004273831,-0.018089661153012044,0.01991432856317855,0.06012539234939759,0.055016925249074075,-0.07797698543373494,0.0546915629177324,0.0009786911234939742,0.0009521005190955012,-0.0001444241060240988,0.0005650346388861747,0.00109193645018072,0.0007530444629406281,943.8104588187446,1.7111196789121363,779.4678257904608,0.9173832741195745,810.7784213537318,1.3669031025741312,2,https://example.com/TODO
33,,fb,1,0.1874340744444954,0.09284116859112002,-0.027765201963636365,0.02066372595737166,-0.026144504545454545,0.054474216291691906,-0.12903724668590907,0.10826645325802071,0.0008016220585454491,0.0008269702325432838,0.0003644225018181827,0.0005887057938920685,-0.0005258756986363573,0.0005673916760742886,920.720553776655,3.6442683981944755,764.1589766167059,1.957820483793562,800.483389246638,2.63611526732914,1,https://example.com/TODO
33,,fb,2,0.16016953673761467,0.07468152562551633,0.009391188872727272,0.020497560394085478,0.008916484567272726,0.045151590684097534,0.048450269454545454,0.05601650590126916,-0.001127620454545451,0.0008182599357952171,0.0007032455472727237,0.0005948966389991586,-0.0009531950527272681,0.0005139860310793231,934.3397237807512,2.3188385529158255,769.7072577637917,1.1964366865610185,796.8159179276311,1.8272254705804025,5,https://example.com/TODO
33,,fb,3,0.19057864743840366,0.0799222815580129,-0.018447843292854545,0.018004753407090436,-0.02530880408181818,0.057416523793842766,-0.03420988971818182,0.042716196036317454,0.0007627844847272717,0.0009519422066605495,-0.0002675607125454518,0.0006647204612002882,1.2013667272728186e-05,0.000628548099188415,952.2032062484586,1.827575688371783,777.596756177999,1.032018626963735,809.3061996213557,1.5525132493114084,2,https://example.com/TODO
33,,fb,4,0.18448586361651376,0.07715552197475117,-0.003202599887272727,0.02030392361764924,-0.06352535327272726,0.053291637018433036,0.002350974500000001,0.04814425388645307,0.00035186165936363636,0.0010416836987560789,0.00026708328,0.0005957490747530047,-0.00021045693372726636,0.00044258240958491336,941.3882052665537,2.0792152218243984,778.1015386789961,1.0425567836378142,810.0291493899465,1.2975267346688524,1,https://example.com/TODO
32,,dis,1,0.6288109110363637,0.5497599524842988,-0.014209823246987949,0.03956612861958118,-0.15504359361445785,0.16796015601151024,0.07317999971084338,0.24473590824294897,-0.0007895339463855421,0.0020559077477435173,-9.695774120481988e-05,0.0007734397187779529,-0.0004974111057228879,0.0005163114628457117,1012.2198073198994,15.380506200211407,759.008674820626,4.465419743238297,772.545392463418,4.678994678800534,78,https://example.com/TODO
32,,dis,2,0.3974507383416363,0.5466267400739009,-0.004866005715481928,0.047210224658955635,0.005251789885542168,0.08234636909890636,-0.04896368345783132,0.23973981676064882,-0.0006827084734939728,0.001808851140232848,-0.00023668314138554217,0.0008645679488177878,0.0004678132484939759,0.0006823596004345291,998.2748599539136,11.7174135641272,755.1974430277912,3.8260992102131417,768.2047145791581,3.3327172670544147,36,https://example.com/TODO
32,,dis,3,0.5418533204092121,0.489392994081339,0.007086651170120483,0.03568573280758231,-0.05985867537349397,0.1369627912253335,0.17115097891566264,0.2467871667313159,0.0006987415945783138,0.0021039179736674607,0.00010364303530722832,0.0005279579457973677,-0.00022506151807228918,0.0005342412821193283,1012.6167954667915,10.864239158951536,763.3097600146262,2.8588709999625492,772.1237769395512,3.248843791816498,60,https://example.com/TODO
32,,dis,4,0.4769200276909091,0.46961112450856524,0.025409003716867468,0.053201199117087906,-0.6429753433734939,0.1588889434281622,0.3819221746987952,0.1990793185581145,-0.001154616415849397,0.0014998081529061919,-0.00029181172172891627,0.000919294531244229,-0.00024291204132530182,0.0009540221204205611,1013.141002113558,9.715859271386863,755.8504396244011,2.634487993780441,767.4836843124003,3.0260930496335554,50,https://example.com/TODO
32,,dis,5,0.4889539673939394,0.46203433748606665,-0.016315269054216867,0.038046718414392104,0.0860100334939759,0.13123506851048292,-0.22385661734939757,0.22921762242575633,-4.52048096385542e-06,0.0020574622154254994,0.0007147841120481904,0.0007224638167432526,0.0003329962938554193,0.0005298669973222618,1010.0002422790344,12.890922410229576,760.0433805994736,3.393733591264319,774.7433103101691,4.243902876091334,50,https://example.com/TODO
32,,dis,6,0.5341952884090909,0.5519435809152573,-0.04224820152409638,0.0458851192806646,0.0022989951126506027,0.11669716081810086,-0.1536844311445783,0.265497000358952,0.0006084743990361398,0.001956091144380846,-7.412789774698796e-05,0.000905783511043009,0.0002993439819819235,0.0007270100568734135,1009.5009933647979,10.534599632582424,756.0863690936579,3.13877894663522,771.9823181472107,2.985758100346428,55,https://example.com/TODO
32,,fb,1,0.32048563198715596,0.3242602945547955,0.015713406466363634,0.02603248223655484,0.06304145463636363,0.08778409233343623,-0.05192558025454545,0.19335236664904393,6.413967363636273e-05,0.0015100861927314225,0.0004239622845454536,0.0006130710571710456,-5.922216135454364e-05,0.00046919586700029984,997.4030879321099,9.290450518490136,751.5346513267906,3.1851844104490676,765.6082882166478,3.1082919382915173,18,https://example.com/TODO
32,,fb,2,0.33738984930275223,0.3744620086652146,0.029160542454545454,0.03369555808927674,0.1402643422,0.08301027618440333,0.09553096284545454,0.17980570304271887,-0.0006140174063636326,0.0012038980343839945,0.0002603764994545427,0.0007141772967908342,4.462032272727183e-05,0.000793845761748308,1004.5042800158466,9.480919842234677,753.0461764337106,2.0576193780392784,769.6965422140601,2.199570968125884,13,https://example.com/TODO
32,,fb,3,0.533257060186875,0.44818910511074433,0.0018886492352941117,0.05441597618946907,0.02033603488294117,0.10101631372354224,-0.04674715882352941,0.27460724010541415,2.4238041176470603e-05,0.0014453884231255413,0.0001249657529411765,0.0010763759307747167,0.0001186211205882353,0.00035028067363735837,1008.008177748995,9.692574755103703,755.860288554918,3.1560631978307803,773.1678817077519,2.837395620736084,6,https://example.com/TODO
32,,fb,4,0.7115185987431193,0.4427431438953045,0.0069248548181818186,0.0420179628266012,-0.14790983703636365,0.1760817061072249,0.13011652167272728,0.24474798204700415,0.0004197317173636391,0.0018570433259324814,0.0003848601120909091,0.0006036614654418918,-0.0007529266165454537,0.0007857763666144223,1012.5956354043326,11.104392396461627,760.1167297801522,3.0313572435964047,771.6920960702129,4.148113136932011,72,https://example.com/TODO
31,,dis,1,1.0730801315151515,0.9579263090313964,-0.16212661204819276,0.12238515294145419,-0.6840484596385542,0.2509504426561235,-0.7387441277108434,0.33400758158873206,0.0046134400240963845,0.005897699979796693,0.006766338855421678,0.0018325677112421557,-0.003526454385542168,0.00196884706873894,845.0727555776846,21.5787065465346,801.1394604280569,11.471548461376061,791.5497502182067,10.801713745785781,111,https://example.com/TODO
31,,dis,2,0.8879787120909092,1.608291020057262,-0.030843514843373495,0.14019049101133543,-0.42640504648192773,0.3022825734937767,0.13050580427710842,0.2658175937916812,0.003316909425662651,0.010328497406795823,-0.0008030364911445766,0.0012039794406685468,-0.0014175959388554188,0.0011120441030519118,888.6375402370523,11.646774050217116,806.1628954535043,5.524868786686078,804.0828369697938,7.233285891932399,83,https://example.com/TODO
31,,dis,3,0.5021935252690909,0.4125450826043599,-0.019650164536144578,0.07683799394525859,-0.1687624008433735,0.16450879075009886,-0.17109040910240964,0.1641902009187221,0.00012303471024096205,0.003674814027298825,-0.00019299989624096443,0.0007554377569668237,-0.0006998798490963849,0.0011224572257970324,863.1184398651466,7.370532668318369,813.6831550197287,2.913175584199614,812.8668573981872,4.377356110508226,59,https://example.com/TODO
31,,dis,4,0.7973790426181818,0.9355844698782902,-0.6708102879518072,0.1434772899213093,-1.5049263012048193,0.27301470537322653,-0.01742794201807229,0.16640645406009566,-0.015283940843373492,0.0033711121333520363,0.007608842710843361,0.0024875321192701157,-0.0004896933055240952,0.002533252741931636,867.0666778049025,12.4195249024713,798.3116130005386,5.828720263514544,804.6814952073959,6.357052062870735,94,https://example.com/TODO
31,,dis,5,0.9390360587454545,1.1725627933743699,-0.006117117271084337,0.16537705821090207,-0.10959469367469879,0.30753724949110783,0.09613974981927711,0.3190475735846444,-0.0002906792620481928,0.005421647062991107,-0.002058673192771082,0.002292268527103861,-0.0003243812626506036,0.0013107964077346034,840.6580735865854,15.76701703951918,800.4109614441666,7.923264108718807,806.3240726408904,9.296138058580409,84,https://example.com/TODO
31,,dis,6,1.2253043545878788,2.111535233522645,-0.011703927054216866,0.17718744421369487,-0.07871309674698795,0.2734475798304155,0.1376444123493976,0.46980906843700093,-0.00011164795777108436,0.013575751069139122,-0.0003307531915060205,0.0036038651159149646,0.00019677192136747167,0.002900927853814573,829.9161676777728,17.21863998375474,805.8553684893201,9.145027181372114,799.8552230693863,11.554256793850227,78,https://example.com/TODO
31,,fb,1,1.0270847062733945,1.1987995708885972,0.05215152947363636,0.18597284244183931,0.30182535816363637,0.24838174504024174,0.04335845172727273,0.3133071767918597,-0.003080225559090911,0.0092483434360733,0.00042727333572726634,0.0023578291535936986,-0.0011364756996818171,0.0014970375221111194,887.2238510719586,24.70292670473047,814.0821024431962,8.968044040845264,808.899057101646,11.632243640505928,70,https://example.com/TODO
31,,fb,2,0.7776966404255056,0.7883792219020135,0.002849755179935367,0.13730921648727196,0.27929440936363636,0.19291088594344794,0.04166184240909091,0.16024172190933803,0.0003358907488181818,0.0076077542227858405,5.642112181818182e-05,0.001305765876218509,0.00010247852645454546,0.0016707997123364148,883.1189035321148,8.680075569871946,809.9001548207427,2.945659393811167,809.1731738490499,5.953246197581351,67,https://example.com/TODO
31,,fb,3,0.878787688625688,1.2025823387424623,0.003490079673636364,0.08155180395594021,0.030429513064545454,0.2214161723412199,0.014945200981818178,0.33628365243405023,-0.0011052374845454537,0.007616739397196788,-1.6355853090910012e-05,0.0016276187672097696,0.0002465032335454509,0.0012381406371893967,846.0455147076458,14.259777063732887,807.2789401127378,7.429044595386068,799.0098278696918,8.195163581027522,65,https://example.com/TODO
31,,fb,4,0.8500720663009174,1.3240836476432878,0.02451030274,0.19341276990324602,0.08814630972727273,0.18281571072555347,0.010476815636363638,0.27897758603835,-0.0006030974154545419,0.008998774944165015,-4.2291197272727266e-05,0.0025867596187528555,4.332869145454546e-05,0.0017300451569905082,849.3993800987224,10.443599532965342,807.0388781311157,5.390567743910038,805.1484290813685,6.912435478627024,58,https://example.com/TODO
30,,dis,1,0.13210994626060604,0.0744409189926748,0.004412400391566265,0.01937032835748807,-0.03903547936746988,0.03005172110142194,0.018488413951807225,0.05014016372075368,-0.00015675734271084036,0.0006592015909351351,-0.00023636630722891327,0.0004872340943927201,0.00038364306298192537,0.0006951029923044892,968.5639724377384,3.0346073499778043,757.2830563320019,1.7026389071000976,789.523210087352,2.413601258943721,3,https://example.com/TODO
30,,dis,2,0.20286830293478786,0.2411728781832422,0.00850517918879518,0.028625440575104896,0.04018966861445783,0.04602323274122052,-0.025854618349397583,0.11137765538794266,4.137211554216928e-05,0.0009993314157265816,9.413243090361384e-05,0.0008960345679392827,0.00012666819156626264,0.0004992071845898246,963.4926869611621,8.947052441149443,760.1404463751143,1.9963982086188694,794.2908646403314,2.7062232229966514,13,https://example.com/TODO
30,,dis,3,0.16751688649969695,0.24093791186308902,-0.005764820806927711,0.018750303524219584,-0.018913957334337348,0.03462880537449531,0.017656996373493973,0.08484982248202814,-0.00017361326066265423,0.0009510371205642158,-0.00022898651108433496,0.0008354163097936344,0.00039788263433734823,0.0003233971243129724,968.3984806573994,5.671620035957151,757.3455262489458,2.2951517990501316,794.3331750903951,2.6889368465966146,8,https://example.com/TODO
30,,dis,4,0.23588073321563632,0.38878288391098,0.020068762240963857,0.022354221275614265,-0.04123037254469879,0.04463222568177248,-0.07728960734939759,0.205633239501873,0.0005994757951807187,0.0018474863730030947,0.0003344261090963843,0.00044428162776499383,9.481452626506086e-05,0.0005669105077843399,965.0308076578752,12.91373005666924,758.230745426816,5.160430084548528,793.6013468784871,5.726927773337887,16,https://example.com/TODO
30,,dis,5,0.1211324729381818,0.05817957719768466,0.0018307028915662655,0.01765435526057613,0.030584474090361444,0.03133564531210168,-0.07618136093975904,0.04473761693840332,6.606861682530242e-05,0.000511287448460152,0.00010186271072891567,0.0002445488127659971,-0.0001763730265060241,0.0004691106947921646,973.1982028549677,2.8853717561858847,761.182587145951,1.1303913669951533,797.5722503405696,1.854087920784849,3,https://example.com/TODO
30,,dis,6,0.1934514539369697,0.4392048373962071,0.005174308634337349,0.02112831609453091,-0.04706488771686747,0.05632971167570158,-0.03503609902771084,0.1521900691249188,0.0007726711367469875,0.0014402122853151914,-0.00012630249662650604,0.00048783737323845595,4.5102728734939766e-05,0.0005016030684562543,963.2267441341654,9.193934535652765,760.4529340050337,4.1463210937906245,793.8021068925734,3.8127972733775017,12,https://example.com/TODO
30,,fb,1,0.35158194885467886,0.6986338267756791,-0.004060805307545452,0.09701017681728621,-0.0314365141190909,0.05833678074061783,0.10594332545454545,0.2883247853088865,0.0003709728790909109,0.001947315371836976,0.00014320764327272728,0.0009898584160049622,-0.0004396306739999991,0.0008005110759628976,950.3103158420654,21.886757779348198,750.5914023665442,6.35889087364428,782.1966139613091,6.827991621408849,16,https://example.com/TODO
30,,fb,2,0.1762916955544954,0.3342270146064057,-0.002746859488818182,0.012469588427902547,0.02918122016363636,0.03890381797370024,-0.037612358090909084,0.10646861240789103,0.000562460420909089,0.001497729695668758,-0.00023247408545454547,0.0005360446356740859,1.702116363636362e-06,0.00029405791916714243,971.1781324075587,16.820210839746704,760.0153217162598,4.284114519591132,791.435521860703,5.482332829946918,5,https://example.com/TODO
30,,fb,3,0.14134380301834862,0.07888460270216537,0.00577186847272727,0.012916405520420294,-0.04182651979090909,0.0360299001726134,-0.053615492499999994,0.061629404410853524,0.0006596286419999991,0.0009453275727393644,0.0007218164132727273,0.0006507755474474204,0.00022712507172727365,0.0008003643964394109,964.3628536796432,2.930449874026243,757.1961887203175,1.1910600186396567,794.0690923574788,2.0344307816282483,3,https://example.com/TODO
30,,fb,4,0.15403426973247705,0.046904515189958744,0.003649724461818182,0.010813813239070725,-0.015790602197090907,0.04361696801630644,-0.04079559950636363,0.021768687994104457,-9.311270796363545e-05,0.00041610740572734726,6.561924327272818e-05,0.0002743018986137876,-0.00021710073727272726,0.00024419417000424103,969.6241118435969,3.544714442494293,760.6842094613212,1.1244520639990134,795.1103914220878,2.0992279940212537,1,https://example.com/TODO
29,,dis,1,0.2576713038157576,0.16781686497139378,-0.010615346672891567,0.015869497915947113,0.12664697536144578,0.11054154714460071,0.0008072926265060245,0.10674868800491696,-0.0012483489192771065,0.0010869450269921496,-0.000261650975963853,0.0007410195777176516,-3.230637289156807e-05,0.0006387313519252013,831.4181797379858,5.434333915044298,710.2583652091315,2.9533011328890897,718.8539963474957,3.626515657400988,12,https://example.com/TODO
29,,dis,2,0.21546590344363636,0.1299451558820218,-0.018886867487349395,0.014821968411794107,0.010482254024096384,0.08791517196700663,0.0018911656084337376,0.09879696336617143,0.00036791178253012046,0.0011662065204220797,-0.0004994467451807229,0.0007680033650502103,0.0009861703614457826,0.0007174344328794274,872.8132658750479,3.246630423664885,724.7955237355583,1.03499499051302,728.5513435492461,1.698975948949535,5,https://example.com/TODO
29,,dis,3,0.24972333052484846,0.16964067033573182,0.009628782627108434,0.016442300349823444,-0.045772711867469874,0.10388426794702907,0.12500421106626505,0.12816960584725773,-0.0010410200822891524,0.0008763473985144433,-0.00017562555060241024,0.0007546499111773192,0.001160344038795173,0.0006477460590563921,829.9558828457135,9.753771354115717,702.3233139963954,4.826669831352414,709.7528673552773,4.97048148725132,10,https://example.com/TODO
29,,dis,4,0.21976310239999997,0.13117167714104908,-0.007715402372831325,0.02109054471334371,-0.17709575674698796,0.09148371120762513,-0.0021142011566265043,0.10409396699037528,0.0001483871513253012,0.0007533754753263556,0.00015151103253011928,0.0003745658201396982,-0.0003563544810843307,0.0006108449963307196,866.5583176887009,3.2498382117387066,723.0504811604194,0.7788378389958482,729.1131441764496,1.518813395173085,6,https://example.com/TODO
29,,dis,5,0.21255699537818182,0.13219841567099705,0.00572317920060241,0.011467060066463393,-0.0360971563373494,0.0941126600495607,-0.0041408666265060215,0.10641355370736671,0.000560064500602412,0.0010634837787997248,0.00045734867951807234,0.0004371079060402688,0.0009377283102409632,0.0008107871377216125,865.3088823395613,3.971265035971704,712.0949999588198,1.6083611638871915,721.2516296359662,1.9875980674893043,6,https://example.com/TODO
29,,dis,6,0.27417999413151517,0.17827477229324196,-0.020916160089156626,0.032987971477614106,-0.14834889951807229,0.10973274653171104,-0.174575120313253,0.1611952225479701,0.0013740739344578284,0.0009533737045017261,-0.0008145342692771042,0.000653807668912691,-0.00014790860786144578,0.0005536775040043457,868.5084785101593,6.731918580254088,722.3881981099381,2.714771040247777,726.6140752442877,3.3542062266004113,18,https://example.com/TODO
29,,fb,1,0.25666707215412843,0.12430933972331781,0.004812565687272725,0.010433997962315407,0.032663463705454546,0.1066705699615496,0.02802046736363636,0.054382993713903954,-6.968441545454637e-05,0.0006627034330367711,-2.9702408181821816e-05,0.000453089979256859,3.891998818181364e-05,0.0003968579106641322,858.7734910684553,3.2076853932960936,709.9319946531346,1.4302920848974814,713.4468612529843,2.1164353512423717,3,https://example.com/TODO
29,,fb,2,0.2866161062018348,0.16433285450990043,0.030233856745454545,0.021683567329286734,-0.1429832880909091,0.11904202659344457,-0.09319916254545454,0.09665624132311115,0.0008838236079999963,0.0010210336794264764,-0.0001624130215454527,0.0003059171812323111,-0.00101444816,0.0010868809266807464,870.3080916425569,4.0174375326398835,716.3442454032743,1.3455298235439739,719.556420831254,2.085775803762622,15,https://example.com/TODO
29,,fb,3,0.25961114134217245,0.13140586882421731,-0.009786597925923637,0.015220262359207096,0.016452384227272732,0.1111188251917886,-0.03782738526363636,0.05039818307376907,0.00032997353454545543,0.000641642342425625,0.0003079313754545455,0.0004419025410974803,-0.0004682441299999964,0.00043755364739942127,872.4854981561244,2.78788526221012,718.5039214649878,1.08533472692557,721.8025426234242,1.5447234191523773,4,https://example.com/TODO
29,,fb,4,0.3515982640431193,0.1928880420333537,-0.008704541355454544,0.01416402842761782,-0.1591849937272727,0.14894749686451883,0.0013518216454545431,0.11864437962625496,0.0005831931225454518,0.0007997091401981462,-0.0003498792545454464,0.00035315592336578413,-8.311994218181819e-05,0.0005009047155245002,883.260243121863,4.489597010596898,722.0432791578359,1.1243813135431464,727.1859088716294,1.9676374922324962,24,https://example.com/TODO
28,,dis,1,0.36514143058787873,0.30810843102091173,-0.02397218936746988,0.023798593937606114,0.002010259222891569,0.05147074495440761,-0.2011304184819277,0.19347051755071756,0.001183552941626503,0.0021134624668356274,0.0012651758144578277,0.0006626630093833667,0.0015828424242771077,0.0005933786613015483,673.5354656568701,4.400841300658525,711.1695403675618,1.8496689094170076,718.4322859411222,1.848961844064438,44,https://example.com/TODO
28,,dis,2,0.5167308453139393,0.7226958798943108,-0.00571338488674699,0.042000601477484016,-0.052548729156626506,0.20692755386968686,0.07032083363253012,0.23127383110819683,-0.0013821230311445777,0.003283280661647187,-0.0004658217722891555,0.0011182167245941147,-0.00024842287427710903,0.0006893012166435007,691.7110442888472,6.665441492519895,715.9167906541077,2.584840288025977,719.4577434603617,4.878177106208856,54,https://example.com/TODO
28,,dis,3,0.23687558104363632,0.2515829895544338,-0.016997892210843375,0.014610534681836727,-0.03055041401204819,0.04605278793743299,-0.08062818128313252,0.16724019693948133,0.0018328233186746983,0.001542339475311337,0.0005636856655421675,0.0006111654538675939,0.0001174358608313259,0.0003125748601549241,683.7030877694775,4.111404940330248,713.9863629964078,1.3494479279507152,718.1915138496577,1.4803247167146973,22,https://example.com/TODO
28,,dis,4,0.42914773531799993,0.3368827876485799,0.008694188228915663,0.038504554562827746,-0.02798064309638554,0.0795014219981147,-0.20015461644578314,0.23442601451010667,0.001824856152409638,0.001756312939323721,-0.0004354806022891566,0.0009552647207055269,0.00024017074587168676,0.0005733699021588166,712.6274102848369,6.92149914504488,718.8963280812086,2.759877777062359,727.1236455840187,3.488166840901092,59,https://example.com/TODO
28,,dis,5,0.3094102816824242,0.2519323236611038,-0.00653239444759036,0.02044386950872912,0.2610998463855422,0.06383967764075457,0.1848511796385542,0.16346048537173286,-0.001239865159156624,0.0018570129732501342,-0.0008827847897590277,0.0006306261684307368,2.4947254216861422e-06,0.0003875289982761696,691.1309240851274,4.847115088085175,714.8689738817872,1.2313647064353173,718.9577390854416,1.8753031966681977,37,https://example.com/TODO
28,,dis,6,0.31266729202969695,0.24888524148860222,0.002003434175301204,0.02883488780655882,-0.012792952298192769,0.05490799339751628,-0.12144378120481927,0.18699386553829125,0.0015759329652409633,0.0016003439965116344,0.000519277465843371,0.0005645217465688801,-0.0007745787204819259,0.0005176865492682771,696.1924701055424,5.424889324720263,716.6072510958709,2.0626312294240763,718.5016622048418,2.462387629311148,30,https://example.com/TODO
28,,fb,1,0.20858267536788988,0.2575817269840276,0.006174932593636364,0.021019323033810666,-0.0005139536909090931,0.034852592653414095,-0.03403925560909091,0.11759874461100307,-0.0006296966359999973,0.0012036392300375728,-0.0001508579827272709,0.0004969422587667615,0.0006476816653636327,0.0006602014341164987,678.9896937444697,3.7143401008106856,706.9322158722247,1.034367656330137,713.311424452145,1.241095917281727,14,https://example.com/TODO
28,,fb,2,0.2299055662944954,0.28334497409705345,-0.016933184237272726,0.017272236315940277,-0.018210918745454545,0.04461646381242492,0.1350292867272727,0.14164751552712135,-0.0005068513561818182,0.0015216439130162564,-0.00033911685954545,0.0005655451493585075,-0.0001892499891818182,0.0002703181508335602,667.0716464740974,3.1847060964142737,708.7144298259022,1.2659203363753657,712.7904185342245,1.362398798780354,10,https://example.com/TODO
28,,fb,3,0.2607121785055046,0.20420053851329883,0.0012535957536363655,0.019692558268781902,0.08132447850909091,0.058512331394874016,0.165479881,0.1446749734295821,-0.00026435492272727454,0.0012850287164700464,-0.00030093550000000186,0.0009513499191347972,7.972989781818274e-05,0.0004907677675308322,686.6821807107845,4.676785540419855,715.4151189132849,1.0020088858262122,720.5028322366237,1.892013731812816,19,https://example.com/TODO
28,,fb,4,0.24122701165137614,0.20283370952102195,0.012592884041818181,0.016971268057337348,-0.013488102454545457,0.051746467521683256,-0.001261963754545455,0.1479593792217295,-0.0009227661236363645,0.0014975811217443635,-0.0004872280754545455,0.0005328254315064035,-0.0004099257859999973,0.0005067469140456843,696.7032395729387,3.3322604100262097,715.8579264696883,1.1593733694478294,719.7066535868917,1.4411248948530706,13,https://example.com/TODO
27,,dis,1,0.677900240030303,0.2789465705602189,-0.004811742710843373,0.03831412592647338,-0.24474570842771085,0.2107278521002301,-0.015415370439759038,0.15489633388483884,-0.00021337207457831445,0.001121060000088108,0.000985763290361442,0.0008592838890418115,-0.0010731781814457806,0.0009405695999010212,965.7899720850625,4.7585616837748255,751.3213762064127,1.4929278825718582,770.1235312803695,2.0891163540884112,116,https://example.com/TODO
27,,dis,2,1.2105637929757576,0.6927289333988396,-0.07560363293373494,0.18544586023812515,0.11069385759036146,0.2492411897540115,-0.1926648252253012,0.3495697670951678,0.00017108224337349218,0.0020539319501397656,-0.00013246488765060303,0.0025670884507577587,0.00014572771144578372,0.0022312684020932756,934.7518414087331,17.067458300950967,737.0893110274285,5.298765635119012,758.9940752917295,6.1878684201956355,148,https://example.com/TODO
27,,dis,3,0.7962331170969696,0.26911177840804973,-0.03640543660843373,0.03433163956049483,-0.3344252101807229,0.24712870113108043,-0.09739801891566265,0.18584319822158893,9.472686746975857e-07,0.0010141250853734722,-0.0005034381876506006,0.0008112500273607316,0.0006315254355421662,0.0008543620482518975,975.1328223107496,7.259726893514433,752.7117055532477,1.691289789735699,774.3028722887633,2.473008097726688,140,https://example.com/TODO
27,,dis,4,0.9966616423636363,0.42392241452638524,-0.19183820608433735,0.07446870381445252,-0.15462334271084338,0.2633511598918825,-0.41481223192771083,0.24685888378022705,-0.0014310934518072277,0.001448861514325796,0.001431096150602408,0.0011212941692427215,-0.002663913341566264,0.0013260858632194385,944.9775367342507,12.163010503328197,739.0964527526044,3.1475290318730846,737.6174099981638,3.83610314965797,147,https://example.com/TODO
27,,dis,5,0.8396138895696971,0.3208692359590389,-0.022635702927710843,0.04893364932435246,-0.3335161030120482,0.22751094930008506,-0.10705291777108433,0.20758164802272727,0.000777623430421688,0.0015478739855306766,-0.0008777336866265011,0.000973643198452648,-0.00017905094656626506,0.0010404467484331882,981.280241902971,8.455208916805644,751.9045328044579,1.8300859813768906,777.5536255576868,2.528134697806468,143,https://example.com/TODO
27,,dis,6,1.1287612745636364,0.491780064089206,0.005744145975903617,0.10190739058029818,-0.27933356659036146,0.262755932144942,-0.01364033475903614,0.2988744943332327,-0.0013743469366265047,0.001851860550589506,-0.0012294038337349355,0.0019445217937266225,-0.0016445928198192737,0.0012602919441156493,952.6880163103604,12.858041119799642,736.5453445594844,3.5671466797183102,757.6177651114643,4.905464004906588,160,https://example.com/TODO
27,,fb,1,0.6532227179082569,0.30652454180651717,0.03849753608181818,0.03379472361763033,0.26507309209090907,0.22840294011285897,-0.1350645408181818,0.1605636096733654,-0.0014004759145454528,0.0007804197906659866,-0.0008479171549999982,0.0006093494826852408,7.280741963636274e-05,0.0005662450924365859,949.8933912173536,4.54717500223041,746.0126687920186,0.9842606411822259,767.7164318540334,1.677651348105467,68,https://example.com/TODO
27,,fb,2,0.6908754947462385,0.32882782656963233,-0.021622011643909086,0.03379673581883176,-0.08987339345454545,0.21460280566878248,-0.24294432037272726,0.20875804427704092,-0.0013677368054545453,0.001084757859395218,1.3119605363635457e-05,0.0006324746956082502,-4.820604000000182e-05,0.0006562476934241299,955.6482983710806,7.64140757106328,745.9034867720763,1.5691118057274287,768.1096989165483,2.239799987832565,73,https://example.com/TODO
27,,fb,3,1.0330655823302752,0.45481018215611374,0.10918854272727273,0.08509521367383066,-0.057821483636363635,0.26778546231182077,-0.25568082454545454,0.2470759508683225,0.0015353572563636365,0.001926507257193322,0.0004489043590909109,0.0014236644257838893,7.983701490909183e-05,0.0018156891102803635,956.6465105074378,14.517532510509822,748.3798310052308,4.155072745772713,769.4971870716886,5.0973637343447,99,https://example.com/TODO
27,,fb,4,0.9812049224220184,0.40917609646666836,-0.008417109018181816,0.08985050254339999,-0.03942343981818182,0.21828833771809206,-0.6991149727272727,0.26720666398382764,0.0026088232636363637,0.00160497227096849,0.004340624272727273,0.001326577826652023,0.00252253649090909,0.0013144655435159153,932.9942506660042,17.204621956603365,741.8984350171257,4.509047366144677,764.2907112241279,4.947287289117625,95,https://example.com/TODO
24,,dis,1,0.29997585568848484,0.16462665654194203,0.009209197939156626,0.022320721543636114,-0.007553403348192772,0.10914018223850366,0.14399225127710844,0.13060275988086809,0.0003066850286746994,0.0014645799488757008,-2.049423325301084e-05,0.0006028633791969524,-0.00046199260698794763,0.0006490866708969414,776.4741104498655,4.820346560071461,732.2969754980603,1.5852537664370796,742.1767335324362,2.4742282496477825,17,https://example.com/TODO
24,,dis,2,0.3720815279030303,0.27200654975933375,-0.02911646411746988,0.0361590411105743,-0.039041490927710844,0.10093570271380688,-0.08469327795180723,0.15274226884079775,1.1420770481929516e-05,0.0016430083327699956,-0.0002799535668072265,0.000727009882281755,0.00015741501662650662,0.0007129553256595763,772.636907511023,17.175734194249692,727.6639491831311,8.902394020712352,741.4842251231423,8.086342082908027,33,https://example.com/TODO
24,,dis,3,0.3777902469333333,0.4058984032600277,-0.03988636970481928,0.02666121307048438,-0.08166059862650601,0.09960444569013145,0.15836533837349398,0.2013570265354426,0.0007416286949397578,0.0019201937320113191,0.00042076596397590244,0.0007334468937592267,-0.000596452547590359,0.000488332257756986,791.3833748037995,9.189199198991815,731.8869072804379,3.8338116898786745,740.9243260459498,4.277210587365486,29,https://example.com/TODO
24,,dis,4,0.2739195744121212,0.14349072999055193,-0.03951014343373494,0.022807447461895596,0.09028843578915663,0.09239562086532457,-0.01781730574698795,0.08578622052646692,-0.0006357145531325289,0.0013267933613169954,0.000678252124759035,0.000806134783774408,-0.0003441306813252964,0.0004667326224188095,821.8456126229718,2.816795497077077,744.1718739714746,1.0182877200391933,751.8294176183269,2.1852609469936115,9,https://example.com/TODO
24,,dis,5,0.2761207045187879,0.15994659593525504,-0.022581127361445782,0.02036602153501596,0.07693307403433736,0.09089637997372663,0.054794103425903615,0.10501524806517931,-0.0009009869423493945,0.0011715136258599486,8.861180120481927e-05,0.0008277583979760271,0.0001313847181325265,0.0005224243054629315,820.9242364564384,3.4873605804743475,741.4425547204924,1.2596649149738972,751.175618701723,2.4044665028744765,14,https://example.com/TODO
24,,dis,6,0.3268978189272727,0.15948626419855907,0.014845133259036143,0.023806937098152736,-0.12102246128313252,0.10876397731086704,-0.1731409576506024,0.09318880821460032,0.0033223472825301198,0.0012080430492450004,0.0007063910662048169,0.0006836326008581198,0.000490201731024094,0.0005550491599549868,813.091440069054,3.6007205044973523,740.128910569013,1.351433394829616,749.6888751715356,2.301808640552038,19,https://example.com/TODO
24,,fb,1,0.21344577025871558,0.14108746656822962,-0.023175534662727273,0.023286339792313242,0.02695816251818182,0.06577079721897348,-0.23100366972727274,0.11711405918251733,0.0015656271390909091,0.001063900625005605,0.00021566523535454185,0.0006103469574877654,-0.00020792405090908636,0.0006388713122780993,833.6477058265941,4.030079033899174,743.8281687461299,1.645737764823256,754.2567415463487,2.774998952187686,7,https://example.com/TODO
24,,fb,2,0.17869896086055043,0.12295392146998561,0.01533856616,0.02119100387669105,0.06026731552727272,0.056586283828360874,0.027876254999999996,0.135572862561092,-0.0010558456595454518,0.001042660221176693,0.0005115589063636309,0.0005206756406557172,-0.00022540128499999547,0.0006974330184595855,800.0775505340081,3.9559744069270804,745.1759484824893,1.1377277266761172,752.7562608665717,2.3316962883515666,5,https://example.com/TODO
24,,fb,3,0.39688738589816513,0.28717694446860204,0.0008891846581818156,0.021724276797121293,0.1608022193909091,0.1228499882860259,-0.07816542358181817,0.14470559041552228,4.658373e-05,0.0017767777049849545,0.00015528428127272636,0.0007986183202667148,-0.0004197810936363636,0.000711720315814493,789.1491832730698,6.270631033365249,733.1218303465354,1.9198044265851237,741.7960673463372,3.1010695285345085,25,https://example.com/TODO
24,,fb,4,0.2624926197522936,0.18006091932203763,0.015474101868181817,0.02632178582378425,-0.05359172088181818,0.08338809936331772,-0.07316478520909091,0.08417063862426054,-3.8765037636365445e-05,0.0012015612559318088,-0.00013077384700000091,0.0005510506032395354,-0.00034251763727272545,0.0008343783874083391,792.3076522339663,3.814786853932956,738.3228147260986,1.0280238047896502,746.5470254604613,1.9924118222609577,14,https://example.com/TODO
23,,dis,1,0.22743349633333332,0.22549600752519874,-0.022060414006024095,0.02906262678398303,-0.007332680307228916,0.03855279301141924,0.0475658668313253,0.12190106591134547,-0.0006045055892771072,0.0014247007431693244,-0.00021753019698795122,0.0008810746324566065,2.2162659999999395e-05,0.0005550451439494361,946.3990827089774,4.8067319054662585,743.5577951800516,1.4292599253596894,754.1073258517248,1.836161620100283,29,https://example.com/TODO
23,,dis,2,0.23658573082848483,0.2282445814711749,0.006579734861445783,0.027039434949551647,-0.02776076521084337,0.047469612160041204,0.030589553313253012,0.09742861078032015,-0.001877128879518071,0.0013983422664955677,-0.0006535164861445729,0.0007820151125142983,0.00010038182228915842,0.0007682474209470486,957.0841003080739,5.460999078610556,743.6109342873593,1.1418719130897914,757.0450591947608,2.0018787344611337,27,https://example.com/TODO
23,,dis,3,0.20902693166060604,0.2989132731823788,-0.017746681524096385,0.024540779468387976,0.0214792840060241,0.03320906095318727,-0.10220856325301204,0.13495785604072005,0.0011265737123493922,0.002155769014068567,-0.00011853001837349217,0.0006938715354072904,-0.000875204575542165,0.0008322516438234118,952.1168469005946,5.463501581574521,742.4276611546212,1.1996337821968397,750.7927043850292,2.2963188319791,17,https://example.com/TODO
23,,dis,4,0.23846776747878784,0.2556155666524152,-0.008999100367469875,0.03290891703946272,-0.1336550949819277,0.06022246641005752,0.1122750258433735,0.11142287949462572,0.0005131270661445741,0.0011273019788281982,0.00018803883759035904,0.0008649577750943527,-0.0006364641821084277,0.0006529204263251802,955.3568444174482,4.0646120308509275,745.002119564741,1.4339986207545272,752.8783224437359,1.788404880702676,32,https://example.com/TODO
23,,dis,5,0.19267029623636361,0.16670831464006589,0.013177740325301205,0.023903252246277304,-0.13992250759036146,0.04020323418209953,-0.0332063905,0.07905734668628538,0.0010345843265060235,0.0012344774618323886,0.0005457111573493964,0.0006462620701791924,-0.0006221030425903615,0.0008657921254516023,951.553054121593,3.013595517007249,743.3577583638823,0.841007701265877,752.0724578863077,1.5974288887465342,16,https://example.com/TODO
23,,dis,6,0.23568893206436362,0.23383147125141668,0.009594282042048192,0.03279914436952441,0.023174053092771086,0.05859584455772113,0.04523293585542169,0.11205028046137326,-0.0011328149825301193,0.0012739011419992308,-0.00016460793072289276,0.0006789323166121704,0.00018666570180722592,0.0008541208833025191,954.7105762260675,5.570952567595025,744.2851950205759,1.413405899885236,757.2220826454236,2.101517707899135,27,https://example.com/TODO
23,,fb,1,0.1822318355119266,0.1654152876782476,-0.0014965787009090926,0.02439054666772805,0.014505966940000002,0.03686647318475709,-0.036830108363636364,0.08883659973260985,-0.00011689447545454638,0.0011822432754324504,-0.001171584437090909,0.0008438150021748419,-0.00010856737045454365,0.0006893619412171344,942.4997742363164,3.851124138567747,733.432642511942,0.8465613486956879,747.8357352012129,1.3422272396257788,9,https://example.com/TODO
23,,fb,2,0.20008479305229354,0.18649840713935012,-0.003969806409999999,0.023558590122920553,0.0053390066045454565,0.05148650402521049,0.01186277409090909,0.1065252427130084,-0.001014093110018181,0.001264531784394425,0.00033467700454545545,0.0005599422957809938,0.00043880797581818,0.0007468110783575032,943.0265216973081,3.4041068023478473,735.852171225761,0.8471616735835421,748.478196400366,1.4563382823739197,21,https://example.com/TODO
23,,fb,3,0.23687796119981652,0.21826921944770644,-0.023367527000000003,0.026033977363067565,0.01287661463727273,0.05640927681401289,-0.06860930773918182,0.09221915251773732,0.0013135466990909109,0.0014163718120021583,-0.0003010820526363645,0.0006524588045540444,0.00012835974745454453,0.000789631335041002,937.8169933597056,3.3111303558323733,742.0086358183513,0.9762861645148956,749.4443460245736,2.0536877181510276,17,https://example.com/TODO
23,,fb,4,0.17208153032201834,0.13227422144121312,-0.022630425043636365,0.021189642059887725,0.009283229604545456,0.046927539783579504,-0.024786885272727273,0.0995948279574317,0.00045015641272727456,0.000979520108474909,8.989968950908819e-05,0.0005320507046155199,-0.0005900408808181782,0.000625077910124583,947.9862356235585,3.3451727728904395,738.1904035394874,1.1583673356720776,752.3645475437155,2.0776138129209647,11,https://example.com/TODO
22,,dis,1,0.1317944162922424,0.17577477537630937,0.005212311210843374,0.03591758927141631,-0.01820150207361446,0.01951584315315367,-0.020742650873493976,0.08119818985009344,0.0003321302298795169,0.0006250910481932079,0.0004075730849397566,0.0006367486443288389,-0.000601883390602409,0.0007058224549513872,906.1952676722831,2.9235616785756178,791.2539833025137,1.5216493496425731,821.5234912501273,2.2198916300594806,11,https://example.com/TODO
22,,dis,2,0.1157448961841818,0.09362358189002255,-0.007334710600602411,0.026240117811687575,-0.015016815748253013,0.024062313353312666,0.021206611861445783,0.048742763527900246,0.00019244310367469818,0.0011601671427631198,-3.9470393012054825e-05,0.0008823171342907754,0.00032735155933734817,0.0005361573961245917,898.8054299810614,4.7878615314810915,798.7005616970634,2.5651349426685934,815.2939258044363,2.798023376160247,3,https://example.com/TODO
22,,dis,3,0.136054422310303,0.1827246011719618,-0.0006665392783132555,0.03513369411553467,0.012248405403614458,0.026503941504322334,-0.05546802289156626,0.08805733750150822,9.644147861445903e-05,0.000767043690517964,0.0007916415083734909,0.0008560189094252372,-0.0003186383303072259,0.0004515750841066725,899.2360935184662,3.661378464805457,794.333495758553,1.3160322750461575,821.483556446228,2.141923515068793,8,https://example.com/TODO
22,,dis,4,0.2812113140969697,0.5328169922083252,-0.02858578963855422,0.05122069050680432,0.12232400662650601,0.09884802442896033,-0.15941106777108435,0.137410362029,0.0015751695789156595,0.0027281277358215004,0.0005186733111445759,0.0010575253637238216,0.00047068838265060237,0.0006998085854389801,902.8010714281904,6.898918078037373,794.8390813661085,2.984875349759944,822.3714365350147,3.9878765474098605,20,https://example.com/TODO
22,,dis,5,0.5675965365212121,0.9885018395711023,0.25354981560240963,0.12579774777603578,-0.22266260371084337,0.16102725033343515,-0.0404377951566265,0.32700349264317213,-0.0034477420765060243,0.004039844639083358,-0.0029168557409638557,0.0017281515650168896,-0.00025814120903613913,0.0008523881066242353,904.1112648773677,12.276655447142746,795.8671162007628,7.508834353575468,818.3508613734869,8.266397016083621,40,https://example.com/TODO
22,,dis,6,0.1641614331151515,0.18747018285230518,-0.019360028210843372,0.02524303614174637,0.038493950885542166,0.03733763500678975,-0.004443122204819277,0.0964904020918463,0.0004860501876505988,0.000892273059520751,-0.0004722419644578259,0.0010704500656135442,0.000855116721927709,0.0008013606409752097,897.537897563218,4.831210653573722,791.7682540118817,1.4144270499647935,822.9211163950185,2.5224127702922092,16,https://example.com/TODO
22,,fb,1,0.09300896926605502,0.06764366278196547,-0.01832641466363636,0.01646484942124595,-0.007399490063636364,0.018356378764749437,-0.01576611409090909,0.058624412376695384,-0.0006861202355454491,0.0005453728359561882,-0.00040435763427272456,0.0007703559735241711,0.0004007075645454518,0.0003270713157553158,901.0763979102475,3.0909932985878115,795.5008885513204,0.738583637589688,823.42529986632,1.1950530621948519,1,https://example.com/TODO
22,,fb,2,0.08556775589321099,0.041344748709073405,-0.06727609918181818,0.02146934356566005,0.0020357877917272717,0.016024423985647584,-0.06242391130727272,0.06806235715458224,0.00073926861090909,0.0007537470400909075,-0.0007140435927272691,0.0007929827336316136,9.770251927272636e-05,0.0003138206932697671,904.506694690998,3.817130015027406,795.7920037464138,1.2553824050300786,825.1370154660943,2.8423251901934505,0,https://example.com/TODO
22,,fb,3,0.09586986519266051,0.07320940381326065,-0.020647065799090907,0.018774604437821616,-0.006417414377272725,0.01803472668217103,-0.028804881522727265,0.06615141883407287,2.2760990272727276e-05,0.0008445144864970652,-0.0003820359881818164,0.0006205055050586872,-0.0003922431377272727,0.0003978535969138827,910.8689072218184,2.995193056455448,795.8130114110769,0.7804572537620998,825.7660038579108,1.5087201181177712,1,https://example.com/TODO
22,,fb,4,0.10091183016526603,0.060193814731620256,-0.020124217645454547,0.01844565095219495,-0.0020818820758818192,0.0215981971966409,0.03814711142545454,0.06251118879421053,-0.0002761256790909091,0.0008188592916706004,-3.340394454545545e-05,0.0007837898526192288,-0.00030042097290909,0.0002292643265425328,910.9375719391142,3.6931852012461417,796.1548375470877,1.0499640764524654,824.0030347006166,1.7233510881267908,1,https://example.com/TODO
20,,dis,1,0.20622392560848485,0.10704774889730331,-0.019251060444578312,0.022198059675887182,-0.024975767795180726,0.06336260271018984,0.1061935104819277,0.0956745175310017,-0.0003195692228915657,0.0012189332965362968,9.974615210843313e-05,0.0003675863451087606,0.00039141270228915483,0.00043601863766124817,801.9118394161934,2.6138037335558244,685.0069043777692,0.8340475659317765,686.3787892368424,1.718874668008441,7,https://example.com/TODO
20,,dis,2,0.32720550827466666,0.21244560394162249,0.017730196121024094,0.03906499303893981,-0.047925765084337345,0.08583620500859514,0.09574327287951807,0.12953642580008373,0.000882806888554218,0.0017246724937759932,-0.0003856458099819271,0.0007130372300659671,0.0013634909849397578,0.0007274544689334108,794.120309480747,2.960271664859138,677.2412872999123,1.1633709049966383,683.6680204207249,2.5060640757154267,25,https://example.com/TODO
20,,dis,3,0.2296712164521212,0.15736767734299,-0.009946351480120482,0.02547339484276456,0.009181770289156626,0.05985802354880854,0.13536117680722892,0.11191956889644748,-0.0010680636873493957,0.0012521220682740048,0.0005919380367469849,0.00032943880786208787,-0.0006670600892771048,0.0004154480449046467,806.20765046417,3.470062749487234,686.4115721321223,0.8330013671829469,683.6148893515061,1.5520964945843567,10,https://example.com/TODO
20,,dis,4,0.29868729212727274,0.18262856788788429,-0.01454046010240964,0.03743970229697881,0.009671861578313254,0.07239405546575557,-0.13586383921686745,0.12265990353586276,-0.0002514406512048211,0.0015714087474484866,-0.00015371164638554096,0.00048101696754403,-0.00016879354548192773,0.0005017019505258534,815.5892158121974,3.7410772611892527,681.0196118161783,1.2518835348581288,686.0083895311557,3.109166178757025,18,https://example.com/TODO
20,,dis,5,0.30221183138787877,0.20892253922314172,-0.0001272862168674698,0.030566759956520265,-0.0791318658373494,0.07612138740033017,-0.016442596018072287,0.1593640513412869,0.0015246042385542156,0.001384645750107134,-0.00023140540530120182,0.0004589236287705128,-0.000225434103313253,0.00046536100439972366,822.5273447371623,4.2852636467606935,688.6227435966639,1.3850892185615742,683.2930636098055,2.1929285223138755,19,https://example.com/TODO
20,,dis,6,0.31483175523636364,0.2415368726985566,-0.008441873469879518,0.03548541905235211,0.04406689604819277,0.07931720966197726,0.05828344421686747,0.13570912055924428,-0.00043651345240963853,0.0016685021250478218,6.842647861445784e-05,0.0004523072335015808,-0.0004364724512048156,0.0005832774803865884,823.2075476487678,3.8815424110463854,684.7049024124037,1.2035367368134255,685.2694751363434,2.6519566685794187,23,https://example.com/TODO
20,,fb,1,0.2936885392477064,0.17854793289908655,0.01322327817272727,0.019835372775453386,-0.1577134619272727,0.11122662481791612,-0.042073766727272734,0.1701516512788847,0.0011728361747272726,0.0009128536391597076,0.00041855613290909274,0.0006173228493086503,-0.0007311870390909072,0.0004899473496048648,799.8965026612617,3.1306738693784593,683.7406388638334,0.950999150862388,678.3768889383863,1.8426906227331652,16,https://example.com/TODO
20,,fb,2,0.23011377460825688,0.1675254645771175,1.3525418181820943e-05,0.020624397960210004,-0.1845729803272727,0.07898003538823939,-0.13838047,0.18528884022834669,0.00025566962518181727,0.0007348294741086783,0.00036322683256363546,0.00028433886687997815,-0.0006426319157272709,0.000501424027461215,795.1006120549623,3.994174890299974,681.1665394379821,1.049509250357523,681.4544247854911,1.847217320095384,7,https://example.com/TODO
20,,fb,3,0.26415063873761463,0.182470420662507,-0.023517133472727273,0.023704638505854553,0.028889111329999998,0.08551680270516407,-0.1254425014090909,0.1348559410864796,-0.0002300645972727273,0.0011778268675180293,-2.4928199999999996e-05,0.0005052722395486052,0.001271241894090908,0.0008228082820916824,806.6389748419904,4.085740417454897,686.8065407254051,1.2444891982284183,686.2308332789852,2.347308089646508,11,https://example.com/TODO
20,,fb,4,0.40168458755963304,0.2606588139108885,0.00977920014090909,0.04164464072979703,0.06453800857272726,0.10248097589862187,-0.055200191809090915,0.16787298395971423,0.0003997040566363627,0.0014115378188600078,0.00023641175754545365,0.000545907253140439,0.00030548499045454457,0.0006134528732912344,805.1853153752381,6.194506742668143,681.421790413364,2.27245703343389,684.6519212351233,2.9757231678293445,29,https://example.com/TODO
19,,dis,1,0.5427299998181818,0.2582893741968815,-0.03580935057228916,0.04210809310983193,0.1604525070180723,0.14625930696316536,0.19280106319277107,0.14941843865146737,-5.948336102409579e-05,0.001248392772405848,0.0006343976275301157,0.000692526292257384,-0.0010718708475903561,0.0007722641955367416,1207.5290410826997,3.839901669506802,884.7438509637977,1.4284220578597446,902.011276039638,1.9026627760690094,96,https://example.com/TODO
19,,dis,2,0.6732231278181817,0.26288210295719644,0.0014734484246987953,0.03188723139199881,-0.139860785,0.1874513521144713,0.1187952339753012,0.16604859560067903,0.00010779379759036205,0.001280607399687205,-0.0005091887974096374,0.0007918787188657114,-0.0019473235885542161,0.0007421627024777101,1144.5412010556784,5.757458455956654,847.0904098447862,1.916366194162091,881.8068653059238,2.097384487471073,119,https://example.com/TODO
19,,dis,3,0.5965803247575757,0.3468748142160115,0.07484875179518072,0.04904351389992887,0.10117487981927711,0.13811919673965412,-0.06932986385542168,0.1834003085315352,0.0010662177620481916,0.0018476874958461788,-0.00013274999638554036,0.0009248541052868946,-0.001066908568614456,0.000732281708616871,1219.5818381330819,10.43685098255858,890.1781213484106,2.9704389955756794,910.199640176224,2.99055367409464,86,https://example.com/TODO
19,,dis,4,0.5878530601812121,0.2925553865859455,0.006896960475903614,0.03212429575986194,-0.2756025925903614,0.1604108549154508,-0.2668675215060241,0.1417436087146579,0.0017874812190361447,0.0014431675653342742,-0.0006063575807228891,0.0005625118413002161,0.00043089022627108316,0.0005105933570388208,1169.816902640483,5.159081431214838,855.5943347638535,2.399373835255392,892.1395385655885,2.4404465647906513,101,https://example.com/TODO
19,,dis,5,0.6453221770842423,0.3626106145511922,0.012435968254216867,0.042002845238984864,0.15105824650602412,0.16360302517515832,0.11975025739156626,0.19549263508620293,6.327158451809031e-06,0.0017645045369954536,0.000849206638879515,0.0007612697209814217,-0.0016031363969879506,0.000812441831017839,1181.5492099175956,8.840533490358435,870.6008331644975,3.2733938606704283,887.4993737792826,3.786342144761971,102,https://example.com/TODO
19,,dis,6,0.47504933123151516,0.2871028820249728,0.005220728908433736,0.02740989100103567,0.16617873909638556,0.14324302348292717,-0.05747547976506024,0.17740328383334436,-0.001354938891686744,0.0012873622435288852,0.0001649462981927699,0.0004354514048680046,0.0002073049236746952,0.000580861484820894,1167.582159639307,4.112729921573713,857.1383259134759,1.8159663394381282,886.0742426299503,2.3246261618062425,64,https://example.com/TODO
19,,fb,1,0.6333409128165138,0.34688054118842293,0.06717647009090909,0.028232828155278753,0.14812060127272728,0.19455819856050674,0.2554174018181818,0.17071520018743652,0.000980483710909089,0.001448518965946157,0.001286213016727269,0.0007382026116998766,0.0006993520539090872,0.0006590316817838666,1139.5187046541125,5.784915883041795,845.4487006514424,1.8054218078906692,866.4899381053856,2.607868376085498,59,https://example.com/TODO
19,,fb,2,0.6455470608715597,0.31417969994512773,0.02534362126,0.026785227415748066,0.12479252036363636,0.19091507749428221,0.2317888590909091,0.17069394548442668,-2.786299909090909e-05,0.0012515349293479043,4.3221207272726365e-05,0.0006737934276272657,-0.0001865563451818191,0.0008360104229282656,1142.7005226654528,8.131773785036241,845.4045351136388,2.411394263779803,880.234610214573,2.573168477458925,73,https://example.com/TODO
19,,fb,3,0.7424376585137614,0.44991874146029864,0.012497246954545455,0.03219257510633609,0.2660798170909091,0.18429045225630306,0.306669046,0.20279807775359984,-0.0010559675472727272,0.002166012583951674,0.0006313614318181818,0.0007442193348085674,-0.00048059358472727184,0.0008111123915100538,1158.875193293846,9.833750040035985,852.8312595748737,3.1019274516266915,864.9857647981089,3.6179772346053105,74,https://example.com/TODO
19,,fb,4,0.624197159240367,0.4685272793770818,-0.012378455867272726,0.03173153264090155,0.1382184609090909,0.1560695332821247,0.16420588554545454,0.20383684264656007,-0.002307146581818181,0.0016955958099015367,-0.0003217715593636364,0.0006503747662828175,-0.00032932262863636177,0.0005586458089073837,1163.4447555604502,12.540718357095455,856.8378980768041,3.4472647936126206,885.1347529938223,4.13452124309978,50,https://example.com/TODO
18,,dis,1,0.13718633347575757,0.06033579976297202,0.008811496165662649,0.016815595041016828,-0.04858894152409638,0.0368630112220069,-0.022915497638554216,0.05148983254614119,0.0005088003552409614,0.0005567595953783355,3.8181972891566265e-05,0.00030914244343038696,-0.0002528223606024036,0.00043415576684444307,818.3980975629995,3.5713341069689335,794.8002330644301,0.9374642708742057,804.216616185295,1.3064035515317465,1,https://example.com/TODO
18,,dis,2,0.14455103421260604,0.07666146127711353,0.007276099529036144,0.015062552840999529,-0.047248619603614456,0.049007046915742945,-0.015371130568072289,0.0570067909656643,0.00022935373915662592,0.0009259623217247784,-0.0002157989657831259,0.0005147617195989732,0.00036272141524096145,0.0003685664039715591,827.0086620134199,3.852423279586382,798.7471228823412,1.0102668215522803,823.078584691734,1.4060196469188286,2,https://example.com/TODO
18,,dis,3,0.17330715301878785,0.14567357689045649,0.048491486512048196,0.036840343368700075,0.038477644421686746,0.04617388147235082,0.11446641560240964,0.08270540547471979,-0.0006279649167831295,0.0008023937895643373,-0.00037293477439758914,0.0003818694514483313,0.0005500787790963844,0.0007558579212530349,814.1574245180013,3.1583225102645978,795.7473285416115,0.9906228818488807,823.2466838361171,1.5076522748906103,9,https://example.com/TODO
18,,dis,4,0.15213938381696968,0.06977797215748242,0.002632654370481929,0.0122254762414764,0.10925864557831326,0.05235172561001167,-0.0416535491686747,0.030300963610912363,-3.850491722891627e-05,0.0006770464161530936,0.0004888580240963819,0.0002552430258446425,-0.0006543652176505994,0.0003984356508824366,800.4401919372657,3.2687299035631137,795.8537328975543,1.0222566943881124,822.3421993387559,1.4131876645630763,0,https://example.com/TODO
18,,dis,5,0.14414344033636362,0.05852934592101987,-0.00013992324746988022,0.013862651329135526,0.02407727560843373,0.04301843202515932,-0.037210537048192764,0.03452475614320066,-0.0003096917498192741,0.0005289988061791904,-2.6478577590361444e-05,0.00027556848699081775,0.0005983810542168675,0.0004467107195654212,823.802498095144,4.216837574266877,798.7016848056807,0.7739559122865517,823.5499472532215,1.2849079679994857,1,https://example.com/TODO
18,,dis,6,0.16747891556969696,0.09518372735039843,0.004935959024096386,0.0230778293964425,-0.05938653193975903,0.05115234028672019,0.025171201674698798,0.053425755792619,0.0003608071078915645,0.000565390482346409,-0.0005956771409036103,0.0004375946080779871,0.0005954538686746916,0.0004198676017430199,822.2188418086916,3.551094793551493,799.6093601516812,0.8676493072985576,822.157457341611,1.2594115586843595,3,https://example.com/TODO
18,,fb,1,0.1099409229302752,0.04666842248277082,-0.0007907698281818163,0.014798717794805944,0.046826497012727265,0.03240897767194081,0.015811090528181818,0.03815288358312635,8.316600018181636e-05,0.0006858207996739539,-0.00011831733399999364,0.0005754697514902479,-0.00031841233745454273,0.00020564696937965795,812.5904663801991,2.865716129191973,790.574418715289,0.7531849817763779,816.4291929453908,1.3741630689751858,0,https://example.com/TODO
18,,fb,2,0.15177722256697246,0.07064087861599272,-0.024594960027272725,0.01596959629488569,0.05841521445454545,0.04437250175698857,-0.02766509192181818,0.053011878570390136,0.0006616347972727282,0.00075385561534216,-0.00033007681759999904,0.0005652073473716879,0.0009660760952727273,0.000965218777313178,813.8390572599761,3.634104471565004,793.216171224355,0.918375670881179,820.9048849348934,1.3656917400768265,0,https://example.com/TODO
18,,fb,3,0.14553000847247705,0.07971022227963612,0.0069904679900000015,0.015980017964600534,0.03969206791818181,0.04475774918026173,0.03387415345454544,0.0785084557461354,-0.0002546588306818173,0.0006568736072630104,-0.0004540641418181782,0.0006303958770101027,0.0003692411163636345,0.0003964214100197695,816.5176073171297,3.8333175597154323,797.1568342126508,1.0359816616976183,824.3311925810758,1.5832869268637115,1,https://example.com/TODO
18,,fb,4,0.13409757265036695,0.06857164788460907,0.008730159768090906,0.011694657626204587,-0.037799930663636364,0.041392730541402495,-0.020757085565454546,0.03219446153586347,9.45546769090909e-05,0.0003724472664377861,0.00021667214854545364,0.00030141426629534044,0.00014591694127272725,0.00024899898403106497,810.1316556999145,3.128835592890018,795.2394647403273,0.7287809666223506,822.4924005822952,1.0081418578113788,0,https://example.com/TODO
17,,dis,1,0.2748258776278788,0.17736274552479186,-0.039537354090361444,0.02127626789537964,0.15620122710843373,0.08405413664210915,-0.020511486325301205,0.1370459191012647,-0.00018854788114457948,0.0012273313777536143,0.0001668783819819271,0.000681167702382737,-0.00018958204933734697,0.0005044966672179031,827.9786675080016,4.7629598054146225,756.7145114174298,1.162365889403421,761.6237740718875,2.5334138492532143,11,https://example.com/TODO
17,,dis,2,0.30132929153787874,0.2834922085324102,-0.005212808738805967,0.031851097540366885,0.03661910114925373,0.08061291620678933,0.08360197701492537,0.11039347613237682,0.000272481414179103,0.002316154271679141,0.0005576269970149165,0.0006901950328792346,-0.0010821727546268642,0.0005886167774809647,822.5499710934939,4.507782298121078,756.8325883857398,1.3658975017773445,761.6183599659142,2.528478953355765,6,https://example.com/TODO
17,,dis,3,0.3142819096909091,0.2351780008293778,-0.00936616049457831,0.023842602937782533,0.12521313756024094,0.10626175695459712,-0.03715152439759036,0.11917861219034405,0.00011294160162048072,0.00111227373043928,-0.000614201493975903,0.0006352117084954047,0.00029478942876505905,0.0006058966478312753,863.4813834153413,3.68043316720701,759.4624637688639,1.3273923842913096,753.998004958013,2.071783422366461,21,https://example.com/TODO
17,,dis,4,0.3352428097187879,0.26022613973661085,0.01169222044698795,0.03354102580309181,-0.12159370927710844,0.0962942315335962,0.015220912342168678,0.13917204277776135,0.0014171055644578278,0.0014300615350597997,0.0001510554253012042,0.0008611879389607146,-0.0008131017078313193,0.0006371212843536748,860.183703664764,4.625005145757407,759.3626108729312,1.355031368781513,756.5405207596194,2.7714935500702045,28,https://example.com/TODO
17,,dis,5,0.2771396731151515,0.16902318738485544,-0.007358543584337348,0.02089548392844477,0.05435857928313253,0.08333394387246494,-0.24165641837349397,0.1237604225062202,-0.0012291842501807205,0.0009371170741764781,0.0008332521691566216,0.0007714538664435458,-0.0009164614957831314,0.0006700316413276434,852.3593613604705,4.794309457563664,761.5991338802588,1.6827253229739914,753.9351983239908,2.220832079312793,14,https://example.com/TODO
17,,dis,6,0.2650144000242424,0.14840255526854773,-0.010864539993975903,0.018993456287177475,0.14057247391566263,0.09047860453073063,0.12587794512048192,0.1277231145325743,-0.0016325127271084327,0.0008956459334365659,-0.0001699538126506006,0.0006749783978604176,0.0008825168403614451,0.0005655388388810394,845.2742999794506,4.59894181545112,762.2802993526992,1.336788730381594,752.8855573426449,2.28716455882703,14,https://example.com/TODO
17,,fb,1,0.297117162040367,0.18497544138673436,-0.005929776984545455,0.015671259313259564,0.08742021445454547,0.11191203678616288,0.06455494509090909,0.12973314929684776,-0.0008048770723636318,0.0008714168575704702,-0.00032772495181818004,0.0004302898750249877,0.00031021792263635913,0.00045219941166330324,825.6585415971613,6.936951526852632,753.320744688088,2.026753312343222,754.5391251350046,3.208040477260437,12,https://example.com/TODO
17,,fb,2,0.2879760185282569,0.149669195901325,0.015470400598272725,0.019551919437760346,-0.07560049163636365,0.11298804211706773,-0.03640489516363636,0.08470165976864362,-0.00034408840418181545,0.000856776966719226,-0.00043741938127272274,0.0004997389030012611,0.00012210009154545545,0.0005392948462145613,827.4913704950734,4.979562244322508,754.3919496240989,1.0214150285938044,757.6854768220838,2.4751752839262853,10,https://example.com/TODO
17,,fb,3,0.28604232754862385,0.13240139551707966,-0.05130239145454545,0.022129212193216143,0.000805364837272731,0.09927522525606568,0.09278178909090909,0.08041952256852793,-0.0005779690967272727,0.0010069246109063509,-0.00015004971909090637,0.0006204062494938694,-0.0002475320754545464,0.0005138678795895104,847.3476031096917,3.7615992689291224,760.6169018104378,0.8855046248617596,753.0610584358689,1.9639806688153243,8,https://example.com/TODO
17,,fb,4,0.29290939043119263,0.16171692340390675,0.017665295881818182,0.018159578812808972,0.0038898910909090922,0.10475663285678012,0.008579734636363634,0.11058760069174106,0.0014357656154545453,0.0010600294917184772,0.0001988842387272709,0.00031775749216950166,0.00021005656999999726,0.0006161807798509797,854.1932426512907,5.526826048198835,761.64555259258,1.2592516476015019,754.9629817132455,2.898263251113795,13,https://example.com/TODO
16,,dis,1,0.1917494042064618,0.11565669535837722,-0.003793956718776503,0.02077823360277492,-0.002265147459638553,0.051086761443183464,0.13351612204819277,0.1189933098916413,-0.00022312488042168494,0.0012527761040718797,-0.0009891291612048145,0.000593803694222929,0.0003710476560240952,0.0005141655245017093,947.7560967831023,4.3627854213987955,881.2002434463813,1.2298024130872356,892.8353537437487,2.332631708940339,7,https://example.com/TODO
16,,dis,2,0.2475456384741818,0.22232041475415257,0.005139507240361445,0.031019293065408536,-0.01959481615060241,0.049247200305956494,0.032953908674698794,0.11708689812756005,-0.0006132722337349379,0.0016116785552667582,0.0005622097861445764,0.0006514326787149661,-0.0001093529305819259,0.0009303331563269642,878.5212796634147,14.232234263604429,813.8149620428873,8.664015747124704,844.1072882587291,7.1241379498253075,22,https://example.com/TODO
16,,dis,3,0.16930113765454544,0.12674059331256873,0.014989567355421684,0.018900115742322292,-0.02361251439759036,0.035929936096393215,0.1645693987951807,0.1353662618899466,-0.002387366034939759,0.0012545032031090106,-0.0006612969710843325,0.0004872018041124986,0.00025793324427710545,0.0005164433432796435,984.2409139780825,3.62484851483766,873.2387826837379,1.5951145283136228,888.5064553312728,1.9107252403847836,8,https://example.com/TODO
16,,dis,4,0.21411626593242422,0.18780217579383354,-0.005659466352710843,0.024707152010669163,0.03528077038012048,0.054194680544670006,-0.004654970854819278,0.1094696681732699,0.0015299095728915667,0.0012678975416052184,-0.00036191115644577894,0.0006846062310138813,0.00022409080006024159,0.0007657441510643676,976.6777856648725,6.868853182426167,877.8820688333809,2.3763318128677797,890.1654706204938,2.7600040123154206,15,https://example.com/TODO
16,,dis,5,0.2132620727721212,0.169443950086901,0.010111425856626503,0.028781698294462626,-0.042027399518072286,0.04627975953306803,-0.05936265801204819,0.09935785053846069,-0.0012359912610783144,0.001512975405544286,0.00027981139540481505,0.0006535753971013134,-0.0005674982435542078,0.0006732980285992484,988.2522741766592,3.090380405098251,877.4145994052138,1.1838623452097017,893.0256950106252,1.3464328865048671,14,https://example.com/TODO
16,,dis,6,0.18085901687745454,0.1317085898432516,0.004042141616024095,0.021702542521807425,-0.10585830146506024,0.04074293730592712,0.14560688734939758,0.10465668224809457,-0.00016199816103614338,0.0010962175128978611,-0.00040936554698794996,0.0006915410815195996,0.0009618409289156609,0.000807828361333575,990.8165320957926,3.2808274888552313,878.1763378428202,1.0050624708941398,891.9080958498615,1.2069297279085531,8,https://example.com/TODO
16,,fb,1,0.22300038458715593,0.2793949973925223,0.008219286999999995,0.041982406069909106,-0.009933346663636362,0.05031772610735829,0.173838694,0.14130372089183657,0.0014451641363636364,0.0011479656789439541,0.0013268597090909091,0.0007650544510689364,-0.000614489312727271,0.0009638772051776203,977.6688904944191,5.904296894761912,868.7684154215889,2.3932261876801513,884.9657575874813,2.5146245469368282,13,https://example.com/TODO
16,,fb,2,0.18683734800366972,0.1369254638911099,0.002659062373636366,0.02012055192044005,-0.00709999401818182,0.04884727174327278,0.021812000927272725,0.10717848590614494,0.0004212495999999963,0.0010940139893068968,0.00020265761036363365,0.000496838840696465,0.0001059918051818191,0.0006473220499121497,989.0786686325373,3.419190064657992,872.0913476626539,1.5065650456701973,888.0405234715709,1.7453896394099466,7,https://example.com/TODO
16,,fb,3,0.1617529848555963,0.10462560985672226,-0.004864369233818181,0.013864154761750982,-0.01986473,0.04205571835298854,0.12886718054545454,0.10328226623116998,0.00014915657404545362,0.0009659759534327907,0.0008404933264545446,0.0007600223324414284,-0.0006139441942727236,0.0005001232147508333,988.149634188728,2.8967487414654842,876.2301043911995,1.0616574577133044,891.4977295295258,1.436123824503533,3,https://example.com/TODO
16,,fb,4,0.2571583688357798,0.26082469002814784,0.01753576122727273,0.024640097380179925,0.025897135172727268,0.06627929499105681,-0.005716282982727274,0.09570578124789042,0.000375051638,0.0016449086564228818,-6.733235272727274e-06,0.0006111955130204524,-0.0002600723357272709,0.0003878611982645096,969.713481885517,5.974379501909439,878.7939752299357,1.579685718387664,890.8412321026499,2.46694782226988,14,https://example.com/TODO
15,,dis,1,0.25277060739030305,0.12236662164902129,0.0009947690518072284,0.020765261036478265,-0.08634203542168675,0.08184955026256925,-0.021718557398795177,0.0518366371264877,0.00033945233771084276,0.0009341345917616773,0.0006199727445783084,0.0003531299150122536,-0.00022448734939758917,0.00041545258843815456,866.0333688216944,2.9309971027753603,795.3023150161459,1.2034090806401794,797.1945520619532,2.156610382548592,5,https://example.com/TODO
15,,dis,2,0.2706940161333333,0.14176488537966617,-0.01848274258433735,0.026387020976893834,-0.007556886565662652,0.08497208730183858,0.04945320815060241,0.08106461875394715,-0.0002857577574096385,0.0008109650188593371,0.000589185139277109,0.0011519960058520911,-0.00024262723307228736,0.0005783014598380818,887.677663043129,5.525975612396714,794.5059823320959,2.2872294713459675,798.1501152122581,2.5656683544432224,6,https://example.com/TODO
15,,dis,3,0.2834279381551515,0.1207176465043039,-0.013376876079518072,0.024706679620620144,-0.07458120230722891,0.09479280215709979,-0.12139968372891564,0.061542417072418996,0.0005007787331325314,0.0010737165713804947,0.00030075191409638136,0.0005920378500320746,0.00022694700963855302,0.0005081294590187828,858.6594423007824,4.039665299971626,796.532861856943,1.5791039309690575,798.7763695948217,2.7224860523291836,5,https://example.com/TODO
15,,dis,4,0.31810181476,0.1365096318707845,0.030834699518072287,0.029091438798281438,-0.06888611988554218,0.09874788705175558,0.0200527045373494,0.08227176807600935,0.0001437375429518,0.0006640167800330785,9.541252891566204e-05,0.0004051097653089288,0.0006402005240963819,0.0007139031675769244,871.3531288823064,3.6107505951474894,797.6936012567701,1.5125773894671177,792.8276377427155,2.176171180244132,11,https://example.com/TODO
15,,dis,5,0.3034469525212121,0.13625945336360712,-0.04428389601807229,0.02822913036159529,-0.011414117686746987,0.0960650450291907,0.10413298839156626,0.10234761165686065,-0.0009530717554216855,0.001000842108469582,-0.0008648896945783102,0.0006323603163728589,0.0005514777024096392,0.0008162977606838429,882.2565752539745,3.125468624942578,791.1325626579858,1.2900680479931081,790.9680111207712,2.614142288196465,9,https://example.com/TODO
15,,dis,6,0.23505172005454544,0.1250614832653027,0.008958202590361446,0.02382649961026662,0.03791191706626506,0.07946160120124032,-0.14285493855421685,0.046600601246306834,-0.00018767704457831085,0.0005791196644026132,0.0012706117108433703,0.000600723174160453,-0.0007772639309638525,0.000535833726685527,891.3261778015595,3.2909589049949473,801.049178002627,1.2929350601580492,798.3256658313237,2.035274235346127,3,https://example.com/TODO
15,,fb,1,0.29227390454074076,0.1290742973915071,-0.029438658169117646,0.016994149328699096,-0.09823916075,0.10305386643578433,0.06414274783823529,0.04610968311059295,-0.0003678061633088199,0.0008810724229399102,-0.00019426508749999705,0.0005160296543374325,-0.0006620994455882352,0.0009840909649290429,855.5835615363287,4.274985547115664,792.6495622256839,1.7660950793562666,793.6225931591158,2.7601459087082887,6,https://example.com/TODO
15,,fb,2,0.2676784385333333,0.10805162295541851,-0.0030563381838235285,0.01967172695966456,0.05123748125,0.09253010484158067,-0.05736511222794117,0.03469307310103539,-0.0007636496918382324,0.0009227913661017103,0.00016821072117646692,0.0007787579666234947,0.000532417560514703,0.0005083438224090178,856.3071084195544,4.430844796074243,793.6371898834592,1.5616999937942009,791.9985382701025,2.514868495559099,0,https://example.com/TODO
15,,fb,3,0.2950009603659259,0.12964706617476002,-0.00951052885955882,0.02392848729875186,0.14244651833088234,0.09459449944379002,0.056819256,0.06964618356522752,-4.001327595588088e-05,0.0006152176525085331,-0.00026971081029411836,0.0005054690687776941,0.00046104810205882285,0.0005949216089039337,877.9201374765927,5.573767226227578,793.7258582387449,2.762217507255617,795.3225578270539,2.764583895803888,8,https://example.com/TODO
15,,fb,4,0.2727917325259259,0.1386460094592518,-0.040771143419117646,0.030286046672655654,0.017571474073529412,0.0795826552760858,-0.046861841110294115,0.12264313195878568,-0.00022928566323529264,0.0006101066814727569,-0.000918271813970581,0.000562186095658552,0.0005094763000735228,0.0005323525140964506,874.0489100747155,3.8054686357247007,797.359662162435,1.3828931026271603,803.1603057185359,1.9732169341462713,8,https://example.com/TODO
14,,dis,1,0.43852393375757576,0.3214454509317749,-0.028056822686746988,0.022167726870238897,0.32741516273493976,0.12217801749761395,0.26993743960843375,0.18482066906436018,-0.005040789819277106,0.0021746964722202627,0.0007036210283132511,0.00058290909956641,-0.0015998215138554193,0.0006498515799016633,831.7118410413971,6.976348036796149,696.777112690913,2.087325355485026,722.3084637825922,2.641603448254205,50,https://example.com/TODO
14,,dis,2,0.41737748647272727,0.3390319185543501,-0.010384014601204819,0.02337965589092695,-0.12365216219277109,0.11692890237668656,-0.10604849107831325,0.18485203201510778,0.0012217904355421667,0.00198115659908512,-0.00010985704156626444,0.000626758599717466,0.00022024073325301147,0.000675346518914746,834.8026571159008,7.4247443820119186,699.6928420159593,1.8720175259841376,729.1960361886503,2.303569121853519,41,https://example.com/TODO
14,,dis,3,0.3714429492909091,0.2218873165298289,0.003444231403614458,0.013390386206321176,-0.1415690404939759,0.11784510442731437,0.006944192409638554,0.16511404983515804,-0.0005132402204819277,0.0016202665895222986,0.000433516524337347,0.0004698153826291633,-0.00033678146463855357,0.0006194999703841953,850.0525240263385,4.279266218184271,698.3050540009302,1.3454570530015524,718.3446835163987,2.1693680474360804,35,https://example.com/TODO
14,,dis,4,0.4079560110872727,0.24387305888275965,-0.011392267053012049,0.02716810966475007,-0.03470453915662651,0.12236166431884407,-0.06898138514457831,0.12210281122989444,0.0010664598385542157,0.002021170418624299,-0.0004098744408433717,0.0004804957631164292,-0.00045368720783132234,0.0005985977150153881,834.9180550881848,4.854034144078084,701.1523564058583,0.9432706452144943,727.4005784905554,1.4909984280877104,41,https://example.com/TODO
14,,dis,5,0.3839737441854545,0.24217366601299975,0.01413308537831325,0.020011460778753706,-0.16338885908975903,0.12660397093334247,0.1034667059638554,0.1419076965467679,-4.1519613614459645e-05,0.0014260371091385263,-0.0003092835984939765,0.0005631465314359399,-0.00022496532030120481,0.0004910761812694266,828.3930807979752,5.495918677353239,700.3405328709521,1.535024371877602,728.689852486232,1.8119243318755294,32,https://example.com/TODO
14,,dis,6,0.4335709866624243,0.26016001043777914,0.010305644551807228,0.024419796569202203,0.13181845593373492,0.12737089561276874,-0.1446553618072289,0.12974501370980904,-0.00014086757951807288,0.001807673198981152,0.00034043187638554094,0.0004819885122111113,-0.001125869405421683,0.0006612937182891835,843.538036008096,5.435596582447553,701.1669319747585,1.037997131716237,728.1497223258696,1.7120658620856528,48,https://example.com/TODO
14,,fb,1,0.3761881381111111,0.19612339675858687,0.021568532154411763,0.02467595551135804,-0.10600091674264706,0.1288996083481139,0.22108700801470588,0.08788685081184276,-0.0036670931029411753,0.0015742425911244972,-0.0005406266533088191,0.00047099706889695885,-0.0003171398267647051,0.0005952052881381731,828.31010893404,5.456259388464645,694.8103055225004,1.5385038076477913,724.1013469461354,2.4789196719932023,25,https://example.com/TODO
14,,fb,2,0.4291969373281481,0.18053531978388562,-0.039122590580882355,0.024003598533624562,0.11820825828676469,0.14126229221762504,-0.05481080027205882,0.08896648550416494,-0.0006789736551249986,0.0018114028037361212,0.0002523149199264684,0.0005312149322200653,-0.000671034504852939,0.0008687927361505201,845.322051311134,3.4277196205709575,700.7258004964318,0.874483556448,724.7864334898716,1.6414683737586742,43,https://example.com/TODO
14,,fb,3,0.33189798189629627,0.1832347838723616,0.0009470655955882345,0.021088726015755715,0.11095063419117647,0.11734720266962738,-0.08446926514705881,0.12750821296385895,-6.518671249999779e-05,0.0011594868031885748,0.00046418082742646916,0.00046678708168899306,0.0005368849116176442,0.0007486939470376529,846.2057119095973,4.5484193997309506,700.2424250363861,1.9708957883055886,727.1901457274366,2.597048853390604,16,https://example.com/TODO
14,,fb,4,0.32567268302962965,0.15732706472788774,-0.03970293804411765,0.019177683083084953,0.13948734277941174,0.12587710446196584,-0.059385007205882356,0.11140622098925435,0.0004575264661764713,0.0013521160688546164,-0.0004030501874264706,0.00045467001760602895,0.00010743739816176176,0.0004838979570119879,835.8150267887178,5.2483379333938185,699.4290920386292,0.9053686174919733,724.0272322498342,1.5531588905887348,15,https://example.com/TODO
13,,dis,1,0.21398678016363634,0.19706570945865456,0.00912269198192771,0.02433242620921445,-0.05185685471084337,0.05889601370137759,-0.047235097614457836,0.11755031429446608,-0.0009557802075301176,0.0018973656053119007,0.0001267776934939729,0.0007468467810782279,-2.223992439759036e-05,0.0007288803919734832,834.8208109980545,7.070113158648287,752.1995019719039,3.020417870294852,772.6551262317837,3.046214385290206,13,https://example.com/TODO
13,,dis,2,0.31303747182848485,0.29062709186904906,-0.1172990876506024,0.04575158101103394,0.04567856395180722,0.07532816377975075,-0.10452846234939758,0.16993008628490916,-0.0007668073865843348,0.0010136841658645855,0.0009148834548192742,0.0009048414560551485,0.00012694492357831263,0.0008113172700309835,809.9525852878787,7.559839390706751,743.4415756126131,1.599924544311479,764.5948275993937,3.7034176071066627,25,https://example.com/TODO
13,,dis,3,0.17822059266666665,0.11936867566293563,-0.02803572107831325,0.018887901440314714,-0.013688620819277108,0.05044121765848166,0.12883211712048193,0.09948249907626307,0.00011060067981927712,0.0008709927797760065,-0.0009570679003614428,0.0007122267301104652,0.0006220451578313181,0.0006162299869459641,828.1958071851631,4.023794057893264,749.1773577321312,0.9891417186611674,773.8422395662276,1.825689818052061,10,https://example.com/TODO
13,,dis,4,0.36789589883636364,0.6574057582525022,0.05169111126506024,0.035053273258441986,0.07930612359036145,0.07975277364603646,-0.04039266184337349,0.20366554820766214,-0.0005075504698795174,0.0031696684156817556,6.417985717469999e-05,0.00099593032111361,-0.0009198799126505999,0.0007339190943526904,821.9648912051994,6.926544997255851,744.3819942297779,3.89573799323251,771.9634899175965,3.7013084521112103,25,https://example.com/TODO
13,,dis,5,0.26911192569666664,0.34438512344398975,-0.0055045673603012065,0.02670817360751453,0.06859928138554217,0.07359344627952447,0.04593000003614458,0.1304274744896355,-0.000536494746036144,0.0015377985787300788,-1.6450807228919888e-05,0.0007820377293140266,0.0005287756626506018,0.0008285416811360141,832.7733215277639,5.781962394530068,749.2942633245125,1.488483194891872,771.2607014997324,2.8764458871795275,16,https://example.com/TODO
13,,dis,6,0.372959533610303,0.3614164608542021,-0.0012888223608433704,0.03452434177197472,-0.06231668708614458,0.08020558116147003,0.04812343635180723,0.18005165524626313,-0.0006152257803012018,0.0017509950193143867,7.23788315060259e-05,0.0007369450274045949,0.00013387477560240785,0.0009481298827728791,828.9362693975527,7.596697432069499,747.0768303082057,2.045322336428063,769.9479318421548,3.9595371089343523,44,https://example.com/TODO
13,,fb,1,0.31076729436296296,0.4596622111528652,-0.015722369088235294,0.02636042715971566,0.04393665771323529,0.07934095296653733,-0.17003013794117647,0.17936305942339656,0.0007756827012499985,0.001664715494557704,-0.0008658718926470544,0.0008371658591420659,0.0010107927352941155,0.0008299720106292204,835.0441553541152,7.163479328189364,754.2115564675562,3.1675239999381195,763.5596190980712,3.2343267393001116,14,https://example.com/TODO
13,,fb,2,0.29277007109777775,0.3952800357777695,0.007773995499999999,0.027460568104779304,-0.05595051184558823,0.07547197130629205,-0.19264756242647058,0.1738811341406105,0.0007513051389705861,0.00209251915959809,0.00023361797566176395,0.0005951098977568492,-0.0006536943730147,0.0007090022360928096,841.8609959196951,8.284307115426088,753.2279164995265,2.689026110647514,772.3101771072122,4.049117838176165,15,https://example.com/TODO
13,,fb,3,0.29390850033777777,0.39706924936188587,0.00463736582132353,0.016401739389527298,0.08173904036029411,0.08734450210175673,-0.08830293404411764,0.1611435167640721,0.00036995604426470367,0.0017929120912952897,0.000739002444926467,0.0007935468327761228,6.871126102941103e-05,0.0005673286818355768,827.5135024126012,5.612658270253777,746.8543730465494,1.8970770552062792,770.0462927819623,2.5113110228229827,11,https://example.com/TODO
13,,fb,4,0.2750826121259259,0.2950011653561032,0.053945065147058824,0.0244266374997948,0.0890408975,0.07023606001636094,-0.011455105367647059,0.12599939668057603,-0.0006086160393382309,0.0013721985917699417,0.0008938662669117618,0.0007249054098787393,0.000790207453308822,0.0008100194987148902,831.8249223464571,5.5857550342204,747.6944343510296,1.5015352610840498,772.1792946334995,3.098601376146654,14,https://example.com/TODO
12,,dis,1,0.25407272863539393,0.2104967140723351,0.0023552592953614455,0.02032733064843792,0.000817190742168671,0.0657282491833281,0.06854153030120481,0.10334959519401439,-0.001166864124096382,0.0015173923972358037,0.0006390115485542121,0.0007705828895368462,0.0007494399212048151,0.0007195571494776427,946.6041101469606,4.382048047434075,729.6231789391437,1.4780230448074192,742.2598198120853,3.4551678496811147,18,https://example.com/TODO
12,,dis,2,0.898217478509091,1.6064134962066028,0.046809920716867466,0.0654161102585812,-0.08495638384939759,0.28419019924060246,-0.27658732228915667,0.5669237485306352,0.003011762869879517,0.011306589160102312,-3.4713604849398206e-05,0.0013170202759014444,0.0008136269259036097,0.001217836931988052,926.8448658713023,25.178022650994894,718.0637370654609,8.192019689058666,733.7205817379352,11.667681640937223,50,https://example.com/TODO
12,,dis,3,0.23382725662893564,0.3019592475758019,0.00621210013968187,0.02071083844787601,-0.000237169855421688,0.06556229083764491,-0.24755770180722889,0.11962535898513836,0.0015273093975903607,0.001481753952086265,0.0006709553897590247,0.0005869452160048482,-0.0002606529981927687,0.0005606340565964604,958.0570541015819,6.199664781535501,727.8170441459285,1.8897951114845888,740.2364789029924,2.7796099756179533,18,https://example.com/TODO
12,,dis,4,0.7198178871515151,1.4415655231654017,-0.14076851120481929,0.04219720523917143,-1.8360941325301205,0.31674657232242664,-0.993253721686747,0.33036229229302627,0.03987294819277108,0.009034894620577286,0.004164289373493975,0.0011467229521206514,-0.0035753862048192764,0.0009478540763668289,923.1916659542356,13.473041583055192,714.8574141787998,4.71904841899881,737.0769755742687,8.279035245965284,39,https://example.com/TODO
12,,dis,5,0.2511232123568788,0.273745504890608,0.001379791230150602,0.018253219777328564,-0.00843872374698795,0.057640860576152725,-0.006649544499999998,0.14606868670058518,0.0010493737771084324,0.0012435793931692089,0.00037412569271083975,0.0007183089670324411,-0.0004413181638554205,0.0005013155914116836,955.902309679794,7.970965593944418,727.5810799202915,2.5016143662800068,739.4009184203736,3.4176658974174905,20,https://example.com/TODO
12,,dis,6,0.5810453054306667,1.1741038977567457,0.015676437370301204,0.04379838774960207,-0.05404298201204819,0.18434059765612723,-0.2061234481927711,0.36773682489996645,0.0016005845385542155,0.006748757300541059,7.539065584337168e-05,0.0011960491870156677,0.000359758109638553,0.0007907324708020404,944.2890644323993,15.700054288134124,723.2820183072545,5.503743479169187,738.5462214245532,7.000370581366438,40,https://example.com/TODO
12,,fb,1,0.21881321087407407,0.1215610126293728,0.0063200401470588224,0.015269207539173359,-0.009894782455882354,0.07266745285195647,0.016910068132352938,0.07178441991085878,-0.0005083472897794096,0.0008582668793064816,0.0002959767395588191,0.0008444307652827282,-0.0004271801310294088,0.0005084957604120199,955.2663994168361,2.567705869727235,729.6227859874434,1.1224774777681994,742.0600537175865,1.8257572128357273,4,https://example.com/TODO
12,,fb,2,0.2054720954125926,0.07438055655976199,0.005023532370588236,0.010819409633284134,-0.05409917398529412,0.06563599934599008,-0.032466628095588236,0.05622111923789562,0.0005678105983088191,0.0005849199127670674,-0.00010155107720587794,0.0007159856022924696,-0.0007193153499999919,0.0003813846720799325,946.795501675998,2.428700267345249,728.3001758714631,1.0239956585085601,741.6998738996696,1.7782070745404635,3,https://example.com/TODO
12,,fb,3,0.33835149136,0.48292652633034605,-0.011066344959558824,0.021780761115056987,-0.06832306880147059,0.07861750250055571,0.03196782562279412,0.3024211679434651,0.0019307401632352927,0.001855326013380641,-0.0007082392997794074,0.0006475067942036349,1.5305658308822795e-05,0.0007404131692855492,946.169693688799,14.514260428119327,726.1696670104254,5.697196459530482,739.49677336478,6.985936668386656,21,https://example.com/TODO
12,,fb,4,0.3353402651037037,0.5457840533023427,0.0044987531323529405,0.02170104335705034,0.11150048102941176,0.0717174852995605,-0.17335334088235294,0.32123585148338574,0.0009072938705882324,0.0018339265475529614,0.0004434031169852912,0.0009927332311106855,-0.00027760659044117204,0.0005932662535860245,935.8532734774462,11.719226658873398,722.384362142457,4.707417069963477,735.3838472072009,6.756405605337117,20,https://example.com/TODO
11,,dis,1,0.2873324035315151,0.22202028645273875,-0.02217558548192771,0.03175831826534153,-0.010400339188554217,0.04986274356073782,0.09751319837951807,0.15644151461718228,-0.0013226350512048199,0.002010467231596472,-0.0007912913511445746,0.0005795142342781967,0.0012211531164457825,0.000818478489857138,814.7126335303603,6.240984999003862,711.2973816234928,1.63119046780138,731.5871352365006,2.9587279912858424,25,https://example.com/TODO
11,,dis,2,0.2438737774060606,0.15285817475403446,0.030179534018072284,0.023930053044398963,0.05530211824096385,0.055226980296643594,0.180148251686747,0.09509026780296909,0.0007995472487951808,0.0015063968458383947,-0.00027766283301204755,0.0007810087050648918,-1.5879278012046386e-05,0.000586038489565022,816.3689784215916,7.1713691143339116,718.4649925851138,1.6726505242350505,742.8576576850691,3.6451376375978874,18,https://example.com/TODO
11,,dis,3,0.2504109171163636,0.17442811470828465,0.03534434467289156,0.02702944081323025,0.026568315363855424,0.045053984116674974,-0.04453283861445783,0.09707432838257259,0.0005833448951807223,0.0016535177365617588,0.0008165067108433711,0.0008096459167508999,-0.00018131042338553977,0.0006753903131172569,813.8487238797851,6.8168416103542615,713.8642748123252,1.63885490482944,735.2410087318476,2.974161125614331,20,https://example.com/TODO
11,,dis,4,0.2580041992739394,0.15194779211160384,-0.021224151204819276,0.02577855631524911,-0.024357350993373494,0.057835676223954066,-0.08573124887349397,0.10293621727741721,-0.00028937739036144575,0.0016340899688339376,-0.0003882468798192759,0.0007646378984838716,0.00013731949634939938,0.0005588093422233102,809.0424321085526,6.923806758449335,717.6813685561605,1.677035459725091,737.7121034875905,3.6978570460048816,17,https://example.com/TODO
11,,dis,5,0.2607219162721212,0.1605729418606925,-0.009836990580722892,0.028543303678561213,-0.0020985590475903607,0.0536455160441188,0.09885944915662649,0.0805201939551821,-9.363329638554098e-05,0.0017033051009005382,-0.00036735401024096207,0.0008339689566914485,0.0010243784962650536,0.0006528095700265705,810.8726830393949,5.329414110183671,714.1451394518763,1.6751052873550707,734.619792730787,2.5971933309004367,18,https://example.com/TODO
11,,dis,6,0.27945909002351516,0.16174948727037114,0.019188336117831325,0.02874554519262208,-0.09282816922289155,0.06006378361241882,-0.07625298675301204,0.10432418661943282,0.0009465869939759037,0.001637224047590637,-0.0005975395799999988,0.0007134468283598667,0.00029778172584336984,0.0005216624370468594,799.8288080925391,6.198731885575215,713.8103314305904,1.498536376114937,736.163577574919,3.585963202019406,24,https://example.com/TODO
11,,fb,1,0.19556907356296294,0.1215926038882084,-0.08495848889705881,0.0274760083946642,0.02929725807352941,0.036533905665922094,0.05198033030147059,0.09498602943406739,0.0013148067499999993,0.0012162038295782187,0.0011531151838235266,0.000613602888033733,-0.00029505021406617206,0.000697125680763345,814.7630324451718,5.157925630036036,707.0595875358143,1.6279192182670446,731.0507577506145,2.8378004214902233,10,https://example.com/TODO
11,,fb,2,0.24001174856296295,0.1841350934884348,-0.028521279926470588,0.030214879178985795,-0.008946265786764704,0.04454254882665891,0.09324732533088236,0.08683048503785205,-0.00034036508014705953,0.0014692283299076335,0.0008710606088235236,0.0007070920900202754,-0.0009214764458823493,0.0007101334701912108,806.996172629871,5.001313944568057,710.5475236509768,1.674210395059674,734.4969932611227,3.3219329325031453,14,https://example.com/TODO
11,,fb,3,0.29099036669259254,0.2100154326600176,-0.009804541922794119,0.029278397918474603,0.10286808361764706,0.054539097818359625,-0.13089830051470588,0.10345867038210994,0.0012582390882352912,0.001964843858830951,-0.0007182358422794096,0.0006564666021489762,-0.0001473872024264728,0.000608508639172526,816.8631599804401,5.246196240638788,712.8429507047679,1.367935421741792,736.0836629871569,2.9255637715020817,16,https://example.com/TODO
11,,fb,4,0.2577838213777777,0.17543738524316496,-0.01538740301838235,0.024384504478907228,0.0278884434117647,0.055496115929017174,-0.0003782717647058787,0.11470792778399279,0.0007703218825735295,0.0016102272019378752,0.0006356880367647051,0.0006425199307729955,-0.0005550507102941155,0.00039524623644790496,816.170907444823,3.8562238008935124,714.0874233641381,1.3589254328498772,737.7341306696815,2.7769103582302703,19,https://example.com/TODO
10,,dis,1,0.3774377971878788,0.3011678410535925,-0.01942568424698795,0.028358174938994517,-0.039196607283132526,0.08212502336165843,-0.040982373530120485,0.1380479534212963,0.0010039673867469874,0.0020489712299740642,-0.00018736288771084217,0.0006470739765569163,0.0013396846994277072,0.0009598156827967507,872.3715565002485,5.923113670592363,758.6566815390788,2.4701150994868186,784.1237887712952,2.613594447856523,42,https://example.com/TODO
10,,dis,2,0.2737847574709091,0.2887898937044262,-0.017764891869277107,0.02230259627203343,0.0570728634939759,0.06491430984819378,-0.009942854518072287,0.09000064797576166,-0.0004583493705421657,0.00178268389154835,-0.0004227204014457807,0.0006651526291452713,-0.00044368175180722647,0.0007826972193459369,833.6516277726073,3.788108799163512,761.7588243191295,1.4046296846281092,785.9131415997875,2.2442517806763185,14,https://example.com/TODO
10,,dis,3,0.3549284274909091,0.26582369219481583,-0.04119371145783132,0.03138381563007981,0.1251307396385542,0.0699606690378698,-0.05555047451807229,0.12041149547227663,-0.0016260682427710837,0.0020458894147348055,0.0004879013644578313,0.0006702956233804149,0.0005665512933734915,0.0007498634021642391,855.4094957253371,3.9967226631375845,760.4700358205454,1.4294204711740073,787.8829459423824,2.311621476681321,42,https://example.com/TODO
10,,dis,4,0.3392228596818182,0.28883649816259704,-0.06914053740963855,0.029824391709106918,0.13136933542168674,0.07243575505670403,0.1049528539759036,0.11710766603888993,-0.0006128055943975868,0.0018513457881074997,-0.00031660162156626684,0.0007767857999351012,-0.0008472514987349409,0.0009775173611258185,834.9215725663059,3.823544070383721,762.2936962478869,1.3303770122024046,785.072452747157,2.4377029547120377,26,https://example.com/TODO
10,,dis,5,0.3380569375090909,0.2125614992570056,0.005970366210843373,0.02628270567571325,0.019146364162650604,0.06658485261496587,-0.061527216198795184,0.1056140000441101,-0.0002889100353614452,0.0016151803232059558,-0.00011617149343373374,0.0006196079442053014,0.0003129295181927681,0.0008427484511176877,837.4294263673564,5.19506814608437,762.7219773207396,1.8990935700096638,786.8623700021429,2.3964808650350378,29,https://example.com/TODO
10,,dis,6,0.2817808776624242,0.26501871493654106,-0.00048158355963855116,0.022020806862611726,0.04117559168674698,0.06476536031236033,-0.01588227120481928,0.10854516584007419,-0.0013652229620481921,0.0015194108017736806,-0.000127995603313253,0.0006949743264946112,0.0007461441897590374,0.0008874744506857238,846.5422776961586,3.9729130530507244,763.3284427954982,1.1391446821167146,787.184962455924,1.9912227471014585,25,https://example.com/TODO
10,,fb,1,0.4852121023924148,0.34001143644681997,0.023137984348617645,0.038039214608973505,0.012509771522794118,0.07612623764000498,-0.017160582344852942,0.11785814888516613,-0.0007733011117647051,0.003165461702301273,0.00021358201786764487,0.0005628411096233883,0.00013650533897058308,0.000851117857315646,875.221071313008,5.266009286562275,756.5991474067458,1.6316991514705432,788.7623516907498,2.724786898127741,50,https://example.com/TODO
10,,fb,2,0.40818094589629633,0.2581189370247818,0.019474017647058823,0.03471403257276142,-0.07562949242647057,0.08859698428910402,0.10601032360294117,0.1023920478018884,0.0011712491995588227,0.0020913575302492723,-0.0012186390683823507,0.000831485493871198,0.0008468697393382331,0.0007475486158610892,869.7856778462703,4.128185251544242,758.6533148773917,1.469611482166787,787.3740687291904,2.3956648884405385,47,https://example.com/TODO
10,,fb,3,0.2827520812,0.21248473069194065,0.054046124323529406,0.026182931674923905,-0.1358575083088235,0.06482238375695691,0.0660266350735294,0.08523349262193389,-0.000363590402205878,0.0013447756082034163,0.00018643798010293972,0.0005054784472273738,-0.0004293669838235272,0.0007956946433673906,847.4422111682128,3.484326666116755,761.8907642379645,1.0581286289750127,786.9674598115497,1.8531298063848554,20,https://example.com/TODO
10,,fb,4,0.2860689720311111,0.24715186372127598,-0.013571245991911765,0.022395618253350392,0.07292997536764706,0.08121707671672089,-0.0855675124264706,0.06808925700845388,-0.0009348541919117633,0.0016191556305199496,-0.00026105033529411694,0.000692216552924426,0.00013412790661764925,0.0008105202703683058,849.1055226581642,3.1564092357958984,762.2581642232365,1.1228728712243083,788.6453621597154,1.7980826251545743,17,https://example.com/TODO
09,,dis,1,0.38508979346666666,0.2509804903409468,-0.04027894289156626,0.04414715784260112,-0.05317847084337349,0.06589280794934121,0.09241874870481928,0.14429649065754593,0.002877549879518072,0.0019180362533973885,3.321663006024217e-05,0.0008645581322923221,-0.0013611051981927687,0.0008139236666310271,606.0152181056022,5.811764443795056,666.8891005886235,1.4485460324196666,683.1099372295498,2.6682804009759646,39,https://example.com/TODO
09,,dis,2,0.5040718709757576,0.45655788546680387,0.01393059009638554,0.06824969364694371,-0.007548921457831325,0.07471657842922405,0.09192456307228916,0.17618176701641053,0.0001620755051204825,0.0033272900265648225,0.00012117489228915663,0.001155183464074749,6.288965644578254e-05,0.0010565613491135687,585.865213426823,7.922724369151532,665.5406425660957,2.842319850482801,681.7945202805646,4.150584410567707,56,https://example.com/TODO
09,,dis,3,0.2582602329515151,0.13001605154245838,0.019505642891566265,0.026304896358076934,0.04211971704216867,0.06355958574862054,0.03689633695783132,0.056825111554932625,0.00043764834210843133,0.0014383711955897154,-0.00011461275746987711,0.0006851173041990307,-0.0001864159101807223,0.0006922604735611907,599.1241090382844,4.028286518940903,661.4739625631851,1.0832362465909064,679.64642182554,1.8132079968400645,5,https://example.com/TODO
09,,dis,4,0.4045550744848485,0.3189633789080061,-0.02740176065060241,0.04182908520588221,-0.03976272272289156,0.0671215700700955,0.10256376024096386,0.16699944007984915,0.00010889878072289094,0.0019066005692505714,0.0003533741266265048,0.0007929118099632208,-0.00030820237042168496,0.0007069061606609872,587.2193598023287,5.799176746348645,665.8423564578599,1.6034988239956818,681.7337513912119,2.4214928525762773,34,https://example.com/TODO
09,,dis,5,0.2533151551809697,0.16782131897195723,-0.03038642261385542,0.02645994686183964,-0.0687375449889759,0.06418499153471076,0.004358443186746988,0.08596794736929975,-0.0002368196404819283,0.0015224831627784468,0.00024355363162650542,0.0005737336156060442,-0.00016939227108433554,0.0004684575123900805,590.0291815752437,4.228246806125058,661.798266451995,1.161822920140118,681.0231809822276,1.845672829657493,11,https://example.com/TODO
09,,dis,6,0.35496203623636363,0.31215237323525835,-0.0023622806807228926,0.029996638536707632,-0.028518365385542165,0.06325821034921877,-0.044291620198795185,0.14293924306111833,0.0002944141430963831,0.0021523614527529647,0.0008544735162650524,0.0006354109343517013,-3.858774277108494e-05,0.0006914354932794488,583.9718403725526,5.599913501618167,660.7334828888816,1.6183024871510485,681.2855451636628,2.2678340661983927,27,https://example.com/TODO
09,,fb,1,0.2760128409739259,0.21632061359767413,0.006957116772058823,0.02394965763874943,-0.07865286767647059,0.06191080537608629,0.001902506418455883,0.053285175645681644,0.001140404876764703,0.0018263819123955313,0.00016503160448529485,0.0008290133571313155,-0.0002917873736764691,0.0004237278480177794,607.0448572726596,3.516240848838441,656.7928147749408,0.9059778442151033,673.7721429463653,1.5515298896015532,11,https://example.com/TODO
09,,fb,2,0.24676894793777776,0.1348164549743047,-0.0245792931617647,0.02672130790594166,-0.008584866544117643,0.055431581352876035,-0.039931335761764705,0.06982744235072698,-0.00024016455808823384,0.0012912779281977129,-0.00014713994080882355,0.000549217916287946,2.317184941176471e-05,0.000403323640285893,597.5727061750547,4.218837130716909,657.8889684715652,1.193844842102067,677.8197548665623,1.7774378177123684,6,https://example.com/TODO
09,,fb,3,0.39930387088518515,0.31260207633164955,0.00766163088235294,0.039132367829248706,0.04399570941176471,0.07399380538307146,0.030381292426470585,0.1342586792626946,0.0006373868286764728,0.0018604668271221805,0.0003257519011029375,0.0007544345606594242,-0.00023342064253676544,0.0007376846908294358,632.0751510898505,4.592584373311461,666.5223762969854,1.8221248897788571,681.8403850121447,2.5446126108315976,21,https://example.com/TODO
09,,fb,4,0.3500318393688889,0.22578821678499583,0.006617352157352939,0.030359434299630363,-0.04861926160294117,0.06823727972622352,-0.057162102352941176,0.13157775241752417,0.0016301146139705866,0.0018320953820887879,0.0012905148398529404,0.0007629829992743684,-0.0010431000485294102,0.0005761050980872948,597.3027899293265,4.813969576848141,664.2940348581471,1.616998631305462,676.9053136055812,2.5289419209935113,23,https://example.com/TODO
08,,dis,1,0.2844189693030303,0.25464783810570335,-0.0005530316951807234,0.031344692194531155,0.050503223108433734,0.07150231265818296,-0.12777018783132532,0.1438227639124897,0.0012842069271084312,0.001299329931685382,-0.00012787003915662532,0.0009136273539984885,-0.00037109023373493616,0.00066681324074866,807.535949990674,5.726701028190665,743.3558226253274,1.7302767939585035,760.8058115652905,3.5994140870959366,25,https://example.com/TODO
08,,dis,2,0.24660307363515152,0.23096012416167877,-0.005101604390963856,0.02989419524728282,-0.05189922957831325,0.05789358441184573,0.0699253803373494,0.16021174292990933,0.0010908159008433734,0.0012253200070862494,-0.0002789630027710855,0.0007272600450461801,-0.0004345605187951801,0.0007420428881751705,806.8992833023092,4.970902030840941,733.9164986668388,1.3250921154732098,758.9674427957535,3.145116609270005,24,https://example.com/TODO
08,,dis,3,0.21591157831515148,0.1455146776590798,-0.018050031331325298,0.022298188023983225,0.06675521331325301,0.06586844450391899,-0.03498295422891566,0.1012267947252104,-0.000722897840060241,0.0012363467966825545,-0.0008032368554216838,0.0007066655115888362,0.001233484542168674,0.0006614175210997151,814.2041967480953,5.5697488467430745,738.2209845815335,1.9061289459626454,760.0399548869325,3.051552226651208,13,https://example.com/TODO
08,,dis,4,0.320840586770303,0.2551607139483646,0.006470675212650602,0.033932856553976605,0.055279166240963844,0.07746340386781793,0.005570276716867474,0.11673928560282404,0.0007659289671686747,0.0015646974407196484,0.0002515885200722874,0.0009540672099055833,0.0008517771896385505,0.0007212840486591506,820.1894274185538,5.5983169033910105,736.2750385796671,1.410378756612762,759.7383184958027,3.0169424527010364,32,https://example.com/TODO
08,,dis,5,0.18303538038181816,0.10411494370769513,-0.03628696927108434,0.0240192345810664,0.11829625378915662,0.06251690771880915,-0.07558793307228917,0.12442711105516131,-0.0005189283271686729,0.0009590233494853337,5.573798957831446e-05,0.000597584173907538,0.0007419439722891507,0.0006176039955185377,818.4614619401585,4.868860232128909,741.059961880585,1.3044717470479843,763.4379398185594,3.326670460451966,10,https://example.com/TODO
08,,dis,6,0.3059914894545454,0.31533963194155396,-0.01622926217469879,0.032339522273056344,-0.012900582524096383,0.0716393265339836,0.07292018722891566,0.13740294625652852,-0.000496610969879515,0.0011748189444160935,-0.0008078362153614445,0.0009022957407965301,-0.0002806295463855422,0.0007140660325941724,793.2283537489487,6.586361784226417,737.0519257647181,2.774122509846702,742.6661621252418,4.301233498149262,31,https://example.com/TODO
08,,fb,1,0.21438411825185183,0.10342800479679282,-0.012433471088235296,0.026004985572104983,-0.006084960948529413,0.06315624284948201,-0.054290371691176474,0.10886999311402452,-0.0005419560834779419,0.0008829810001915868,6.0635352941175e-05,0.0006970649318935606,0.00016084113639705663,0.0007288769877892785,805.1671615846839,3.381275612551366,740.0250769538425,1.2993721339660507,761.9219657112558,2.581571161904938,8,https://example.com/TODO
08,,fb,2,0.23230574912518517,0.2015608042614857,-0.004675062011764708,0.023442591820963834,-0.005611040905147059,0.06592035988382805,0.06553792286764705,0.14923746078115768,0.0003028833519852941,0.0010901963969380127,0.0009566750441176464,0.0007171056667401542,0.00028866914264705516,0.0007825573458146978,803.191562496904,6.057042050322961,741.0470756028366,1.6794151611083716,763.0264871481141,3.459684511709817,13,https://example.com/TODO
08,,fb,3,0.2809021771111111,0.2737261081764976,0.014353674308823526,0.029717131742319443,-0.06837069593382353,0.09440377656109249,0.5527403617647059,0.11413265157986373,0.005824340367647057,0.0012952131783915415,0.002956481411764706,0.0009055245939353272,0.0017777611286764698,0.0006979346089574454,808.082894156458,6.391353769313184,738.8848816498573,2.061377547557717,762.0941093564679,4.330958629449091,21,https://example.com/TODO
08,,fb,4,0.27516008363703703,0.2658350118460168,-0.102620733875,0.03013245220085771,0.024228136911764703,0.0753963842179039,0.7404352507352941,0.17344104691440515,-0.01528952463235294,0.0013777335207049227,-0.0006764578154411728,0.000783831715006738,-0.0012826952132352926,0.0006128382701695512,802.4309004428974,5.637287388013412,739.284633477064,1.859246457533717,753.1500634048614,3.8730015166081073,17,https://example.com/TODO
07,,dis,1,0.1497946395122424,0.11393349190224313,0.04885277100602409,0.014358492676394597,-0.034935671246987945,0.03276780123399553,-0.01900310881325301,0.10170961246622355,0.001756069548313253,0.0009103590216280456,0.00025368902539035847,0.00045199150671002,0.0004597857678915566,0.0003691784651585086,779.0905162655115,3.847680482587097,691.358866210236,0.7530502042966715,713.6710114919912,1.428277090636359,8,https://example.com/TODO
07,,dis,2,0.24202219728095237,0.2926024502799299,-0.025568454090909087,0.024963180876550525,0.014950502563636359,0.0342334895681166,-0.08952847454545454,0.15254996298211734,0.0004920421954545408,0.002286499707352384,-2.937116363636364e-05,0.000331919254673265,0.0003786523090909091,0.0003863627943807735,784.2011680589359,5.243445518882779,701.5596207044392,1.9136366833692415,719.4153231394974,2.2530083575745397,5,https://example.com/TODO
07,,dis,3,0.15752908677636362,0.1221673536941785,-0.010196160867174696,0.015388711596931691,0.02614380042771084,0.030744371793747883,-0.008568243465662654,0.09460660193471442,-0.000231376184698794,0.0011132144646617491,-0.00023344513674698915,0.000598105221544087,0.0007434434717469669,0.00043232739949981846,783.499899682138,3.6428238302243825,694.0897581723996,0.9391233371132619,714.7434447468229,1.7219747657355389,10,https://example.com/TODO
07,,dis,4,0.30043652505454543,0.8161126816447656,0.016178747560240965,0.04049197622422151,0.028415239686746988,0.1908592988330106,0.130142698373494,0.2106966778111273,-0.0010980732646987939,0.0030255886165730652,-4.523619487952108e-05,0.0006395563617825359,0.0001829489004819253,0.0009911634825869448,786.2129741810875,6.5860845307288365,700.2167571074569,3.475146415126339,719.6225163681089,3.974120693377698,18,https://example.com/TODO
07,,dis,5,0.14901436919272726,0.13602702951753565,0.023610833493975903,0.017826282109096,-0.029458986389156627,0.028880442043057175,-0.014265878487951807,0.06513062248904013,0.00016666695596385725,0.0011015193896794116,0.00026659584975903555,0.00031399683678061104,0.00015721178596385483,0.00040255396492823626,773.5877667773643,3.5452452973676434,697.0204656079036,0.7741782025777948,716.0648829429007,1.2042876625565435,5,https://example.com/TODO
07,,dis,6,0.13933160059151514,0.10998066735421817,-0.004787171482530119,0.019250020934656727,0.02840533623493976,0.031886934652904805,0.0663971839819277,0.07445423032713434,-0.0004061894801807229,0.0010553919785231004,0.00020984538281927228,0.0004176154445790531,-0.0005351099331325294,0.0006792027628395077,773.2666074270334,3.6179027820369445,697.2470863829575,1.021278873634783,714.3872286592073,1.3072697832214155,4,https://example.com/TODO
07,,fb,1,0.12993059014507405,0.08955855450135607,0.015989018799264704,0.016978966896054607,-0.019755274375110293,0.03157997474669266,0.09341270108088236,0.1459261073078301,-0.0002770903656617662,0.0009607299374134858,0.0005467145245588184,0.0005169074871715486,-0.00019005630249999779,0.0003316478558936998,788.2279094218054,2.5543988357805425,700.4702146411533,0.9571517145659024,718.9401592470729,1.4945952854314317,2,https://example.com/TODO
07,,fb,2,0.18232345867444444,0.2351099716994328,0.004499235656617646,0.015590584030354068,-0.0026335544183823546,0.03857922274899084,-0.07680698235294117,0.10283250060681644,-0.0003872725149301441,0.0013153797605152335,9.060866110294265e-05,0.0005691615453721889,0.0004600689352941059,0.00048642363770870506,788.0809859700288,3.986681552251919,701.8238435480015,1.0051459691967441,719.6350158470168,1.5345943039690615,7,https://example.com/TODO
07,,fb,3,0.2341918738257037,0.2956186833948329,0.00043795520272058914,0.017323931082458586,0.0647827444852941,0.040509593149236356,0.1058247775735294,0.15094886513338282,-0.0010301234976470566,0.0018507300833859037,3.964488220588162e-05,0.0006107092074397351,-0.00040366352147058456,0.0004187671510327274,764.518539151692,5.393640674702209,693.4763098402306,1.2905184423206728,711.570859108616,1.709046792157025,16,https://example.com/TODO
07,,fb,4,0.16178270257037033,0.18859989931514787,-0.01768930219852941,0.014837855168120124,0.02935109773529412,0.03828131847634466,-0.04028378725735294,0.054322051096499055,0.0008534317728676471,0.0014633749802041571,9.36726383088228e-05,0.0005938505401774887,6.768437580882354e-05,0.00038975051273678544,768.5419279951055,3.5242244752265046,696.9333027308285,0.9531898983098093,716.991905906837,1.4369912167026573,8,https://example.com/TODO
06,,dis,1,0.18147138227272724,0.08866501119625654,-0.06999272650602409,0.01496352914756273,0.024567195981927706,0.058532614720569705,0.12584518440963857,0.08675420274989279,-0.00017221458132529938,0.0007678718312668143,-0.0010660904849397555,0.0007350531221733273,0.0001212846722891548,0.000608720509889094,894.4883181215206,3.7418965144174408,716.7384515987948,1.543468626236109,762.4950516599547,2.0066863307189347,2,https://example.com/TODO
06,,dis,2,0.19781193108909087,0.13464755133138379,-0.013389978895180723,0.012528883091489062,0.08073746638554216,0.053772855636489536,-0.05979260421686746,0.10096243635356866,0.0005277614884337343,0.0011634653870777499,-0.000979025374524094,0.000600658286958204,0.0001313605828313247,0.0004018538003849103,884.1622522188835,4.077069730881875,719.4703139397126,1.3288399968096358,767.1338546306455,2.0652372983201026,11,https://example.com/TODO
06,,dis,3,0.16556373974303026,0.08268199714810415,0.013347716781927711,0.011191645196636325,-0.07005155986144578,0.05524158640025107,-0.08664336833072289,0.10421347394255395,7.459248325301266e-05,0.0006784185505596234,0.0010924903101204807,0.0006501038557791415,0.00020678853879517532,0.0005759279939335285,891.3783869396003,2.7541929832182377,718.548637223141,1.2708495825630242,766.640196270542,2.6223773492858076,6,https://example.com/TODO
06,,dis,4,0.20777750498060601,0.11559350616767876,0.0059492265939759,0.016287512287280582,-0.0008030521084337344,0.05405767433175416,0.10942794529518073,0.14773794672686313,-0.00017358203307228735,0.001102721591413174,-0.0007661385627108398,0.0005971355345185783,0.0009004104460240862,0.00042283058936750815,884.226325935658,5.483018105669009,718.8098149926069,1.7382038885818771,767.7973925033514,4.415027635509221,11,https://example.com/TODO
06,,dis,5,0.16039486542095197,0.08276711553760566,0.012476657546041686,0.013334169272468466,0.0674069155,0.04900486701067246,-0.024312239879518072,0.07491383543357688,-0.001265098390361445,0.0010004658945176907,0.00032955631736144333,0.0005785365813344504,-3.4045634578310834e-05,0.0004685629552618157,899.7070564546484,5.3906200496196846,722.3895442201913,2.474691427193028,766.6645833137464,2.859027279876972,11,https://example.com/TODO
06,,dis,6,0.16085463976969697,0.1252356223551986,-0.003907584548192773,0.016254869033499063,-0.014764642078313251,0.047817502930189985,0.13847985475903615,0.11913366275367542,0.001597548356626503,0.0009778138311849528,0.0004658668138554211,0.0007524276800623695,0.0009687128051807229,0.0006579974439251239,896.9956812351822,6.1426542826532895,723.2911793348079,3.0287797936746106,770.1637614227964,4.206562791512392,11,https://example.com/TODO
06,,fb,1,0.13275600451851852,0.061395530482156895,0.013290244919117645,0.0126466324545101,-0.05216503580147059,0.045740713874348915,-0.09368782352941175,0.04718430907968083,5.693491691176691e-05,0.0005460357197579042,0.0006204773295588235,0.0008854896719634659,-3.16827624999956e-05,0.00046021904899899214,897.9268910189031,2.907147560521712,723.3706881063113,0.7925844805471891,768.3105868125724,1.6384178406250205,0,https://example.com/TODO
06,,fb,2,0.14330440432814814,0.07948011567175489,-0.0063453660889705886,0.010656455669415385,-0.003019314485294118,0.04398786715101659,-0.08985355768382353,0.06883676014609995,0.00012943249235294044,0.000638920031235089,3.264941544117353e-05,0.0004788552229990389,0.0010546024595588207,0.0006184649136303519,890.0437315834145,2.716961524378877,718.9749791837598,0.8399056217820132,767.2017979131685,1.6692203551787024,1,https://example.com/TODO
06,,fb,3,0.17799259883703702,0.09694822057823568,0.01159560813602941,0.01150827247956533,0.008830243117647057,0.04927340275089864,0.010948243058823531,0.0911243843793795,-4.033464095588309e-05,0.0010411860888786147,-0.00016175826911764412,0.0005076392832216317,-5.096435669117573e-05,0.00047476891684969505,895.3269661558495,5.312213167475537,722.8140381235479,2.097605432402215,766.7899254371064,2.810066442521932,11,https://example.com/TODO
06,,fb,4,0.16322577952518516,0.14599860608554607,0.003315788354411764,0.01365493764121518,-0.0556957394117647,0.04853047707748651,-0.09973669705882351,0.12560866514049038,0.00022759021455882352,0.0007740025387249121,-0.0001721713131323522,0.00036077115546158183,0.00044047172647058384,0.00031687296846513594,888.5714273695149,4.499744182225469,724.2904140583976,1.6430089258203064,769.439140571475,3.71657381782524,8,https://example.com/TODO
05,,dis,1,0.1683368064090303,0.147081427153851,-0.0008471972156024096,0.016470557565372985,0.023422139090361442,0.043766689983076895,-0.02595133694698795,0.06135409025663452,-0.0005123475612650591,0.0011253178062754507,-6.494077410843374e-05,0.0003751416880737015,-7.054038919879518e-05,0.0003381455529899235,879.1961347141248,3.204279613047811,721.189574293722,1.2413485646346927,754.6081651160065,1.4047043258811884,7,https://example.com/TODO
05,,dis,2,0.13243226067863936,0.04253009407901312,0.011251489477152123,0.008776898094551198,-0.013231294114457833,0.03710189166578702,-0.028968620216867472,0.04563709415719307,0.00036172523584337166,0.0004961146976460815,0.0002070564910120482,0.00028525428418310774,-0.0002770444831325301,0.00019984709095444942,873.58424727299,2.3100632377348105,720.5823056834138,1.1007888507192962,755.891297038151,1.2051749904362727,0,https://example.com/TODO
05,,dis,3,0.09226663629218179,0.04510543386687585,0.014070484095963854,0.01370697181360218,0.008532028125240964,0.021035111319307742,0.022523971506024094,0.057516812464300335,-0.00011598768572289216,0.00028967778265709637,0.00020808198289156506,0.00029849554410356854,-0.0008403760463855416,0.0007012199853664855,830.0396766621358,2.382862831755277,714.3811149360031,0.8430804160317279,750.2611552215461,1.3728679938881738,1,https://example.com/TODO
05,,dis,4,0.12521011403629617,0.04422033956046781,0.008974228121451022,0.00709170229184884,0.03189798591746988,0.03389819875642507,-0.022082846945783132,0.030304731474975692,0.00015758726439156506,0.0004036043142784896,-3.976368819879518e-05,0.00020319229492861047,-0.0002640604842168675,0.00017719798729366355,872.606489641998,2.040128538415959,719.2336949445806,0.905758140287066,754.3285967595061,1.1285724047064003,0,https://example.com/TODO
05,,dis,5,0.14511602136430302,0.33960423387787675,0.005363598735361445,0.014682122037158839,0.022064451350000003,0.04973038975443238,-0.08125885538554217,0.08441462060569234,1.640053855421627e-05,0.001996125629430297,-0.00044781553602409274,0.00044399158078734164,0.0004852481238554181,0.0006027729471290823,814.0950933137291,4.577952465692753,716.1118551874443,1.5320836736057943,752.1232266925792,2.063992070025602,7,https://example.com/TODO
05,,dis,6,0.10492480102424241,0.04316953832433666,0.026933383807228917,0.013972719290100506,0.044985230192771085,0.023542102935689785,-0.02461307987349397,0.026475272069367315,-0.00038583053481926866,0.0004507901133150864,0.00024197613009036025,0.0003917317152348371,-1.5373648795178918e-05,0.0005554748583601444,818.8179038290341,2.2911867811727094,716.6491709027692,1.0995104296329679,754.4456848351573,1.5314050041886915,0,https://example.com/TODO
05,,fb,1,0.13177269422714072,0.2540709308473344,0.0037071889892647055,0.01196543348294413,0.01692937624048529,0.028121331429249725,0.02593061726977941,0.059626002792786625,-9.239665941176396e-05,0.001972937914511593,0.0002677774342647044,0.0003498099338942678,-1.1028280882354419e-05,0.0005749848650974882,832.017037475585,3.948449381730605,710.5712658195482,1.0784598428451433,747.6513993358582,1.5948628023252434,6,https://example.com/TODO
05,,fb,2,0.08869706099407404,0.07278127560446178,-0.014209513860294119,0.013462149296518941,-0.03967451989485294,0.01974712483329476,0.08395547963235293,0.07548737531025672,0.0008942020920588228,0.0007986039115276079,0.00022511665007352794,0.0005192369463302677,-0.00043529075186764634,0.0006270740545563171,839.1998661684784,1.9981452817946723,712.5297518099638,0.7655041493298462,749.8609847662481,1.0900082049756081,1,https://example.com/TODO
05,,fb,3,0.1128147949147111,0.04160905090233659,0.01269295972735294,0.009573200275799897,0.002819581708705882,0.03094261970415812,-0.015986639961029416,0.03480645089127289,-9.082074176470294e-05,0.0003788155238116839,0.00041932805808823237,0.00028316402257490053,-0.0007714832198529352,0.00030811685342695984,864.136059393071,2.094949640203901,718.9508596532097,0.9941660897974588,753.6311792604307,1.2387091491334938,0,https://example.com/TODO
05,,fb,4,0.15041607617122962,0.3038239165902506,-0.004538163779536763,0.020212614718963035,-0.003256206426470589,0.04754209765250215,0.014965675845588233,0.09561932926328581,-0.0003018562858823537,0.0013679268453945603,2.1625699338235295e-05,0.0002286866738797556,-1.606705147060298e-06,0.0006021680108236739,833.4971667172388,2.5627431207771885,717.9320234585024,1.236581686439457,754.370543356157,1.2624621252548445,4,https://example.com/TODO
04,,dis,1,0.25205969482545454,0.1510947126002821,0.010513309993975902,0.015155623785918058,0.04216948314277108,0.10422612151871662,-0.005944204391566263,0.06904953635274608,-0.0006410816608975909,0.0011062127988689936,0.0008610824325301156,0.0005951262219375012,-0.00013489069668674337,0.0006601092012186922,926.2978035553432,3.530032040742208,754.2916978286778,1.2977924937386505,793.2991236978858,3.4147318984029558,18,https://example.com/TODO
04,,dis,2,0.24753263098181819,0.12686352827951153,-0.011790929759036143,0.019169883038777705,0.026943942710843376,0.09021292706171648,-0.03630191727108434,0.07793444623641448,0.0015129592837349367,0.0010773674915153888,-0.0002950109377710837,0.0005763510891716788,0.00017451354692770544,0.0005449312801162631,944.8388437230735,3.6839064998526334,762.3653560892208,1.3801009570645486,801.7159370820398,3.230511616158299,20,https://example.com/TODO
04,,dis,3,0.20354445468848484,0.10123718234094319,0.002371062393975904,0.016696536877536968,0.08069682092771084,0.08186712963057535,-0.041302454897590365,0.0580659963397838,-0.0011519069939879506,0.0006730765106270495,7.480935542168554e-05,0.0006118128445800334,0.0007935566018674693,0.0006758941690248576,926.0905864869685,3.3552861085959536,755.1314829526385,1.3958569902298525,798.0831184448219,3.1412948934474825,10,https://example.com/TODO
04,,dis,4,0.24859880119728484,0.15884740768634192,-0.0013223310566265066,0.017550869406241367,0.0007181679352289157,0.09517679801578392,-0.015804279608433735,0.04973060815493607,-9.803813855421808e-05,0.0011853427407529187,0.0002484275558433669,0.0004945778106925043,-5.003437451807772e-05,0.0008377839734466317,927.041468826842,3.3071749879102055,755.316444747924,1.383513076999703,790.3301873997381,2.921700476653305,17,https://example.com/TODO
04,,dis,5,0.24907480777757576,0.14285372252604078,-0.06277258410843373,0.019187955730505944,-0.10956057128313254,0.09100827172496717,-0.1175881019879518,0.07550315872017747,0.002312234926506024,0.0010164902141440557,-0.0008889912510421644,0.0007352946312857984,0.0005628883734939735,0.00044274888592368345,928.5310942169544,3.4168333457169844,755.8806826338958,1.1719958588670951,799.1393987033794,3.024270936237614,13,https://example.com/TODO
04,,dis,6,0.2783087986285454,0.11577699013080482,0.0029390869127108427,0.01770098978120346,-0.027083757951807227,0.09873941489150452,0.011877640548192772,0.0556477736046878,-0.0016179750886144578,0.0011756997292699388,0.0002893852800481922,0.0004371588955284249,-2.4477790602409636e-05,0.0006867035506040674,925.6210989840464,3.8024327188310623,755.0223666453473,1.2357227191061733,795.9593489148955,2.395014594944402,9,https://example.com/TODO
04,,fb,1,0.2713332914844444,0.15736405304849374,0.02443357057279412,0.01830368274151489,-0.09181807148088235,0.11054712495355033,-0.06435805363235295,0.07393111151096762,-0.00028909502808823753,0.0010108913631864582,0.00037439165073529704,0.0006524364880202911,0.00030535697227940955,0.0004211107875029345,917.951364559103,2.9238912506073036,747.7541608071573,1.485775004748448,788.6308662031969,3.3591435016707236,11,https://example.com/TODO
04,,fb,2,0.2456494331059259,0.14868604681424666,0.005416609291544118,0.013230755351325674,0.0760041281617647,0.09255024873961802,-0.06426949779411766,0.1405569464370595,-2.6785124264708094e-05,0.0012000284520118424,-0.00019333241021323087,0.00046674471795813115,-0.0001374495423022022,0.0003977223491308429,927.7312137418124,3.9010485009446354,749.9979114925233,1.445885771315951,789.4097863013011,3.41261590996718,9,https://example.com/TODO
04,,fb,3,0.26022170889259255,0.14358934770550635,-0.001531406225735295,0.01760645812125255,0.10573608705882352,0.09660669601485049,-0.04319428705882353,0.0859034059094906,-0.0011584014044117611,0.0008863067099116217,-0.0016075576316176455,0.000760812842493757,0.0005403870938235272,0.0007020601478035092,933.3101776305471,3.9711253256953793,760.575495285917,1.2231535309131727,801.796361778515,3.18887449600884,9,https://example.com/TODO
04,,fb,4,0.25416452323703703,0.13958462397538868,-0.006440010419117646,0.016463706364600487,-0.01991705625,0.10410599666749211,-0.05355072300808823,0.058301318161999134,0.001750540231617647,0.0011252234670792616,-0.0005090972122794102,0.00036332554457522867,-1.7415924999999267e-05,0.0005361800718272428,936.3362140161126,3.4435059982275646,758.9356385003908,1.3839809961329863,802.1204850334806,3.2210066190778943,7,https://example.com/TODO
03,,dis,1,0.19045389407272725,0.08554980710005984,-0.026937091216867468,0.02320212785020771,-0.0386064601626506,0.04815565616745001,0.08005694177710844,0.08289504751177455,0.0008493058271084326,0.0007418166379629476,0.00022540496445782468,0.0006514345526471464,0.001269053073493974,0.0007669775419428711,892.8060185645363,3.0974804820896757,712.6182711613892,1.0283939242022966,735.557660351609,1.5550555322330342,2,https://example.com/TODO
03,,dis,2,0.17554664502424241,0.06889962602174717,-0.03107968869879518,0.024597365532805587,-0.00561295498795181,0.04070414670952353,-0.1449539430120482,0.06697542873747403,0.0011187953875301194,0.0006900640269396055,-0.0007904817145180718,0.0009431055108556232,-0.0008111827477108403,0.0007110201372099862,890.7675532797257,3.337928991934124,711.7559248583491,0.9543107298038077,730.0664532674899,1.56174508292808,0,https://example.com/TODO
03,,dis,3,0.18667804470909088,0.08749852448230563,-0.016650139078313253,0.0228536171440019,-0.12189698375301204,0.04401483201679722,-0.13801386710843375,0.07192546693434715,0.002481030331325299,0.0011924548175786711,-0.0006616830698192729,0.0006274757542071824,-0.000672551627108429,0.0004485693414795671,889.6984799515469,2.9214269718010732,708.9540739687575,1.121826798467813,734.1675508616394,1.7257956968449268,1,https://example.com/TODO
03,,dis,4,0.18472317349575756,0.10342180198599486,0.004792887911445783,0.019086874856381473,-0.0011096694578313258,0.049544519104078276,-0.08160415108433734,0.12846079903226065,0.0006164807415662615,0.0006630985751714472,-0.0004314470595783102,0.0006070881041229986,-0.0005409553040361398,0.000693770123354621,882.1158691462607,3.4244783403905688,711.4461031508205,1.5675105363389759,735.8809447066745,1.9905804587781109,4,https://example.com/TODO
03,,dis,5,0.18377684087757573,0.07150205549676793,-0.00025871220481927723,0.016973333463942093,0.012265183278313252,0.042417974010640576,-0.018173992578313248,0.07741047958768188,-0.00033351171108433495,0.0006514739319902128,3.988679795180784e-05,0.0004760971523628352,-0.0011652192421686745,0.000856538705964765,897.9170460883014,2.806133709976855,709.9224479373728,0.901889049677583,735.6109489856387,1.3962205198548006,1,https://example.com/TODO
03,,dis,6,0.20792026203757577,0.09129185306184444,-0.003942316472891567,0.020589851303700654,0.005711069879518071,0.0522225638425615,-0.02931470654216867,0.08238010101335207,0.0005417800540963837,0.000747125991921596,-0.00038847191090361386,0.0005493939237015252,-0.0007621024586566265,0.0007341857814876826,895.5522813279363,1.874234554244327,710.8156161202568,0.9720358823852693,735.5908996183412,1.3952881897693945,5,https://example.com/TODO
03,,fb,1,0.1844637681185185,0.0903185012057463,0.009089751183823528,0.019384413585475227,-0.106924313375,0.048394647902138564,-0.22327701811029413,0.08734869717896204,0.000832073122573528,0.0006669157603208127,0.0005830265622941154,0.0005646519533202987,-0.00045454371617646835,0.0008009839787168051,878.0676619647907,2.4035151355285347,705.7565205250324,0.9770304361555514,731.9132955746454,1.5840878398618843,1,https://example.com/TODO
03,,fb,2,0.18271520663259258,0.07209021407141307,-0.038615799411764705,0.01697395453648786,0.01618290205882353,0.04998782973895992,0.04284847842794118,0.08643089780200816,-0.0011598985602941155,0.0006146644963595002,-0.0005339866380146985,0.00032515936344403886,-0.00022106480514705808,0.00047105573002102606,890.7247050687124,2.7832520613801917,706.8560178041624,1.1023314694140771,731.7547933757944,1.6596956726324494,0,https://example.com/TODO
03,,fb,3,0.16716962751970368,0.08132216792826233,-0.002418151291029412,0.013529473620793566,0.048211395125,0.04495939567540455,-0.007841687998529407,0.09210430773451037,0.0001882807777205875,0.0007110963924472154,-0.0006986820269852926,0.0004479819106532627,9.487130073529265e-05,0.00043330053865444653,896.359773344764,3.365433166277902,711.6586627539134,0.8965012996236132,734.0498273529802,1.4775236640451443,3,https://example.com/TODO
03,,fb,4,0.16875918305185184,0.0796792473797072,0.019700637029411765,0.020862729389398198,0.05773590080882353,0.037440515367110454,0.024972930220588233,0.05525976014551117,-0.0014274333612499985,0.000639818603487369,8.357706249999853e-05,0.0008595925205724883,0.0001872966389705853,0.0007073438621187773,894.4550784933755,3.5441662822721387,711.0138954892296,1.0565489447617566,734.5666790055541,1.666838816156382,4,https://example.com/TODO
