subject_id,ses,task,run,framewise_displacement mean,framewise_displacement std,trans_x mean,trans_x std,trans_y mean,trans_y std,trans_z mean,trans_z std,rot_x mean,rot_x std,rot_y mean,rot_y std,rot_z mean,rot_z std,csf mean,csf std,white_matter mean,white_matter std,global_signal mean,global_signal std,motion outliers,source_url
124,,MGT,1,0.10719432528940145,0.0720402791644678,-0.006785790309701831,0.0070255937247897665,0.23088459378189846,0.14476977618210526,0.1859384132119205,0.12844006518338213,-0.0006457081304635752,0.0010699887502330068,-0.00019822853515805738,0.0002150871878500286,0.00031185076666666664,0.00012889729829408564,7908.925888846078,35.12558285839266,6276.521726519784,26.744354312929946,9373.046143696325,37.0365084502164,4,https://example.com/TODO
124,,MGT,2,0.1493432661232001,0.08552367296617971,-0.017173847050269447,0.020580471811423674,0.405791119205298,0.1692599647510529,0.7458688145695365,0.2152187919586746,-0.0005471069041942627,0.0050635312669279516,0.0005120234944812348,0.0007209707246636745,0.0007132430269315671,0.0008365009785251039,8010.1442561978465,34.65786701645593,6245.802132860242,16.638368585053602,9564.2599016135,29.907106840248222,2,https://example.com/TODO
124,,MGT,3,0.1562726825542685,0.09090502683781813,-0.0006024620197033951,0.0035535303213858577,0.3479704971302428,0.13324242132656836,0.8142341304635762,0.31092510726325445,-0.006053719633554079,0.002165826190106953,-2.0562113024282337e-05,0.0001492752341665994,-0.00013111946666666578,0.0002858230823090472,8021.464034232442,33.77598118955323,6219.919431904571,21.26947020810988,9329.126461378597,33.461113106059656,2,https://example.com/TODO
124,,MGT,4,0.15028431870307457,0.09141667516963936,0.0033085580680186004,0.006086043937083334,0.19582571964679912,0.05663186620841972,0.4598792030905077,0.14824449172204576,-0.007129218465783657,0.00234562836295046,0.00016641167611479007,0.00031260759833279836,-6.420069602649007e-05,0.00013164987308989402,7737.987648986471,30.95728373226515,6170.249308813165,13.795881962233175,9438.149240348534,32.65246630277206,4,https://example.com/TODO
123,,MGT,1,0.06193561969579784,0.025658812798604158,0.01398683966806243,0.02510669983813515,0.17650521024724064,0.09118649392591587,0.12107496026490067,0.02530604889570786,0.0011258635354525358,0.0007592881257595851,-0.0021649259346578358,0.0007733990261927668,0.004031038543046358,0.002161636788324511,8144.248943440979,26.39031433262554,6803.496306182267,14.231357422143256,9872.410592739048,23.139296998927083,0,https://example.com/TODO
123,,MGT,2,0.053222134652688935,0.02782868987666706,0.0022570735988088606,0.012378001514898852,0.06601766951434879,0.0407653364957115,0.08750879227373068,0.03159081424082942,0.00015507174108167596,0.0004486734154787589,-0.00013349243313465783,0.0002302153865100947,1.1782935320088283e-06,0.00016196272491308828,8187.51294205259,27.429876735361397,6806.811298457023,10.293155505573159,9858.776688403737,25.240637531269112,0,https://example.com/TODO
123,,MGT,3,0.04715752976746538,0.021016540002311523,-0.01494656769268459,0.008358900207029691,0.06444910110375275,0.02578768260030621,0.012525142839072847,0.012671476685230913,0.00023691283653421544,0.00025847636024736167,0.0001520787384856512,0.00014765222843735238,0.0002736549562450331,0.00018154931592212197,8203.383564505231,27.900701456033126,6826.812187511658,7.656210424049831,9891.38063373242,22.203068877674706,0,https://example.com/TODO
123,,MGT,4,0.06133495671669204,0.032478718839468186,-0.003418492545003151,0.005852282303273369,0.16162228498896244,0.08735321405690069,0.055533175827814564,0.03128343596661002,-0.0011379055306401742,0.001038483260676207,0.000743453519050771,0.000856902851286221,0.0005362570584988945,0.0006483653927223457,8253.673206668038,26.29046374216998,6832.06356244865,9.457026644245513,9903.615819775183,26.485088720749328,0,https://example.com/TODO
121,,MGT,1,0.0826491963730116,0.03835611848805004,0.061958656708637705,0.05401690777991127,0.3300251729348344,0.19676666906794443,0.41443642494481236,0.16386727241221977,0.0022760344955408364,0.003491816508092924,0.0022549852496688743,0.002085389281869246,-0.0008658140121412781,0.0008617564431540866,7450.544018322232,38.92365838195853,6643.0656929486495,30.67028656335863,9169.958050488009,31.660531927882946,0,https://example.com/TODO
121,,MGT,2,0.03945188860148931,0.027408649872075273,-0.005073277800783276,0.00824425902013397,0.04539195607064017,0.035731061001084356,0.13025496136865342,0.022381568571536264,0.0018004523251655604,0.001764364806589733,5.479864377483444e-05,0.00012264168769770715,0.00016344728565121302,0.0002506480385219195,7387.897736467127,38.366503421894706,6574.488821887871,12.115433647761964,9416.809665129786,17.559485089755945,0,https://example.com/TODO
121,,MGT,3,0.044388786100099296,0.028150440637226166,0.03604405643416126,0.029917310314164936,0.007196377272406182,0.01889338869889819,0.06612482070860927,0.03299374645197137,0.0010487031560706382,0.0007669662692478806,0.0002661964377483428,0.00025944750103165496,0.000856086720750549,0.0006786701332664618,7402.806946359024,33.84045211088447,6574.841214769908,10.960306378799753,9425.927017365451,16.758516118080415,0,https://example.com/TODO
121,,MGT,4,0.07036677820554421,0.04189308271660212,-0.02900198852725724,0.03340556098960703,0.10711270489094922,0.06233104205011375,0.06556362569315673,0.03469548310921667,0.005906783874172182,0.004666464413984975,0.001252627589183223,0.001237523113778778,0.0018316620905077245,0.0009107654328095382,7340.761237095956,45.399173212767415,6546.186876672559,14.639773993374899,9383.79332450724,19.08380632128473,0,https://example.com/TODO
120,,MGT,1,0.12698142141196986,0.12604515562139626,0.0013133078527816716,0.019507133378229347,0.33868620927152315,0.18925126132307038,0.2652017719337748,0.2495916136652247,-0.012575482280353198,0.012361479146438257,0.0005555621081677638,0.0008802886231541819,-9.11048224083881e-05,0.0008912113641608963,7563.006385532033,51.64594347548473,6490.131026539186,18.83047451059019,9805.565739701988,46.162834487040016,9,https://example.com/TODO
120,,MGT,2,0.16739688429646013,0.2731991496470694,-0.02368884049668874,0.02401658257761251,0.3562351523620309,0.27041489173180494,0.5433119395584989,0.45811537858740325,-0.002533819735187634,0.0034565322501149487,-0.0019485441650993356,0.0060938174501750444,-0.00026699856582781614,0.003568860160821934,7491.563333642376,73.60603117811092,6386.567067879029,26.08089645197014,9645.245858438966,70.42445457953112,26,https://example.com/TODO
120,,MGT,3,0.112413344119469,0.1060940539041234,-0.00830048434437086,0.029911724697962484,0.14030299066225166,0.12143058750672166,0.14147748276600441,0.1275691835110857,-0.0008419811987637962,0.0014033941672637973,0.0017062560464459152,0.0009731608039077063,0.0008719433825607125,0.0010581965830093634,7464.649188891918,67.47346334402272,6295.799153199615,17.980766551182462,9516.06799960321,50.49092903281166,12,https://example.com/TODO
120,,MGT,4,0.09132182564203536,0.0735769506478587,0.010204510293818985,0.03163960568372582,0.2567798110154525,0.0793065981522499,0.24045630507726268,0.0794217401249812,0.004233605018984547,0.0017041720717998982,0.001516340423002207,0.0017865225680966047,-0.00066925122231788,0.0012484231025351115,7572.790151125071,54.19169767620331,6350.008616993637,14.309563874090921,9286.518448994611,40.95815025126599,4,https://example.com/TODO
119,,MGT,1,0.12401548919026545,0.0486359111614767,0.507074010816777,0.21481675051066626,-0.2099441369977925,0.14355509943898875,-0.06725246438410595,0.061019096059413386,-0.009490288572717437,0.010482035862067743,-0.009939696233333335,0.009817717599428472,0.01005051401766004,0.0038951028892381693,7457.106416220981,57.51577950258404,5908.203045848976,8.021636801848343,8770.719582051996,21.59012463863637,0,https://example.com/TODO
119,,MGT,2,0.10941528819026544,0.04587365157175286,0.2703835593598234,0.11338020150384408,-0.2606367225165563,0.0713375887964358,-0.22085767662251657,0.06589044073893814,0.00044474293549668807,0.0009232942750270867,-0.006089094196467989,0.0014040098600386376,0.002472162645253862,0.0014151805582566985,7246.573809665982,60.540666837693735,5929.391526902926,7.166100920636315,8789.976412204356,18.698473214643535,0,https://example.com/TODO
119,,MGT,3,0.14769853367053026,0.07738115761252948,0.62433555608119,0.4465363780304542,-0.03567364217880794,0.04055172984344212,0.48164457880794703,0.1568135585197583,-0.02498886091390728,0.010507860343453653,-0.017028210847682117,0.0072569888987243664,0.00837025975717439,0.0052966259555323894,7201.103741196924,55.42960239512279,5895.849569993263,8.897517831683182,8476.170238694787,23.960994496322268,1,https://example.com/TODO
119,,MGT,4,0.1422956825530973,0.08505917664413916,-0.47063581779249447,0.16529088875115802,-0.11736167078807946,0.11551497097985411,0.28840134569536424,0.13316972713109676,-0.02419953403090508,0.011158503618741903,-0.019601764406181013,0.008398462662844053,-0.006654266567328914,0.0029662464271738177,7003.469200562862,85.99887925893887,5773.029484219778,9.969774481683514,8641.065358697797,21.472966734183988,3,https://example.com/TODO
118,,MGT,1,0.13112201794690262,0.057677916880279075,-0.07885412677704193,0.030977905299625224,0.24542047395143488,0.08807018292523978,0.1340115816777042,0.049110768952386925,-0.0009882603707284752,0.000520245226912783,0.003121882961368653,0.001497331040290199,-0.0011787614693156716,0.0006097849904019905,7871.162114990635,39.490946141997696,6140.036614481398,20.756592786217677,9204.023608235006,31.009184695014845,0,https://example.com/TODO
118,,MGT,2,0.11729780861864722,0.06595244053593101,-0.019019028134788694,0.02322630432417946,0.1761443405518764,0.11241712702852685,-0.004869229411324504,0.03980728813305288,-0.0016002590836644585,0.0009824023097808167,0.0007749250503311236,0.0005952360696174346,8.854816439293598e-05,0.0002094576186911483,7878.354319711964,40.39406279069538,6122.695876226847,18.234813214877068,9161.66809024825,30.89970367682422,0,https://example.com/TODO
118,,MGT,3,0.11887242660685839,0.0569131446733482,0.059896018037527594,0.0457289512175929,0.13011198613907285,0.07082705898850802,0.04136225179690949,0.02509017282201947,0.0006176281099977907,0.0008130437298614223,0.001273734131501104,0.0008858120987736416,-8.227682886092716e-05,0.0002406969249429473,7810.904497941166,41.88151980720204,6090.16413854648,14.31203142052074,9136.935570187168,24.86472958600335,0,https://example.com/TODO
118,,MGT,4,0.13279665504940263,0.06603422838018598,-0.04490030293576159,0.04834413784328156,0.10800391626931566,0.049872674058096256,0.08749748476821191,0.04787163123822772,-0.0014570569902869726,0.0007627148531182616,0.001979420679403973,0.0011246292319333133,-0.0003632845185975711,0.0007247756868878269,7840.823731782059,41.05475478801444,6083.564902788039,13.979740110902775,9161.436405926916,34.727342215018275,0,https://example.com/TODO
117,,MGT,1,0.05617686337566368,0.027450789047461375,-0.05706697497174392,0.04958173150347332,-0.019838043653642383,0.031525805510367086,-0.04029542811037527,0.02805849995635167,-0.0029121262238410582,0.0018239329255496845,0.0014470733953642315,0.0010619107512121408,-0.0018038193993377466,0.0016492020366819773,7701.972317190582,36.92760097502827,6783.928076124779,12.105877944096727,9992.488271705699,25.696987331874983,0,https://example.com/TODO
117,,MGT,2,0.030936250212922595,0.012383402162409712,0.004631200243041898,0.007746756242474507,0.0010201436659823399,0.013615645189551006,0.033794834458940395,0.017868919373368642,-0.0002649532331567329,0.00026854187526525504,8.157488651214127e-05,0.00013737217327894772,-0.00015096570331125808,0.00024341194987779642,7685.255533706048,37.73173889089826,6753.021734409824,7.232286469414834,9957.192412604181,18.816757955324,0,https://example.com/TODO
117,,MGT,3,0.03950838746373992,0.015730716444652817,0.007617571504856901,0.010871521320036685,0.00793595251633554,0.01609931939668945,0.06948924150110375,0.026041137303894946,-0.0012304442993377428,0.0007998784337107704,-0.00011596102428256027,0.00020336187971022878,-0.0001273687701986755,0.00018545849034192182,7698.867338465892,37.70005107826571,6763.05914098309,10.496116282031712,9947.979670708113,21.225887276674495,0,https://example.com/TODO
117,,MGT,4,0.044815729859695064,0.018160984425032858,-0.025248442839058607,0.020234221795222322,0.006188285600220749,0.02560667973112357,0.05091750022075055,0.013376951758124188,-0.0018236437593818946,0.0015632860317212024,0.00031863507152317774,0.0002728543308025757,-0.0005257295289183214,0.0006300593808560922,7666.623554928595,36.30385431838146,6734.084250841439,9.109196907328872,9895.683839844867,20.97537679825387,0,https://example.com/TODO
116,,MGT,1,0.119316016626854,0.12002091640440175,-0.02223037931840342,0.02511508553974651,0.22507847342163356,0.1283266767427655,0.27469564189845475,0.16857349753208933,-0.01218301454083885,0.011279907826878832,-0.0026840560420309024,0.0026662255365878466,0.0006220474582825565,0.000932655690182332,7612.665425624181,57.875542110134624,6352.7105315563485,16.887348077118336,9557.760058964488,34.484424459069956,4,https://example.com/TODO
116,,MGT,2,0.21322210677318665,0.5362961440797672,0.1451039494613643,0.09809671346590075,1.4644959501103754,0.6728506516254075,0.21297458719205298,0.31606515676515096,0.06275020761589402,0.03330454434002944,-0.01542744076799117,0.009402432920458899,0.013308748558498895,0.007389513753293964,7550.322282854802,94.65096911429316,6293.04987055819,41.48670251079205,9255.326849936533,104.27794097440078,28,https://example.com/TODO
116,,MGT,3,0.22595878246015008,0.3620918395074688,0.09451158879380495,0.13034055596870617,0.2510701599558499,0.459158782752139,-0.09358766142825606,0.5223953591304576,0.03683854411545253,0.035203966085374655,-0.008589758155849888,0.007886583926141383,0.002355659321854304,0.005180843947898044,7457.352211400734,100.6708343345143,6193.0857749064235,35.635071815817916,9242.695152987866,74.785565803767,37,https://example.com/TODO
116,,MGT,4,0.18951108911362194,0.23407338654825824,0.14664657537108863,0.1528036216538579,0.27252876854304636,0.4574505365383235,-0.5489381188300221,0.46370450637085175,0.04364758404238409,0.03745192224543968,-0.0011277901068432643,0.005863053093213693,0.011246301719646797,0.010285095446321873,7471.971321643083,62.29717885870882,6196.042214176826,36.400753937739545,9247.610337675014,63.786526488841375,22,https://example.com/TODO
115,,MGT,1,0.05878079582059261,0.028838442636980523,-0.007053497916397894,0.008603677872968986,0.15616675099337748,0.06499261199827348,0.11193176885209713,0.03241330961297034,0.001578451967947021,0.0019234026745678352,-0.00013144015320088278,0.00018288978122809986,7.972285430463572e-07,9.134869805463057e-05,7343.062466127884,62.381589786226925,6267.520670093938,14.077441280001755,9410.145292457271,37.40750972363817,0,https://example.com/TODO
115,,MGT,2,0.0686397737787281,0.032544771242359175,0.002237276827635396,0.005107861371232155,0.19176842339955852,0.045818350920925996,0.2820887995584989,0.06582641659760273,-0.004512389589403973,0.0014026044355151394,-0.0005650107609271426,0.0004412720371686349,0.00027480317637968696,0.00031599989995653293,7503.275000022064,65.84916404171047,6305.170762516613,10.228791486765944,9453.205149561796,36.568143123615855,0,https://example.com/TODO
115,,MGT,3,0.06719968950733485,0.03657710402666004,-0.014038647591166579,0.017792264438924982,0.095174476799117,0.044355359211352335,0.13040635521854305,0.07326205625064693,0.0013248558770181038,0.0017201491730744363,-0.0007069019958057393,0.0009157872764481626,0.00027278096335540486,0.0003578083804480044,7456.174861652783,64.80818526432803,6327.024964039197,12.942034783585937,9473.25770923668,38.733035074224624,1,https://example.com/TODO
115,,MGT,4,0.07460568141435142,0.0586119761485874,0.0061245245384555615,0.02317260169715118,0.26946004295805737,0.2573851108118091,0.31250567615894037,0.2691903199058264,0.0039086596854304625,0.004543672569701283,-0.0018315547812362025,0.0024261606987014787,0.0003286873598233978,0.00037473335972520126,7405.969313289539,61.94671558805631,6335.682822378809,16.673337469987917,9482.37933492149,43.4466678270002,0,https://example.com/TODO
114,,MGT,1,0.0769726280851536,0.038867459197071894,-0.0379626274549615,0.04094448356497758,0.17521454105960266,0.059879863371422,0.11243976799116998,0.03711433504923971,0.0019850892929359817,0.0015366328447625054,-0.0004049946688741706,0.00046346035191819436,0.0010527809770419427,0.001184990028716201,7363.299529376441,55.85272482738101,6697.791227439513,15.438596109172648,9414.387160485676,22.368031558445878,0,https://example.com/TODO
114,,MGT,2,0.08060891616341108,0.04252853823511582,-0.03647717349696377,0.037061530590404075,0.12347592097130242,0.04412317949232349,0.09652114503311258,0.018003489934541657,0.0015672533305077251,0.0011260942319897094,-0.0006686475165562891,0.0007919656671118222,0.0007069507328918303,0.0007392571288109748,7217.094228197199,51.19223858509949,6629.026168656248,10.821912190003362,9014.031171695786,19.95755252495631,0,https://example.com/TODO
114,,MGT,3,0.08499448554970701,0.03975956384602408,-0.05610253172622353,0.03853340116285436,0.17893678830022075,0.05590744406798156,0.12370330728476821,0.02768602298434065,0.00023674529799117108,0.0010037197511635096,-0.0010691861158940385,0.0009396060676728995,0.0017078429558498897,0.0013246182780926325,7220.814247964805,54.411127606924026,6662.692010254001,9.277574262280933,9354.369399865927,16.286729727080456,0,https://example.com/TODO
114,,MGT,4,0.07165476509985756,0.03237757127319582,-0.07319323526113057,0.042446689663180444,0.17050273421633555,0.0404412241711859,0.12137225629139073,0.02044214610423928,0.0022721363298233987,0.0010945221623085654,-0.00045798275827814037,0.0003479856659957511,0.0022735445044150104,0.001422366985881301,7277.2532901244185,59.90127353738539,6609.248322274108,9.487854851112647,9013.1051761459,14.950276276865608,0,https://example.com/TODO
113,,MGT,1,0.053068364565088476,0.022828783504824143,0.048029432910949216,0.03494179290359604,0.02256411796467991,0.01999334286562137,0.0032072251192052977,0.025699034366573913,0.0003098467268653417,0.00022178299842219942,-0.00020918337549668872,0.00019577482498162556,0.0009760558080353198,0.0007978457083998413,7609.9739237375015,35.02803606668518,6489.573767255668,14.62503416517477,8479.792035712766,14.706777436703796,0,https://example.com/TODO
113,,MGT,2,0.06552342272610616,0.03160010669448578,0.12053162962331147,0.05792347532787564,0.018901669977924945,0.03501799944036517,0.030854866944812362,0.017748748722927324,0.0013063022384105934,0.0010015008499390905,-0.0004129148981633545,0.00018006373082314614,0.001613376631125825,0.000903185033910729,7433.421964883794,36.92574204434393,6456.186589197574,8.711936662733606,8557.750091623113,12.923153034235815,0,https://example.com/TODO
113,,MGT,3,0.05765601813451325,0.026441539265098547,0.06698247099337748,0.028323072486248345,-0.0006208770655629148,0.0315728178521717,-0.006761559494481235,0.02778544529709037,-0.0007036165494481219,0.0005401348383854577,-0.0004654009183222945,0.0001560514304419338,0.0006726565382119166,0.00039437338936629626,7772.500185587722,44.0656424682544,6459.542791322089,6.9874600227617405,8734.371294872702,15.621121632727919,0,https://example.com/TODO
113,,MGT,4,0.050377284038326996,0.026183237008515783,-0.011158867698318677,0.009852643858584451,0.026215203507505516,0.02074670930253976,0.011600056889183223,0.020256193800736646,-0.00018100714067704107,0.0002884100266712109,3.10364429580574e-05,0.0001107992393254206,0.00031890881415010976,0.00022612233388499492,7776.906444811083,37.670563085456344,6427.495298267866,8.29775131981515,8709.276197331297,18.40601998854353,0,https://example.com/TODO
112,,MGT,1,0.05680458156715305,0.029588286394736676,-0.0013082748571142712,0.0031925268448791872,0.056200717484966876,0.02582375396925243,0.075551106401766,0.029210837645759623,-0.0017151144254966882,0.0008340285154810273,4.501226269315673e-05,0.00015109315957651285,2.3153662251655628e-05,8.12368077189779e-05,7883.914519474453,27.84207243017483,6369.990735860997,15.429449537494886,9905.02822315101,28.294142545163965,0,https://example.com/TODO
112,,MGT,2,0.05833337886556457,0.028840339793029655,0.009624204452196182,0.012592803213991276,0.04980690522958057,0.020945129574217566,0.0991460357615894,0.02481325391898829,-0.0011517131136203071,0.00047181602913563966,0.0002210318651214128,0.00025323970242182003,8.412493093598234e-05,0.00014513936503801153,7862.588904479025,27.23414168244035,6328.358187048419,9.54603007747372,9860.89546077291,19.00648375646328,0,https://example.com/TODO
112,,MGT,3,0.06689369410290016,0.02455282272596271,0.035580756220859454,0.02683306458552059,0.1006557885209713,0.03275579138236539,0.17211712273730684,0.02617675581369497,-0.004873420253863134,0.0015136384492367826,0.0003022224399558497,0.00025322586936227297,0.0012883602583002203,0.0008196668536349223,7844.53632934793,27.75760816527663,6313.1025114194945,9.87930524707327,9811.11559298603,16.79105587119557,0,https://example.com/TODO
112,,MGT,4,0.05524548294128794,0.028411521407594134,0.00045794198268387325,0.01368611256224699,0.05631076997792494,0.01708236598653553,0.12153480110375275,0.02035790112583057,-0.001870474280353199,0.0007981661679173821,0.00012619337362029868,0.0003634470242169692,0.0007460541523178764,0.0005596647028749663,7800.3737357275495,28.030755739045798,6295.186095195072,8.109021751872747,9780.187242823496,14.861771114416344,0,https://example.com/TODO
110,,MGT,1,0.12622807872196026,0.1854031470381195,0.01564152724881996,0.04462134514497656,0.21083198247240617,0.09030601686563736,0.2507295526718322,0.13460363971203532,-0.014358353041942603,0.006674547246503389,0.006065327542163352,0.005495888170535981,-0.0065864996865342106,0.003609007315046668,7653.754123242654,58.9986274832665,6563.2276593673305,23.955042896690948,9442.855156720856,34.28655563468362,10,https://example.com/TODO
110,,MGT,2,0.09086204535398226,0.1058255817817063,-0.08605662882560706,0.04965284972804651,-0.11673528924503311,0.0650805706888639,-0.07996760254966886,0.09105903387188322,0.0011208734260485644,0.003144748482087685,0.005508602177704186,0.0031106912624490135,0.005758997105960255,0.0024737577391348037,7805.443890099803,58.6726981816485,6549.738316770496,14.266092191804036,9688.716708693833,32.55830760350343,9,https://example.com/TODO
110,,MGT,3,0.13994507130973446,0.2294088417287599,-0.12762558875496688,0.0641756207265852,0.09927783200883003,0.12493312083782109,0.3267821081677704,0.16095949580433672,-0.020336422339955848,0.0088865193992766,0.02069810719646799,0.006685298645790613,-0.004847707537019865,0.006110978266429589,7679.304433351998,64.77266569513661,6454.2369296305405,21.002280395609198,9587.40374714764,47.563249392223646,24,https://example.com/TODO
110,,MGT,4,0.12512776594469022,0.22835675557984686,0.04032042633774834,0.02764508130858676,0.23878158949227374,0.21634043941464742,0.33982340184105964,0.2883044448042051,-0.011001649924944807,0.005234469829979078,-0.00151551568256071,0.002960412706071585,0.0007574585403532024,0.0013982530021682917,7546.357362453995,74.27333152818822,6393.788519101491,30.071339470251864,9486.985246100949,57.041626574697304,20,https://example.com/TODO
109,,MGT,1,0.07924484342009658,0.03627165341740823,-0.0026242630522745488,0.0048704942398783225,0.10179721849205298,0.04847003970996159,0.06931702075055186,0.01308529303684821,0.0009001639847682077,0.00044080083987721317,-2.0337334203090507e-05,7.77165499629407e-05,-8.260747490066225e-06,0.00011569110381263325,7835.605131704412,42.01549341868166,6578.718631676643,13.493177449156901,9334.809899216303,28.346726948331366,0,https://example.com/TODO
109,,MGT,2,0.07548965001727767,0.045395957288591166,-0.020537059883924222,0.02734992807667968,0.10442644761589404,0.0711267231403345,0.12618879028697572,0.05216884249918966,0.0028873428613686507,0.0023386407051725682,0.00021692319426048478,0.0003426497333082413,0.00028308825231787793,0.000398346916733993,7923.273765189533,39.85390860395258,6611.3848738301185,11.892926910100227,9344.673970048632,24.721089109164694,0,https://example.com/TODO
109,,MGT,3,0.12476869668503576,0.05815848899308604,-0.07797893730168007,0.041932372059271715,0.24504713883002208,0.12636028087769802,0.2760379333333333,0.11259778043921329,0.0069643159545253845,0.0050693489364509355,0.0011677229519624728,0.0017861866825195122,0.0014891113618543028,0.0008125871831135571,7811.163716330147,41.003551835167464,6538.529165282383,17.92726973335212,9217.772745121145,30.57717910039059,0,https://example.com/TODO
109,,MGT,4,0.1006289387533666,0.043439101145437045,-0.034238944095438206,0.044376759268629995,0.25858263465783665,0.08344924894664435,0.09251736379690947,0.022619074409866675,0.00446767597019867,0.0024800843363112215,0.0014110873112582769,0.0008550577718571576,0.0009552625445916089,0.0007558333207534557,7711.9258034889235,41.62070919492922,6537.906218549228,11.707917263162095,9188.708081623761,22.96862285097247,0,https://example.com/TODO
108,,MGT,1,0.06991057666499144,0.03796078664088707,-0.034920833569958475,0.04168594690776236,0.04302526476600441,0.02970266144704217,0.07118051342163355,0.03791680481315167,4.749672601699801e-05,0.0005282316028682589,-0.0005093692141280305,0.0006023875397288244,-0.0007546139377483444,0.0013311724906228343,7939.244969338054,37.29020214838981,6388.391009364089,8.986006486687625,9395.688895711874,24.857378034760885,0,https://example.com/TODO
108,,MGT,2,0.0978676265115044,0.059310607276066976,-0.11849889884768211,0.10056554545864371,-0.10028073887947019,0.09627151979453209,-0.12842885059094922,0.14518681747251758,-0.0005477922672295799,0.0009272023527366558,0.004492056003885207,0.0041079040732502235,-0.00712788133022075,0.006555876646641014,7988.892163172994,42.78822614852026,6419.409158903572,10.69211872809908,9386.173885371432,33.19814113677547,1,https://example.com/TODO
108,,MGT,3,0.10243095829567002,0.05681674971453042,-0.06395746459234936,0.04529303306689026,0.11800863883002208,0.05154106384255108,0.16597890529801324,0.0454650503462345,-0.0017920647076158935,0.0009485838734771944,0.00020317303472406205,0.0010308033000072693,-0.005651311797350987,0.004213044424845679,8074.325061057575,43.77323568063093,6418.320580293644,12.885862076005289,9391.333095347265,33.477116585043426,0,https://example.com/TODO
108,,MGT,4,0.10313249521468011,0.054983677146740635,-0.08841397297102484,0.09248566563226612,0.42962048048565116,0.2632285878197096,0.36855521434878585,0.21574559924847783,0.01615565622516556,0.010923456654955681,0.0025064369273730684,0.0024688134339359135,-0.0018699343556291372,0.002804467964456271,8060.279310423104,46.3159280964047,6430.423436575678,17.587651785844745,9401.287448294415,33.4960122569835,0,https://example.com/TODO
107,,MGT,1,0.07880155228661759,0.03808050244973732,0.004688696423632539,0.005171714689359867,0.16230671561876378,0.1353242456429109,0.04709646242825606,0.020632963130915293,0.003194049150110369,0.002546590648797104,0.0001790518451214128,0.00018815401007606284,-0.0004948625035320059,0.0001824266362656817,7564.16391955685,36.83488723746439,6277.554481186306,22.282041292102626,8967.149096460738,32.78066614070442,0,https://example.com/TODO
107,,MGT,2,0.0817470540270835,0.0384160901535688,0.01417848139458576,0.0074421791424540305,0.1788710298013245,0.06080329095201191,0.11633563907284768,0.028604530189856075,-0.0011913164889845458,0.0008120101452751731,0.0002583310304635757,0.00021294684115020365,-0.001162067103752758,0.0006863284116079288,7437.508064569989,33.63240735581214,6217.211985773483,12.923356799464795,8897.876770922552,26.45560539816099,0,https://example.com/TODO
107,,MGT,3,0.06995010191806528,0.03576944798232006,0.012076004891701892,0.007928637863398761,0.046268580551876375,0.026412605625292223,0.05426329050772627,0.012288201507546356,0.00019191911004414923,0.0003669373958219473,0.00018435038918322296,0.00014784450573317393,-0.0007373295072847636,0.0005239068994177424,7501.587909880358,31.402981102472737,6214.744198306569,8.11468147097351,8889.975386629028,23.685497586496,0,https://example.com/TODO
107,,MGT,4,0.061018514061946874,0.03133166390497938,0.0415519783200883,0.016325352337902325,0.06089071916335541,0.03509140685182384,0.058064483443708605,0.02093906600449791,0.0005467101002207468,0.00047318840557079774,0.0008371259812362009,0.0003774627180696525,-0.0010243673973509904,0.00041540393422127657,7528.337788230646,31.88745262813754,6236.16556174353,8.005617934699263,8903.84459939368,23.55981785145674,0,https://example.com/TODO
106,,MGT,1,0.09628626557496578,0.0522565699455637,0.015384216680516608,0.019506612936209432,0.35281062450331124,0.11170337860750498,0.23430177637969096,0.05925472349974502,0.00557208545209712,0.002347794315107017,0.0002517158123620278,0.0003499985064994545,-0.00038453476357615783,0.00048582832710597224,7974.965762428118,34.90166335475647,6623.720636581835,17.75072473227766,9964.414213847529,25.380928921735187,0,https://example.com/TODO
106,,MGT,2,0.07479464423140615,0.04373348992674295,0.017665370838254653,0.018430132405755435,-0.016030696773951438,0.06655119651321069,-0.0026366245081677698,0.05556723088526593,-0.0028175655359823385,0.0013807266261143664,0.00029416025607063645,0.0003582572328940687,-0.0006040173878587196,0.0006075739209268098,7892.129787241146,38.903745171437336,6618.356386838568,10.327180829356589,9958.092222262183,24.724914947966692,0,https://example.com/TODO
106,,MGT,3,0.06873530682207343,0.12545655848422277,-0.018443678755722153,0.018028668363122037,0.22858046931567327,0.18843771485416386,0.14362136158940397,0.07635683586608791,0.006504356053818977,0.006075846244421667,-0.00036630457395143246,0.00035947005404505464,0.00030914614790286687,0.0003099527818430032,7884.885498863452,44.906831344156856,6638.830137644146,18.189478928928256,9952.379502886703,30.304457182814314,4,https://example.com/TODO
106,,MGT,4,0.10798140848125748,0.1624647742108219,-0.012620987987630283,0.027331500073233733,0.5314205849889625,0.2729377377047826,0.2803251984547461,0.09576347091448124,0.018123260625827815,0.010248691677177674,-0.0002306213498233978,0.00044843268549020547,-0.0004216220195585011,0.0013504381238918413,7903.971541393425,63.43646508625776,6627.971447928964,25.308526190710314,9968.113360262209,41.639950586108874,11,https://example.com/TODO
105,,MGT,1,0.10610168097612027,0.0512488281136013,-0.027346765747040695,0.016213781147327883,0.43549726247240617,0.16294915241152813,0.23217029757174393,0.07573617636089038,0.0029008687708609255,0.0017487592134531303,0.00028140220443266913,0.00030642781334812226,0.0007442402423841029,0.0006808983379472968,8117.867098343284,54.403620437414084,6924.461611488369,28.49094572309682,9606.642402261921,39.51485164808241,2,https://example.com/TODO
105,,MGT,2,0.09687773362212598,0.058296386470608696,0.009826505123398499,0.024820839158541285,0.23010970326710817,0.08684841372716691,0.046950254891832216,0.042350632943488425,0.0026005564392935976,0.0018405109605842366,2.6747103090507065e-05,0.00031589074008409447,0.00036660972580573864,0.0005156620949015589,8254.490136702752,43.98332875072835,6964.335393198315,14.685162245042182,9638.807861463167,21.21626999190724,1,https://example.com/TODO
105,,MGT,3,0.0831795358615353,0.04021112157862062,0.013441092660382372,0.02447164747611975,0.058504354304635756,0.028973465734657942,-0.032724196966887414,0.048952896639341964,0.0004085927528035309,0.0009340744758264473,-0.00034862199094922537,0.00032252025900325165,0.00038907948863134596,0.0004646331789737574,8259.816802045894,44.28619542451683,6949.915368353316,7.72471745569708,9219.007452207028,15.305705121874519,0,https://example.com/TODO
105,,MGT,4,0.09066274224551708,0.03907168000657959,0.01334225081128748,0.021671760263858964,0.12045345856512141,0.039756340561469594,-0.019732572452538632,0.026864231407219392,-0.00021413699028035254,0.0004822801304569399,6.48206677174393e-05,0.00025782194798089814,0.0015823209580573935,0.0009840799102300074,8181.477450389141,46.748540217796354,6915.399020451818,10.119774593956778,9599.059304783781,19.121855399644453,0,https://example.com/TODO
104,,MGT,1,0.09459226861775924,0.041072860315085453,-0.18370770027731287,0.10396761611499437,0.2902845880794702,0.12140290878025987,0.17659886401766006,0.04573163367765192,-0.0004525454950772638,0.0013158760489057604,-0.0034239535275938193,0.0018588058241251562,-0.007455286802869755,0.00482867609119784,7509.05194558271,27.317952582970012,6298.830160637881,14.660031611901468,9890.206266844565,30.366900385185634,0,https://example.com/TODO
104,,MGT,2,0.03694490702817311,0.02260952395953371,-0.10218386622516555,0.05582409095690863,-0.005121290490922693,0.011904219059482636,0.08557649955849889,0.016922283666959463,-0.00018498947922736999,0.0003359660530441315,-0.002095049922737306,0.0009913343726521803,-0.000885076471743928,0.0008386271407117857,7458.293494061227,26.932664210836002,6302.948041531006,6.711105251993126,9869.703118277177,20.829461848218948,0,https://example.com/TODO
104,,MGT,3,0.038451221781460584,0.02764025345541748,-0.05675193743929359,0.034076635239268314,-0.014872935008829798,0.025140418613633336,0.005798409966666665,0.025660705518255666,0.0005918124999999988,0.0006915289642788628,0.00023015938918322053,0.0007157987599606945,-0.0014694515015452533,0.0013501330675680643,7294.58141020698,29.06964368055102,6146.8990512216415,7.13194566842038,9716.221815609295,17.8820476598567,0,https://example.com/TODO
104,,MGT,4,0.04828945527163835,0.03394242402714944,-0.0007363164736729712,0.0028410683184629695,0.10077420920110375,0.10963936541552488,0.11276731258278146,0.03485981250997638,0.0013007836030596023,0.0020264806291006693,-5.08954105960265e-06,2.9214531109235172e-05,2.0324815011037307e-05,8.446136438513246e-05,7480.279696008011,31.775312144135004,6277.731469320796,10.312914468503049,9824.514927774384,26.729572813255253,1,https://example.com/TODO
103,,MGT,1,0.11051385644230834,0.055513039040442476,0.04677125712690646,0.044114221000354746,0.7397148780794702,0.4480336439040349,0.31820424988962476,0.15277851523972105,-0.005064951940397342,0.0028630346092338834,0.001592650261589404,0.0016537497716446312,-0.0003279213812538616,0.000574071180738161,9451.269210685583,58.28313701041686,6569.936203430591,34.86655650144715,9799.248398541264,45.58733413993315,0,https://example.com/TODO
103,,MGT,2,0.06803043057860464,0.07116045675379505,-0.00015120976673550923,0.013266174265237426,0.13248974977924943,0.10543007380934538,0.10057836026490066,0.06429891863969266,0.0009042510611479047,0.0021900415941742512,0.0006701341567328821,0.000764615275797361,-0.0005841795613686516,0.0007173331803723416,9190.282676988747,65.39967292367717,6534.291702932886,19.160343294506617,9769.045954686333,48.90546650846619,4,https://example.com/TODO
103,,MGT,3,0.09132686516666383,0.0915355231829351,-0.009188068853869783,0.017955208219022318,0.3742875947461368,0.199404314515131,0.12300454547461369,0.06968650628993256,9.25132701986755e-05,0.0012660624773191687,0.0009606147660044141,0.000874129710243661,-0.0006863915222958038,0.0006747064469038518,9133.049858027012,75.41734269202747,6522.297972804208,24.679095815041684,9689.393671037278,57.83279775759512,10,https://example.com/TODO
103,,MGT,4,0.0877068590687982,0.08519284278357243,-0.034771815753749886,0.015897342965437575,0.18717242845474613,0.09296864475070671,0.08621873505253863,0.07049533591065144,-0.0009800301979779255,0.0015462535984491804,-0.0004582940701765978,0.00027979829856300764,0.000527131577306838,0.0003069337229653554,9205.284169614666,82.22363344831568,6473.519552776925,21.148560552651432,9682.110700582049,60.68560925746078,8,https://example.com/TODO
102,,MGT,1,0.09225294617117995,0.12720916596416063,-0.014546342890303219,0.01830327952060928,0.030604256627814568,0.07066911445841818,-0.028067737275584984,0.0749301918805792,-0.0006289189617218497,0.001172838957003499,0.001950027226269315,0.0015989790329668312,0.00047910733752758807,0.00035494154841909237,8062.939715704408,64.1905430748905,6543.09506071833,17.88535431467406,9749.078143645313,37.075726704382504,9,https://example.com/TODO
102,,MGT,2,0.05717842591397877,0.05563774936294317,-0.004733974695246131,0.007738800801887991,0.022142954601766,0.029343182936156894,0.018914665189403972,0.021802152611906073,-0.0002804918941501084,0.0005026853421000891,0.000561076042604855,0.0002966630781853194,3.4392192366446135e-05,0.0002198004720824999,8203.077856371727,60.069485189990466,6544.467554759843,11.90205156274597,9639.527169687453,30.020896218379978,3,https://example.com/TODO
102,,MGT,3,0.054032697127431153,0.03304122873087831,0.0004386363255990991,0.0019991559573231035,0.04869416637969095,0.02498115592123891,0.04239278785430463,0.02201485039323434,-0.0009415935308388483,0.00046041743368018006,1.8114856732891834e-05,8.457200064835565e-05,-2.3589159602649006e-05,8.549507294421329e-05,8051.859501952964,60.177566384655165,6591.068251181211,10.540749551791587,9777.083903770577,30.816430130642555,0,https://example.com/TODO
102,,MGT,4,0.0679869121105836,0.034992960740492435,0.06972965888739933,0.040613895762636854,0.018007269697571743,0.017295586693927494,-0.032876266028697566,0.04018061870642065,0.0022397852719646784,0.0013468593800219156,0.0015401014768211916,0.000881838112112403,0.0011395295763796903,0.0007695228371091233,7861.900707636188,59.192480527853924,6495.976124661502,9.928248523043823,9683.517687742169,19.30475969597161,0,https://example.com/TODO
100,,MGT,1,0.23542367178289578,0.18362375872850017,0.005374599088253114,0.026352019423317396,0.4372268987571744,0.33615054364132146,0.3635785836865342,0.3286984796361579,0.01058874177152318,0.009661355583105045,0.0035869410485651174,0.003277631895378238,-0.00039215747288299846,0.00032563453096206315,7669.271227988104,64.15031412045214,5403.083662466816,24.811912627712697,8331.193633208877,51.715267852242086,32,https://example.com/TODO
100,,MGT,2,0.3151284468458457,0.24324855805508483,0.022782165977517217,0.020735548796413053,0.13188056616997793,0.19154950218392577,0.1849206488366446,0.26130907724448965,0.0067335136442384065,0.004890169806619843,0.002349863240397351,0.0016641228799243726,-0.0011751615629139044,0.0007562270105642098,7510.6804413750115,64.35638288827187,5346.313852078358,19.17904894731668,8298.164314056563,44.986714747373604,71,https://example.com/TODO
100,,MGT,3,0.3431552108160193,0.2032140234256749,-0.03217515856424616,0.059160639693252054,0.8664009496467991,0.4208246109654412,0.9701805249448124,0.46955774654731236,0.014930264706401766,0.008154979801139864,0.008624922737306842,0.004026417062974633,-0.0019545731673289183,0.0012587801689722643,7684.223943095261,80.10989386383493,5362.569701792498,22.462125063668935,8259.796288443005,56.957588899137626,75,https://example.com/TODO
100,,MGT,4,0.39588939342823,0.24689838316859622,-0.41777966078725204,0.17661662063307745,0.5037534637086093,0.6711266295996071,-0.05504343238410596,0.5389148977129397,0.023101221973509934,0.013655492190361029,-0.0007217258993377484,0.0017277812002911177,-0.01642012777924945,0.006103904531365767,7785.22764189571,114.04508997786998,5426.347956110345,24.530246292944376,8043.762497147915,67.76110420255097,116,https://example.com/TODO
099,,MGT,1,0.13766027227876101,0.07005761733269249,-0.32415790666666666,0.17495822231612634,0.34193004878587197,0.1385463625360548,0.3215564017660044,0.10507168787434319,-0.0032211480242825604,0.0015392611325352869,0.001992810794481236,0.0010187112438663315,-0.007331523132671078,0.004561548384822428,7677.458362449991,30.35572918528001,6340.243213766441,23.367016407239092,8897.399363632496,39.44236004440038,3,https://example.com/TODO
099,,MGT,2,0.12658766767477872,0.10477785339175838,-0.19494578017660044,0.08984775253142224,0.14666645717439294,0.09654840811331646,0.21865896801324503,0.12892326608397206,-0.0014788200671081663,0.0019834626058777035,-0.0006773557930022064,0.0010167245585818972,-0.0018811274631346563,0.0014673335691205145,7601.570006636945,32.87458778407098,6282.457528242768,18.152767388047735,9158.932261474776,32.60883013831872,9,https://example.com/TODO
099,,MGT,3,0.1182974216216814,0.08224765327571487,-0.054109971296688736,0.03350266449002877,0.1158385675540839,0.06605290742043564,0.14655915398233996,0.11229483584324476,0.0007552847834437095,0.0022228365712445514,-0.0004336047895805711,0.00038352911494823135,-0.00028757954037527306,0.0007079175269003652,7609.562598127983,31.69878964404539,6232.53184533623,12.515690296718347,9102.859129254159,26.145579902966393,6,https://example.com/TODO
099,,MGT,4,0.1269192417057522,0.0910072481446157,-0.043013479006622515,0.01563198695864802,0.07454066740949228,0.08124448696277213,0.21851472847682119,0.06308535402638897,-0.0025388706211920513,0.0020774723996439593,-0.0006623628658498854,0.0003782618917990682,0.0011186327814569487,0.0004941993516367533,7636.213026311764,32.17584117735663,6245.816094534721,11.321593780333588,9083.768795440252,26.192611442035066,7,https://example.com/TODO
098,,MGT,1,0.07176984834768699,0.03191888167569841,0.021015376605993164,0.01736647834867549,0.1499187962472406,0.0749083606294961,0.16430289183222957,0.068041058492187,-0.000498610776002206,0.0005901824695734391,0.0016201532801324494,0.0009987763968022888,0.0005433080996909433,0.0004166166679485667,7686.6296762395505,38.50954631244272,5794.178760640383,16.2357615456689,8792.286060014894,28.406338098472705,0,https://example.com/TODO
098,,MGT,2,0.07233026189803067,0.033185901742498865,0.07672607242156775,0.04628500343551192,0.19777747615894037,0.11284113621786077,0.33376150132450333,0.19439090645376697,-0.00752108532008829,0.002609208488435282,0.0013518093777041937,0.001024548245108189,0.0019823693688741702,0.001199870329948677,7599.399105170448,41.95792116647381,5799.188610467205,17.5779027522468,8812.40686794809,31.384282536129724,0,https://example.com/TODO
098,,MGT,3,0.057918115535979926,0.021966734875592905,0.013863525850733492,0.013629042803957074,0.18516925739514348,0.10360188611250165,0.2450682527593819,0.10668836367753193,-0.0005506090621854269,0.0006471742696721834,0.0005644819783664387,0.0005342653573889991,0.00046909987041942317,0.0005163869038341893,7529.404938966035,35.97567265549763,5810.887995044873,11.720875733170299,8813.314120201838,21.206379541947356,0,https://example.com/TODO
098,,MGT,4,0.05084783113374591,0.021151492634098077,0.01731035191356378,0.014017258986440566,0.09485484161147903,0.05082681661437476,0.17912586534216338,0.07331504631041123,-0.0012261495097130213,0.00044242337186841736,0.00021672421506181016,0.00020427172739419323,0.0005880074662251628,0.0007290284613182227,7473.864438281891,39.76294343016405,5808.90775885374,11.96078081544819,8574.17925332996,21.26997204150255,0,https://example.com/TODO
096,,MGT,1,0.08898111271567842,0.040193058224354705,0.08971660288491179,0.04893125060735117,0.2540768494039735,0.1216809353275093,0.2755364059602649,0.09321686612805408,0.0003542696637748338,0.0008134506016019143,0.0001616080131788073,0.0002780440308272898,-0.001803001925165563,0.0010164010360505839,7648.27690903175,35.534813496104924,6246.265485323692,18.747674201819624,8735.202348499268,26.58294194260434,0,https://example.com/TODO
096,,MGT,2,0.05525148383843844,0.025805075743789905,0.0011024089284955736,0.0032051534794641135,0.09700245805739514,0.028902772812265047,0.040131277332229584,0.024707874759791085,9.955176973509933e-05,0.00028481941912112795,1.124076821192053e-25,3.802841618993928e-24,-3.267311037527594e-05,8.289778526464444e-05,7688.149707722594,35.337972433089256,6244.30922265267,8.697546398998353,9008.658142911154,20.169383952189154,0,https://example.com/TODO
096,,MGT,3,0.0702049569683336,0.032097241010202,-0.022646765746563796,0.020876472259010032,0.0702049183664459,0.03102759859014932,-0.008441357845474614,0.035635419679589435,0.0008225598917439278,0.0007419228931945855,0.000526202882339947,0.00042334515476569743,-0.00142559479838852,0.0012563541806699596,7609.794463191143,33.63895881956807,6279.031369719148,9.908458463223951,9063.63710756255,19.17692199430757,0,https://example.com/TODO
096,,MGT,4,0.060823534751304,0.038174498371500595,0.02457994576347551,0.018247967848309905,0.01352488496379691,0.02474826686650419,-0.0961979562712362,0.08975946971919534,0.0015774910102030935,0.0020539110194634615,0.00037597339470198365,0.00025426613887733233,-0.000871955474613684,0.0007381351275555958,7748.290730282167,34.88729945944711,6310.965132983052,8.676084981971366,8877.743276817611,19.580973607572453,0,https://example.com/TODO
095,,MGT,1,0.0656648776104664,0.0377858307337004,-0.05725323624971742,0.04028076535156724,0.03408134971677704,0.028947993685907336,-0.044535156924944815,0.0916603448546484,-0.0005171871222516535,0.0006631013638410937,-0.0009622807284768201,0.0007562257801828166,0.0006104876707284691,0.0004011452273226516,7876.150284823544,30.324760819533655,6330.843858866666,10.261890792893865,9226.524989682333,19.666859771345408,0,https://example.com/TODO
095,,MGT,2,0.08195122401371677,0.058708910673843165,0.0026111839147902834,0.010987939660865392,0.29172313973509933,0.21226683741150784,0.2258904326710817,0.1476180444578876,0.004342267344591611,0.005028691718183516,8.646273677704195e-05,0.00015383873160097655,0.00044746671880794637,0.0005912270778213844,7878.32993397084,31.264694207232797,6342.102588217807,16.826505461538982,8264.399853177314,23.545893071418842,2,https://example.com/TODO
095,,MGT,3,0.11653995843677933,0.06992729217603194,-0.08513726885172385,0.05193034278095535,0.44300732693156736,0.23558664110018837,0.4079997205298013,0.18194367991788873,0.005488857885849879,0.003942489164873217,-0.0003461036981390702,0.00047459272362092926,0.0007408839677704166,0.0007359094305107741,7853.947992586636,32.985929459663375,6250.061704781389,18.36653147114975,9400.748165558376,32.0330932250207,1,https://example.com/TODO
095,,MGT,4,0.11548096529639551,0.14560175472108078,0.013976523021488038,0.013004388842292802,0.24288206926048564,0.26244168976290394,-0.023352517748344376,0.2881144826475955,0.0042142356463576135,0.0040335877113273815,0.0009906808768211917,0.000736510476383021,-0.00027380559748344104,0.00033474043260990394,7835.848933413064,54.969958722517596,6199.073810708112,23.427379573313456,9361.009954420126,43.988369314461856,12,https://example.com/TODO
094,,MGT,1,0.08888665694619861,0.04389632525205337,-0.0022660037706505637,0.004950147123329571,0.1841246459161148,0.05130038214185894,0.12177549492273732,0.02148785684729439,-0.003173301785871964,0.0008751797819640645,7.638745540838852e-05,0.00016487284754433296,5.288134657836644e-06,2.034670051201176e-05,7188.070293587761,33.50828552670967,6775.897825273495,17.95484960773844,9340.136405675867,27.317153151130647,0,https://example.com/TODO
094,,MGT,2,0.06327627273230164,0.03133853510725908,-0.0018852848596360636,0.004693881271666888,0.10757871417218542,0.058570886105449596,0.24157368962472406,0.09580877254487677,-0.001376927188631344,0.000700033467385861,0.00016837262428256026,0.0003587713331676251,1.401264260485651e-05,5.019606158979925e-05,7054.323855694504,39.787206617478205,6753.730325344132,14.700441310193074,9665.734068743917,30.67329197956959,0,https://example.com/TODO
094,,MGT,3,0.07540362041023123,0.045355956633014366,-0.02264756380159278,0.02819781420456694,0.15654515587196466,0.07585647062006282,0.3369386635761589,0.1378643552482993,-0.0019265370286975707,0.000822993087882741,2.2591932008830905e-05,0.00027346712633955736,0.0005289684803532,0.0006854096967214214,7100.899892926342,48.05668386433632,6696.935957571491,17.48443242354852,9178.241146214457,48.89883671660313,0,https://example.com/TODO
094,,MGT,4,0.0907032557662858,0.05240715467311563,-0.07833359253644019,0.04333965012450621,0.15333654260485652,0.08337661856061648,0.3193025154525386,0.11672414453822381,-0.0012820704213024271,0.0016552713933512216,-0.002881130902649004,0.002193676355201516,0.002073375810154524,0.0013735796682499877,7298.873687169595,41.680567706844265,6698.462753189717,12.219613172225023,9613.218939369131,36.25461887481303,1,https://example.com/TODO
093,,MGT,1,0.08242542377589003,0.046112129888088396,0.03502139783902188,0.04069927902876457,0.10494487887417218,0.052887020453283036,-0.16450864103752758,0.10015958850094361,0.002421693542604856,0.002170638931884714,0.00038496088079470047,0.00041573205105000134,-0.0015483068432671082,0.001489199412756827,7344.740199977519,41.8033250183837,6071.275982765685,11.348700500804336,8827.151508516627,22.317384195629046,0,https://example.com/TODO
093,,MGT,2,0.09514234373694687,0.07917061578285944,0.0462619306401766,0.04409827679278033,0.10707895949889623,0.047003374152895086,-0.031026342415011038,0.07361620417521098,-0.0005102872561169981,0.002416719105229345,0.0016415483311258243,0.0014413669809344083,-0.0012067244296909486,0.0007838903796516299,7644.121459027113,62.95907025544643,6039.381337065303,11.500724544355412,8504.820986094637,26.29730169447446,2,https://example.com/TODO
093,,MGT,3,0.1597277955022124,0.13561726985936282,-0.031624032419426046,0.036426877725672956,-0.9895362509757174,0.31289595051857444,-2.592198074326711,0.7977369923925152,0.019278121596048563,0.010102941031875748,0.005326051987814561,0.0049421266723411105,-0.002150725073068432,0.002529268675424303,7529.783550673329,63.04577875894468,6071.261702270884,31.941793659364482,8827.880752284704,49.700272211204336,13,https://example.com/TODO
093,,MGT,4,0.19356807619026545,0.28883151621532327,0.031213489419426046,0.09854792394318025,0.1944260428366446,0.10357403695789122,0.1401551640463576,0.16759543218824682,0.0019453238900662244,0.006026594416405604,0.010332997726269309,0.0040557688500985865,-0.007291618028697566,0.0035215339316866335,7641.251152142073,86.55200672211443,6051.284504482126,21.878743975401207,8830.5983731515,48.16572774055721,32,https://example.com/TODO
092,,MGT,1,0.015796906556221974,0.01536918230642288,-5.348594922737307e-10,7.924509083133507e-09,0.007165808626931566,0.009260638933033562,0.009619649255165562,0.008520247945241196,1.3077845395143269e-05,0.0003619926988880925,0.0,0.0,0.0,0.0,8231.498292107002,29.130566885995325,6286.874857812255,10.851799450637692,9607.504467037461,15.86128621676186,0,https://example.com/TODO
092,,MGT,2,0.013266027553597327,0.01672987798036265,0.0036382282030905065,0.005929074739897304,-0.00029627954531567325,0.0020338994222887843,-0.008059678738101544,0.016474641094593536,9.555530242825387e-06,5.813299863947401e-05,0.00015505861015452428,0.00025787076649362903,-1.8881490066225164e-06,1.3866606082190948e-05,8242.928877351811,29.661018813232882,6275.546155240816,7.006457165790813,9282.581868416166,13.327791449389233,0,https://example.com/TODO
092,,MGT,3,0.030017231246647996,0.020644131352504074,0.005129502125988631,0.009742610375205967,0.004321516017726268,0.00765386203363371,0.00878742532913907,0.01692221818319025,0.00012719420719646798,0.00021437069986575237,0.00018315382759381875,0.0003210592254145986,-3.342034326710817e-05,0.00010469303518458491,8193.648668512033,29.349657939225327,6267.613513191601,7.629134564846353,9580.9107418803,16.85174791948806,0,https://example.com/TODO
092,,MGT,4,0.023404940592825198,0.018852943914672883,0.014429394350993378,0.015224711946161146,0.009724185805024722,0.01397387321993497,0.020165044219867548,0.012153754564695732,-0.00017539494701986733,0.00030916853978699117,0.00045892196467991174,0.0004763594055351016,-0.00018363023973509845,0.00025903627969553104,8232.358070201668,29.546992326839312,6272.697951899764,7.5237175209604485,9561.8985749534,19.16609603518708,0,https://example.com/TODO
090,,MGT,1,0.02426038755587146,0.022532538448383835,-0.003966401025854804,0.009803562254950172,-0.0003853097505518768,0.009486885218731918,-0.015821260870571743,0.028654459347887202,-0.00028632210905077214,0.0003067079502398882,-4.455257615894018e-05,0.0001477919878687316,4.363654304635761e-06,4.0677302941875304e-05,7853.041468078324,34.430307249368,6313.551504657746,9.186103328830672,9769.63026119929,14.811035269002753,0,https://example.com/TODO
090,,MGT,2,0.049759345520142106,0.04163985448952161,-0.007876455108902815,0.01677903955755343,0.029504006728035315,0.023895682556579152,0.05173824677951434,0.031192642875926192,-0.00016874848016335274,0.0009471028511705441,-0.00013446784768211765,0.0002915044970836171,0.00012917590507726225,0.00027839343377781606,7889.978505241734,35.61742838111575,6258.491395085163,8.014193971674974,9975.358078002662,16.55837719697547,0,https://example.com/TODO
090,,MGT,3,0.10239635709319993,0.06636274981553753,-0.015500454092842578,0.01996525295633463,0.10880849083200883,0.10543020182678177,-0.17723330535430462,0.20218434356531956,0.01333613349379691,0.010858651838288316,-0.0005809048344370859,0.0008143018421760703,0.0003674339116997775,0.0004937865298874476,7986.106224886789,57.3359987806457,6220.003770988532,9.702623495987938,9924.72021347428,27.695954572314463,0,https://example.com/TODO
090,,MGT,4,0.0863949244483282,0.0652754474739312,0.01506902435834735,0.013990225838216417,-0.038093413441501106,0.0895504297393016,-0.0765000019205298,0.13243061937316222,0.0037897484435320057,0.003529517119082191,0.00032880059845474303,0.0003989830581631096,-0.00034759218328918193,0.0003113916905714666,8185.784546045031,41.89537024943783,6246.821811811749,7.726948284854969,9921.588181541969,22.946048660292245,1,https://example.com/TODO
089,,MGT,1,0.11179628753119467,0.08021262765095358,0.009416902008830023,0.02215196967025013,0.03856382807637969,0.06297739745620216,0.060387708322295806,0.04582435241244297,-0.004173600343267108,0.002146696565950561,-3.9986488761589625e-05,0.00020718392653367612,-0.00013033110788079403,0.000346549203730351,7394.245482102358,72.98847004121667,6913.982234574639,16.940462200510442,9951.91053322636,45.68171286033645,5,https://example.com/TODO
089,,MGT,2,0.1305854820075221,0.08946655538731492,-0.030841207985871963,0.01366050528270765,0.27036211607064015,0.0933144562419338,0.18345571282560708,0.07571793256073837,-0.002870735531567329,0.0023509278907183273,-0.00016304851715231766,0.0003193775538965211,0.000501461114128028,0.00027891159271915274,7458.124440878387,67.83490546677642,6918.300537594679,16.290006312096033,9889.053737990633,46.307660727445516,4,https://example.com/TODO
089,,MGT,3,0.21794920721017694,0.3863856813842031,-0.015208298432008828,0.019352160544386883,0.4507112509492274,0.371693606894678,0.2645284223620309,0.25680432170765993,-0.0026189218633554056,0.00652675373707808,0.0006843660195584984,0.0010896424838668926,-7.315337359823244e-05,0.0007048180985069408,7343.26483329929,93.33463482429569,6853.721560968754,32.432663030967326,9782.55310859432,61.677741074380066,39,https://example.com/TODO
089,,MGT,4,0.11473114628588565,0.0890571884487518,-0.02674626305751273,0.015557646544176273,0.29712801788079474,0.11427933163592216,0.082683669904415,0.06051228375007151,-0.001371924009668874,0.0030234527994432276,-8.852448528255827e-05,0.0004148238441311388,0.000647897913907281,0.000544625236596647,7307.471374198912,82.1669408017453,6806.423166380628,19.816093034892607,9295.414268576385,50.18691595320337,6,https://example.com/TODO
088,,MGT,1,0.12902649794909027,0.08341225327792146,0.04002231773517146,0.09260142257795326,0.8648995174172185,0.6209728566367534,0.4860136434878587,0.37624167465165304,0.001348256748830021,0.0017228044699699263,0.00035789975805739334,0.0008808968772481758,-0.0017081123476379682,0.003269281260078574,8135.835271040704,53.12017082986666,6913.310372821347,48.54668381256959,10283.863130498186,65.45973196819115,1,https://example.com/TODO
088,,MGT,2,0.16511597104172562,0.21317304876494825,0.0950270666004415,0.058655676616033776,0.4926917104476159,0.36252596065585246,0.37685700189050775,0.2456541726314265,0.006251030878366448,0.011234324387158493,0.0007086023377814552,0.0009532059032289633,-0.0019668065364017648,0.0012952498180704695,7966.847040106796,72.9563298649549,6758.072612436367,31.357752003105524,10136.958428253847,50.40402048681247,21,https://example.com/TODO
088,,MGT,3,0.2502067193442929,0.39244016222203515,0.17386739026090461,0.15320499824200293,2.589288292494481,0.9939555256625303,1.6348769474613687,0.84130716927694,0.03792691788741722,0.01769852960434848,-0.002761607258278143,0.0082669906985002,0.021040180662251655,0.01001808834119741,7927.812722650658,127.53526943002745,6753.259448661021,64.57819921024347,10079.823320161237,96.32760346373756,40,https://example.com/TODO
088,,MGT,4,0.3314902189015213,0.3346209182011567,-0.19976029115837488,0.09749464010694946,0.00750620751655629,0.30088883231263047,-0.14207546479470198,0.40609509813093525,-0.019868609672626932,0.009116154360491551,-0.003980223814790283,0.003297717693808279,0.012236799516556287,0.007154160672548352,8025.606600966113,92.28143369224509,6792.47878063661,34.65912829809274,9730.41097067415,61.79197113296147,89,https://example.com/TODO
087,,MGT,1,0.1047121627831858,0.10539915058865922,-0.08390714049889625,0.04703692379056885,-0.11560751004415011,0.19587287234254855,0.02838073624724062,0.19229807695385429,-0.0064895595653421565,0.0037300907317168175,-0.0017970624377483437,0.0010137511290357355,0.0015460323830022052,0.0007364436399461756,8170.148913800905,69.21271189583948,6758.854878346219,16.180046319561733,10031.762079680091,60.43337102775625,9,https://example.com/TODO
087,,MGT,2,0.08264598073507395,0.10749582750724426,-0.15151610494215734,0.1069574743475277,-0.0870329855192053,0.11879404054522061,-0.09770316200684327,0.17828058773864122,0.0019796103326490053,0.0025468463124646303,-0.0009270232262693136,0.0008575253881435215,-0.001137098607507725,0.0013024261886210886,8205.502502794772,60.27887687281478,6773.228572738078,17.002666181656025,10094.470261387785,50.004724125957964,10,https://example.com/TODO
087,,MGT,3,0.060643220807738714,0.06949046839049655,0.026902602596792106,0.03801696713018849,0.12616747898013245,0.11910922835073434,0.3810970905077262,0.17626217642613043,-0.0013280510654966869,0.0013506885539965542,0.00015076431580573774,0.00028493482121723124,-0.0003874125717439278,0.000552126043096709,8194.345928585983,36.98223279944619,6730.126689441527,16.968416604903787,10039.77458097752,51.82554954848869,2,https://example.com/TODO
087,,MGT,4,0.11686377382375339,0.11441663468869713,-0.0345498683964818,0.03436546050931747,0.7601477840838852,0.3867560829946682,1.0278079690949227,0.4458522084444925,-0.0002583290602649009,0.002786111821602195,-0.0009742744083885207,0.0010747942363976324,0.0007512795732891828,0.0008366081422491672,8107.398858377189,56.70801501758685,6722.563303294238,29.255516477428102,9973.018926847855,60.6877386378523,8,https://example.com/TODO
085,,MGT,1,0.09857950684941438,0.0737228722098773,-0.07240160622205849,0.09022466631711733,0.9370979238410596,0.6258317909039158,0.11633985426048565,0.04617388546844605,0.011805081543046355,0.009520420113237558,0.00027817138289183024,0.000811839704102558,-0.0018615074242825597,0.0022293216876131923,8501.291069995672,32.70441640048772,7063.257598979981,47.85061937666195,9647.610180309197,46.618550085054736,1,https://example.com/TODO
085,,MGT,2,0.0774543903401232,0.06758499583440729,0.008139737671300329,0.008158408338023145,0.5440004103752759,0.29018796825438503,0.14611054415011035,0.07095539952923062,0.0014211844510331113,0.0010036763917581602,0.00021045212754966888,0.0002190852272544808,-0.0005621044653421576,0.0004405101236424918,8404.247017980624,46.32130578452936,6940.419024758105,22.201406294539083,9514.594976280878,39.10628507638247,2,https://example.com/TODO
085,,MGT,3,0.0643056393352351,0.034927269232872565,0.019868632894664767,0.010686588307625613,0.10892263788079469,0.05197336890660346,0.07792832251655628,0.01698333629684286,0.0009754690974878587,0.0008020140155002936,-0.0002328673726931563,0.00023859878869348137,-0.00010282393716335541,0.00026948140503591444,8349.197687186692,32.8341617973517,6872.427557112974,13.273374854784668,9476.06546666371,29.11424606184013,0,https://example.com/TODO
085,,MGT,4,0.06254823080470667,0.028853293028438844,0.009030763521048443,0.009133880355866774,0.13925070975717438,0.04108715183027054,0.10218884370860927,0.02713309638486115,0.0001529584376379682,0.00042318215532596035,0.00029044598653421615,0.0002501311530967226,0.0005160824878587141,0.00042037510394882563,8266.756367124213,40.91421886363165,6872.660504550055,12.404579088681263,9485.09058775986,25.801221022885088,0,https://example.com/TODO
084,,MGT,1,0.12658029678496704,0.057566967147633145,-0.05188747591357841,0.01999895139677735,0.4071800238410596,0.2183210867439139,0.08121093641942605,0.06701257597239457,0.003943276336865339,0.002871403028112624,-0.0017563722516556288,0.0007549858574454351,-0.00029006769205297994,0.0009021725949197325,7538.281213745232,31.818061477649263,6206.2988858230365,17.38089454638163,9508.48172023308,34.38363918638992,0,https://example.com/TODO
084,,MGT,2,0.11283170537610615,0.050404934069626706,-0.03940807947019867,0.011027170691310992,0.4605935298013245,0.3562313966819453,0.4423336547461369,0.2581271365545078,0.0060348046512141255,0.006417645862271074,-0.0007122968114790255,0.0003257557455952163,0.0009412696997792403,0.000157158329954477,7647.942423095207,37.24509624786821,6196.812199782073,22.821391219619038,9473.341569341392,40.95507979436963,0,https://example.com/TODO
084,,MGT,3,0.10758680510361468,0.045632941346847165,-0.00013417163128598235,0.001562174259907938,0.606688782384106,0.38814707286083205,0.48064462891832227,0.2795778061419176,0.008305583331125825,0.006889735281599407,-1.1170709271523178e-05,5.4607167647916085e-05,1.0087218543046357e-06,3.127652012614614e-05,7765.954055907784,53.72499772043098,6213.9763143912605,23.327800471014186,9441.756568973795,46.19605598950934,0,https://example.com/TODO
084,,MGT,4,0.11189002337627756,0.04889753042428589,-0.002493250415359229,0.0068509814981999855,0.6077813489403974,0.3631356854726941,0.4293674439293598,0.2169410438537983,0.010715790192273726,0.007505730631207296,-1.5646293598233994e-05,9.786274478206022e-05,4.951703090507505e-06,8.641764291678487e-05,7618.057569002205,41.15825862418618,6207.045370559902,23.45902376451003,9410.674075752875,39.7228367894081,0,https://example.com/TODO
083,,MGT,1,0.04645391104487664,0.029158550118424904,0.0006108301832038812,0.004358966059604863,0.03738677434437086,0.019565595983511777,0.04473893074392936,0.02480653466867976,0.0025635678101545243,0.0020813584002798897,0.00042550950772626643,0.0005357738618028566,-0.0008504785143487857,0.001079191061169354,9076.413786258894,33.10837740771055,7755.244812296791,14.568067762508454,11203.134428654745,25.5921069528985,0,https://example.com/TODO
083,,MGT,2,0.032366090399658154,0.018985591851951932,-9.17276164528859e-05,0.0005555029925031416,0.026121803258278144,0.010926687248762418,0.07720444150110373,0.00845072834388132,0.0012529356781677671,0.0010331682733467195,5.862248344370861e-06,3.428676484440027e-05,-2.761084238410596e-05,9.462488678509969e-05,9108.903569092723,28.849691465616633,7765.135066114518,6.80046429091588,11200.309056537515,16.924827899507395,0,https://example.com/TODO
083,,MGT,3,0.05013437367259734,0.026720859159533185,-0.010345629122515038,0.013598065522648079,0.039484539556291394,0.022546729738657303,0.0840742774834437,0.01474679037933829,0.0026489178615894025,0.002679653970425925,0.0002873974143487847,0.0002405680260909034,-0.0010568102538631337,0.0008811289441949822,9098.621515582754,33.827232167214405,7761.251868788523,9.899291974916796,11194.10996434052,19.798837450024255,0,https://example.com/TODO
083,,MGT,4,0.054017224100483194,0.025647156704970156,-0.0018272807647910514,0.0037364141404809446,0.06878024591611478,0.024434775788357812,0.05753196578366445,0.014202166304814249,0.0010041358960264867,0.0007135571772754724,9.687275108167749e-05,0.00016427395285825838,-0.00021716333973509892,0.0003226285913118602,9154.995510873254,32.30319250503247,7720.061727134654,8.27250838908101,11256.063153620595,19.706142819504578,0,https://example.com/TODO
082,,MGT,1,0.1618692175590377,0.08101042851409561,-0.06859442970243368,0.03760724492525315,0.5026506933112582,0.23756565297343862,0.39669388498896246,0.19956941186797417,-0.011485411651214125,0.005001884319486739,0.002219621756622516,0.0019400179114327642,-0.0036572581635761587,0.0024664218822098047,8365.593493833658,33.56232028824491,6748.874383585717,24.120076247052364,9699.200314140347,28.82115441463398,0,https://example.com/TODO
082,,MGT,2,0.12852852675077386,0.08160226828105582,-0.06296327561823845,0.048194513416322915,0.19281066490066226,0.132219947314648,0.24925528233995584,0.12100680742136488,-0.0021171837218543037,0.0012868240296636012,-0.0005103511695143455,0.0004637319247169244,0.0024903114785871957,0.0018684240811048809,8275.44710510991,34.9467041979616,6688.229770306567,14.894246438929414,9341.95593947174,28.76840991116797,0,https://example.com/TODO
082,,MGT,3,0.1323253908361445,0.0831279530598327,-0.00838492351894429,0.012111451026550292,0.19901006671081675,0.1279606114660943,0.27200643907284766,0.135765365064266,-0.00294950412428256,0.0019360116582232884,-0.0010104278304635755,0.0012482500748516802,0.0005455830931567326,0.0007224529418050321,8369.361577103567,35.59460026386421,6711.079639777694,14.889181270797712,9591.180565008584,29.126611901660866,0,https://example.com/TODO
082,,MGT,4,0.12776005138591956,0.11190323198744558,-0.026550556979787605,0.03283654202879207,0.2120822993598234,0.1505421755953105,0.2978580721854305,0.1721553505596933,-0.004797298152317877,0.003395757219129948,-0.0006034125026490056,0.000774673257992847,0.0003440746071302395,0.0004547139429705872,8172.80442713712,41.89051577420056,6676.430603385271,15.770372216009216,9457.003418576034,31.90326331790746,2,https://example.com/TODO
081,,MGT,1,0.0608497413403835,0.052617037252908554,0.004440024774603616,0.010685790578034964,0.02033424825584989,0.027414575017446867,-0.04086436866565121,0.09920099828359218,-0.0003704915805298009,0.0005211357016882459,-0.0001589659174392927,0.0003434243442845616,0.0004170535306843258,0.0007420344879277814,8053.080607689922,31.91575331739087,6841.739176858398,10.815406632648873,9573.03125188393,23.562704830649857,0,https://example.com/TODO
081,,MGT,2,0.04014503957909486,0.04146797076120397,0.006405452659076875,0.011456768697310006,-0.014874216974128033,0.01601039406984304,0.0006681030726269311,0.026867375662965938,0.0003773707992891781,0.0003525850528032178,0.00013099044746136778,0.00024313216257268463,-2.6153763796909493e-06,2.783141941012363e-05,8035.340963792946,27.85098774090639,6840.497374254989,10.480048047331639,9573.06026411166,21.599613335820425,0,https://example.com/TODO
081,,MGT,3,0.03347748926364215,0.02579424684281005,-5.437278525342162e-10,9.930835336699854e-10,0.01690255806777042,0.014569605164973427,0.05433274204635761,0.05425968867962319,-0.00042544073694260445,0.00023422291512313224,0.0,0.0,0.0,0.0,7820.93480834706,30.378690810103667,6768.986749595383,11.008969953480298,9529.062312909187,20.037407441317388,0,https://example.com/TODO
081,,MGT,4,0.09441653661041804,0.09301459184670612,-0.051871834983348755,0.07787130681802243,0.019203956448344373,0.061334260731412696,0.018596232119205296,0.18171118730681757,0.005467258559823402,0.008716859112241813,0.0008242890062472401,0.0015699293659921715,-9.617347087417174e-05,0.0003353899215465162,7821.033416353499,34.195898280499755,6739.995681862755,22.464645597010158,9224.766557071227,27.36185775313574,3,https://example.com/TODO
080,,MGT,1,0.09493618440450033,0.0670464613072165,0.0037781197831897326,0.009086235273665259,0.44394380476821194,0.31577612220583934,0.3624575830022075,0.2630294086130651,0.011492711094922736,0.008013899881886959,0.0005336867695695351,0.0007490343014154551,0.0009798034001766002,0.0010145205918194015,7851.501754389143,27.949052599870505,6198.413338516225,25.213092098199024,9112.980557576555,46.240026807890864,0,https://example.com/TODO
080,,MGT,2,0.07512931190774023,0.047280307562809626,-0.01961730164181034,0.011979942599724168,0.27765626215011036,0.17590679347180851,0.09705670328918323,0.05580646554077129,0.009760806715518764,0.007337138771094448,-0.0001468019743487819,0.0005334809100640442,0.0014330689558498897,0.0009520964674782416,7711.957153843895,25.23451605437862,6050.366542684558,8.359431414799916,8995.558563163217,27.155627355268123,0,https://example.com/TODO
080,,MGT,3,0.08497597704711972,0.059116373007704504,-0.004121113285406206,0.011566905120738184,0.2652147876467991,0.16815739407039001,0.3473532401766004,0.1758746525627891,0.006489445480794699,0.004920168205948348,-0.00020962062171743818,0.00028067513665767566,0.0015120465584988957,0.0015350700646870029,7633.88139659086,25.170396320455257,6017.038648474202,11.422674473788001,9160.377108875056,29.36370221675641,0,https://example.com/TODO
080,,MGT,4,0.06270211361701959,0.046460239532444964,0.00026767613532386225,0.001983521076851103,0.1518141574479029,0.12396216523948925,0.06584294185871965,0.05683961275682909,0.007623231869094921,0.006900635503461017,2.1313885209713023e-06,3.4003892976621534e-05,1.6016538631346577e-05,0.000105812951810741,7640.240422511458,26.484088081747355,5974.745211115062,6.957368018054528,9108.736816324488,24.867266091682016,0,https://example.com/TODO
079,,MGT,1,0.12032099401936847,0.061969634215837566,-0.08149872323104008,0.05631570978291794,0.16329284697571744,0.11129062023231932,0.2431752591611479,0.14213678517025108,-0.00031600408353200726,0.0011611548211309987,0.01345904478366446,0.010460669133078216,0.00021573089964679843,0.0006239646905518806,8424.695422755618,31.044884881482204,6284.377821210066,18.994708251774906,9564.911567413234,24.86734598635277,0,https://example.com/TODO
079,,MGT,2,0.1157128461110293,0.06004970283368998,-0.023099632693172997,0.02768617992240621,0.14875797417218542,0.0677997672406274,0.22509417284768213,0.09661314356032814,-0.004776112006622511,0.0030749810898794048,0.002194136046887415,0.002360851550348944,0.0002530817313068422,0.00025688239086645286,8463.024958658978,34.32610350572232,6262.482160382871,11.599183062646375,9501.367755405536,22.753175810028907,0,https://example.com/TODO
079,,MGT,3,0.13681217732102288,0.06660078891148695,0.0029161222337167722,0.006305011284760787,0.3330452194260486,0.1032133621251622,0.45228637704194263,0.12706920662204294,-0.006033027927152311,0.0018020762892948506,0.0029975961412803532,0.0012851467575916487,0.00019405091105960265,0.00015102605417460823,8468.223169074046,35.06552735622569,6235.988721818826,12.762317316668302,9170.106959696703,21.16366108581733,0,https://example.com/TODO
079,,MGT,4,0.11115533503583239,0.06320243772482957,-0.017803470203121022,0.03270768927593514,0.1488318646799117,0.05498764903046624,0.2255036344370861,0.06124766287260292,-0.002544072801324503,0.0009955676043521859,0.00010601019028697572,0.00024486382967337135,0.000254509688741721,0.0005404876184460472,8484.993576275763,35.577717922515106,6243.549068192365,9.08760319155598,9490.028412758104,19.3573961434313,0,https://example.com/TODO
077,,MGT,1,0.08051445162932937,0.03971899691316457,0.011735917383069486,0.01308006144828214,0.3017030008830022,0.12291460986904941,0.07274801434878587,0.022004687893359246,-0.002229279854591609,0.0015117685053197508,0.0007131627704415011,0.000750183795795483,-0.0009385492589403971,0.0009608940829369754,7793.414172210638,27.409761929853897,6036.058556395654,21.7557917082453,9529.821869548552,27.82985485148116,0,https://example.com/TODO
077,,MGT,2,0.06575484689176027,0.03908240500208106,-0.0037090585467346154,0.009727779343438499,0.07539979294922737,0.03908798610904809,-0.02893041052980132,0.041140883557502804,-0.003131596854304636,0.0012434785429639532,-6.579722240397351e-05,0.00013481402925415238,0.0002559197019867534,0.00046115362297529316,7695.219595477937,31.7680196620033,5989.638803871971,12.240483552444445,9463.960524372396,24.85669988950534,4,https://example.com/TODO
077,,MGT,3,0.07527532296460175,0.04381956279042811,-0.01958497412803532,0.009533994344835877,0.13037849618101546,0.03230120935773462,0.08142422072847681,0.024747874543261078,-0.0015740433962472386,0.0006482345176047728,0.0006795022746136781,0.00023322588892651642,0.0001313825684326711,0.00010712128185679893,7637.150121775013,30.114505897147357,5950.9627858145905,10.644395761298883,9421.443564500041,23.8323309086153,3,https://example.com/TODO
077,,MGT,4,0.06336067768761058,0.02980656983892296,-0.020898825098675494,0.00645441509636807,0.08393766136865341,0.024561809036472586,0.06805008476821191,0.01976194819223268,-0.0018569743081677697,0.0006724600569168228,0.0002576985529359821,0.0001681000900369712,0.00034638505055187643,0.0001003299193900515,7647.743412794832,28.573344164286592,5937.496078742147,9.438211694667967,9402.207449471707,22.15989750662894,0,https://example.com/TODO
076,,MGT,1,0.13382594073353646,0.06774303765521267,0.011001057952616598,0.02798195728020841,-0.2131550682184989,0.15631532632712522,-0.8591994605717439,0.597483936384861,0.014087435654966885,0.009726764247075623,-0.0013433876624724052,0.0013658444147011106,-0.0009709247704194234,0.0006263342646195628,8265.148167971874,39.28914097564256,6396.998458879193,16.40121289372248,9054.15442489834,27.623607817479826,0,https://example.com/TODO
076,,MGT,2,0.0846953847345021,0.04272200590798291,-0.0052738927361500225,0.00812324593121883,0.35781975717439296,0.132303812777268,-0.015347201110375276,0.028872334877675015,-0.00040953061136865033,0.0004202746458142046,-9.587926657836645e-05,0.00013239936531395138,-4.837512198675496e-06,9.765392190422235e-05,8249.089442358963,30.84412724266228,6394.729565264835,12.240312317476612,9299.3317475428,19.534956260454933,0,https://example.com/TODO
076,,MGT,3,0.0986546147522289,0.04680186591731639,-0.011701869478213929,0.016582381362275914,0.11256247375275938,0.052482995354375554,0.028892576136865338,0.029503418691308608,-0.0006262990919955826,0.0006465876811524879,2.908565111942605e-05,9.231635061233833e-05,0.00011793923066225122,0.0003477347613500191,8290.421720754961,29.9285901780209,6395.768002130552,9.613080508515647,9334.27851760918,21.007311370878192,0,https://example.com/TODO
076,,MGT,4,0.10189071936316488,0.05372520639197031,0.011595298384259187,0.01390762366808154,0.138924842406181,0.09177729932994838,0.13330142715231788,0.055531616311066054,0.00018221619153200815,0.0004112517896657366,0.00025478116556291173,0.00033008058596919874,-0.0003976136706622477,0.0004674401712974186,8275.797252093858,33.074885069766,6384.7918688383925,11.526980671284022,9302.46283890077,23.38810178122211,0,https://example.com/TODO
075,,MGT,1,0.09799526450084417,0.06754533902606016,-0.0512779065442104,0.03531844076916853,0.14222739891832228,0.09112522078532267,0.11356315379028697,0.06827307093742148,-0.002427755742671082,0.0018113263642646708,-0.00025581363421633263,0.00037922320283486114,0.00020752438165562561,0.0003875457593531874,8090.092621041168,49.146996443954436,6332.995621953206,14.221083513803308,9802.768405313282,24.362527941338485,1,https://example.com/TODO
075,,MGT,2,0.05952271208424595,0.03154153726529117,-0.05625585852422082,0.0643697129273518,0.05223186055607064,0.03565993312376592,0.10057629381898454,0.036539263057977736,-0.000769459725695363,0.0007461052964052019,-0.0008370953576158941,0.0010130379207069073,-0.00038641164966886577,0.00034633271235686325,8099.701216583519,44.02126756641563,6263.69567090865,8.471308399820114,9349.956223919755,16.80524158912834,0,https://example.com/TODO
075,,MGT,3,0.07450771337595645,0.07169080724347887,-0.02019345458638576,0.021189567641045053,-0.023715843083443704,0.0495854470190754,0.015429946604856509,0.035133822164318894,0.0006838573219646793,0.0013260057506473152,0.00021560971613686426,0.00043984598666339813,-0.00014754371169977814,0.0002772419781657666,8095.086286781467,44.463046892301996,6255.467144098267,11.186541556568681,9334.117256078058,21.225690957703964,5,https://example.com/TODO
075,,MGT,4,0.06453748491569897,0.041710335842707086,-0.06427727576945184,0.07459261050891955,0.04561569955673289,0.042476863372697446,0.09173921104701986,0.05817384035139348,-0.00044424229695143243,0.0009401062714473198,-0.0007518304790286969,0.0008490013539522297,-0.00015592512516556247,0.0002572311281382795,8113.803148583454,44.028042702930776,6237.79189942989,9.119755466400562,9610.55974924519,17.878422131743122,3,https://example.com/TODO
074,,MGT,1,0.10633923707248127,0.046578883551737595,0.003601083156863072,0.009137781122399581,0.12591492030905077,0.05240065335921995,0.013871621633554081,0.05326737573796927,-0.007124391443708599,0.0025918248668182035,-0.001056422486092714,0.0011077022892173908,0.0009022005452538618,0.0006916748000263456,8275.39277798608,30.94445285348442,6740.49015262071,10.872402307351011,9090.401854341702,16.47090917171801,0,https://example.com/TODO
074,,MGT,2,0.09078680772822094,0.042057740120664454,-0.00018049343649863291,0.008337882641928508,0.1093052247240618,0.03194052660109037,0.049954800982339946,0.03193432557473962,-0.0022848126335540835,0.0007165824970562537,-0.0009047454267108148,0.0005476003429089307,0.0018128297770419418,0.0010434086964572517,8186.20598512919,29.527577164763773,6724.503731577276,8.319878374508981,9090.532261352793,17.822293674305875,0,https://example.com/TODO
074,,MGT,3,0.08019650090876226,0.03927984329866393,-0.025242065070068608,0.028750292788941,0.10955299503311257,0.036323539612094516,0.03163193874834437,0.020019259319225182,-0.0006276925436423833,0.00108972692097095,-0.0001815907801324503,0.00020163798699060208,0.0010614837326710814,0.001188643669579538,8295.897367960486,31.815649341264265,6763.679568234762,7.629496179217774,9148.72582426668,19.917346148985718,0,https://example.com/TODO
074,,MGT,4,0.07304765612730141,0.03812881924770916,-0.006731099280231888,0.010108872086434769,0.08743776275938189,0.03192201256522782,0.02381114999624724,0.026283199551584834,0.0009784399397350992,0.0019530046910399628,-0.00018280855231787992,0.00021840838992835657,0.00042073552119205207,0.0006120326621538625,8386.641038611533,30.91002533644603,6794.6221008804505,9.149196836182025,9476.816914125176,22.814822186632526,0,https://example.com/TODO
073,,MGT,1,0.08399128438004348,0.04295913868743397,-0.02553409689194839,0.009408273879858419,0.03767652381412804,0.04135501033169823,-0.003755459278807947,0.03256268225230353,0.0016227214888962479,0.0016583928896711873,0.000343344047152317,0.0005305609808639489,0.00048383243333332627,0.0002276928354456234,7191.829319548394,29.85220277853055,5630.468865732308,12.0700518128984,8524.99882078166,22.017437832463866,1,https://example.com/TODO
073,,MGT,2,0.09551993322804597,0.04328241120946572,0.020351158644287187,0.01178678040747451,0.053195724814790284,0.03115889029140179,0.15192090264900662,0.03192008055664964,-0.001989955129359823,0.001019104705987397,0.0008755665527593813,0.0007813621965160388,-0.0002528524680353201,0.00019567560187897843,7071.1277126213845,28.81817935203479,5520.074138569162,9.105071671158449,8677.686870318867,18.093902670505546,0,https://example.com/TODO
073,,MGT,3,0.0869867237371681,0.07127775359597789,-0.004000049362030909,0.0166387511581766,0.1283746183909492,0.06375742898856479,0.16875294743046357,0.11566942792169357,0.001744392576732891,0.001293452461504791,-0.0006319450247902797,0.0002931362534770144,0.0014606840152317881,0.00037913622015219505,7012.643383134128,33.51915067239337,5462.757939074318,11.451586630984389,8548.103438092154,23.351657129536225,3,https://example.com/TODO
073,,MGT,4,0.06619731165318582,0.028407170702626564,0.02708503730684327,0.02106334841985088,-0.0026936412827814563,0.02349296802590347,0.008936082006887417,0.03984009084550212,-0.00035805781507284635,0.0002518092142667289,0.0006148808475717357,0.00037969617542293774,-0.00029344001743929405,0.00040223305884387324,6938.097243398349,29.394054683464503,5440.9148339948015,7.806577363240234,8489.929701394269,16.513941447194018,0,https://example.com/TODO
072,,MGT,1,0.09053770929830875,0.04419496546657202,0.03411997997426953,0.0391255978514317,-0.09857705187086092,0.08602561888826273,0.18760212900662251,0.1414623150503744,-0.006127783940397343,0.0038733566448833205,0.0002892438261456947,0.0005311604705139717,0.0007437873262472375,0.0005883038668168727,7676.854095758396,40.42950930356635,6259.501032875424,16.64908141461791,8675.9148051006,23.38519377813457,0,https://example.com/TODO
072,,MGT,2,0.11903249721207622,0.0914583497096249,-0.06022196968424753,0.04059224591832286,0.13841292125827814,0.0894897414788038,0.26163955673289185,0.13380754283331883,-0.005594652137527586,0.0038092849939493256,0.0074710028962472405,0.005664887636551103,-0.006752006631346577,0.004690397345222213,7316.018485257041,51.5298819007104,6203.21308248565,15.868826407819224,8950.894493175705,27.867282777558724,5,https://example.com/TODO
072,,MGT,3,0.12044724543499774,0.07873562816983841,0.015064056462761356,0.02181270188093169,0.4424585596754967,0.24435411033104723,0.3581247969094923,0.16111292008548167,-0.00039218304364238473,0.0012501463945393016,0.002103693403973509,0.001383336251512459,0.0004752220369094925,0.0007344818331105399,7259.243357736691,52.31799427927148,6204.69397711383,15.62969318360526,8584.082950020345,28.082629638154778,7,https://example.com/TODO
072,,MGT,4,0.1022985354649335,0.07859795902280008,0.02499290442119711,0.025459397117241156,0.07589718986313465,0.05811874019617029,0.19392363200883003,0.08199610815869843,-0.0006846589739955855,0.0014859702924303493,0.0019866420110375258,0.0023613360375184522,-0.0010142544039735094,0.0013276605375793153,7255.568163670381,51.68428295034452,6190.5951039268875,12.36786528867858,8928.733330456009,33.78398445025293,4,https://example.com/TODO
071,,MGT,1,0.06460427993799485,0.03508234080014122,-0.0002834779340857371,0.0010946255978491867,0.22000460993377483,0.09541547307932871,0.05752051283002207,0.018901055673891408,0.0009891820529801278,0.00045079237855721226,4.297909249448124e-05,8.390037115097896e-05,1.977280353200883e-07,3.0508972658476276e-06,7072.4601602068715,60.90434815001164,6649.075799681185,15.448216981629953,9572.740022914762,27.444603974181103,0,https://example.com/TODO
071,,MGT,2,0.07539536982326073,0.04739729100791998,-0.007750859884689167,0.008829376348564604,0.12767586452538632,0.06270907388532264,0.14072792445916116,0.06361108363686939,-0.002355850104481236,0.0018636436334509127,0.00044752379933774483,0.0005100065650717397,0.0002909168728476786,0.0003370584546267618,6976.243794504852,51.916298296062294,6600.847306586607,10.667517807387643,9517.257889998926,18.087030846347712,0,https://example.com/TODO
071,,MGT,3,0.07303776990872302,0.04241523353919552,-0.013635654582677612,0.012633822538803964,0.19351231677704195,0.09649306146166965,0.13289958763796908,0.05685708651161423,-0.0034610468264900654,0.0017503067232002877,0.0005099470827814494,0.0004798066261270867,0.00014897039713024284,0.00015209097940282676,7185.8870170090395,59.10296098416816,6690.56760224092,10.450958890201706,9272.888720773353,19.712269846614767,0,https://example.com/TODO
071,,MGT,4,0.07661770211439245,0.042750859346875135,-0.02104348937669373,0.020172158258429607,0.15803715894039735,0.06542077988647722,0.1468811774834437,0.06809666421530348,-0.005799469233995582,0.00340537484493909,0.001367565084326709,0.0014102254340291073,-6.172194456732715e-05,0.00030414656701123043,7294.310039212011,52.63075997226722,6817.543198339473,11.97317188318269,9418.634414074471,19.943133166751156,0,https://example.com/TODO
070,,MGT,1,0.05922028783062956,0.05978960262303758,-0.005057367401108975,0.007142604801102343,0.056400113253863134,0.04813305409343331,0.04108828816997792,0.058120412772584416,-0.0010334822938189788,0.0005371180153873727,0.00010136844757174393,0.00018767899521112959,0.00015699719426048433,0.00023392146307436168,7871.7548251026565,53.51400672683039,6615.333658369668,12.45250287464532,9683.733207646357,24.85915701299693,2,https://example.com/TODO
070,,MGT,2,0.06751212914273437,0.03643644137439066,0.04037932315559393,0.020811800599325237,0.001269201397350993,0.05200102467595048,0.009345299863134655,0.05788019716684317,-0.0012789580594039683,0.0009453501956552175,0.001115205886754966,0.0007976072334341936,-0.0004645335167991091,0.00040391928296129007,7853.221305044223,53.39834253888349,6598.866401452956,10.691905806152349,9264.608258276157,29.389299869211925,0,https://example.com/TODO
070,,MGT,3,0.0579536211997549,0.04252337534567429,0.0011293922140959956,0.004203192358440141,0.10173116813907285,0.0725482975289994,0.12491386841059603,0.05886601140025988,0.0018555816677704175,0.0010255198135774109,2.2851434878587198e-07,4.863652932032374e-06,-0.00010728397527593797,0.00019400018433574686,7891.903271085084,53.61046362549975,6591.110411605503,11.535986215517973,9674.51813265238,32.822303553225346,0,https://example.com/TODO
070,,MGT,4,0.08577874177873518,0.05283820543591263,-0.010952070868339605,0.011280364448151165,0.271923329602649,0.1823229662382835,0.2027094991169978,0.10390574565390834,0.009066581955408388,0.007480244127084136,0.0005244142453973503,0.000947800944142632,-0.00038071498079470136,0.0006819102313245307,7818.424955777897,54.59044479797498,6611.793771792496,15.065158936665457,9674.993369334537,26.532951394346096,0,https://example.com/TODO
069,,MGT,1,0.1384793307883852,0.07067583445725079,-0.051348684461613815,0.04045833357728818,0.29575511836644597,0.12717702337793835,0.24657874105960265,0.10085667744642998,-0.007045091050772625,0.003510215007124762,-0.0019462667373068426,0.0015650763535440951,-0.0003998858347682106,0.0006380492986101698,7895.9871298621365,41.62836339823267,6759.355018776529,18.478525086736187,9645.696119484077,30.770556841808144,0,https://example.com/TODO
069,,MGT,2,0.10616376899522763,0.06367117837980563,-0.04841493750024419,0.06382666598778822,0.08768412350993376,0.05404663659914943,0.17829616578366445,0.07073617114725386,-0.001093707565540834,0.000550178247088858,-0.0009452118123620297,0.001275081204806432,-0.00015304826401765851,0.00026279074977099675,7794.872548933135,43.508426173778005,6790.839350344075,12.789972237625847,9690.949555941468,29.62781000454548,0,https://example.com/TODO
069,,MGT,3,0.1212705170521808,0.07381500333915798,-0.04771521508795637,0.04506073925300032,0.19091529668874171,0.11399872671388618,0.32808687969094924,0.15798760076278298,-0.003907635211920527,0.0024149800181951448,-0.0016162385496688737,0.0013761641248967353,0.00048111632671081234,0.0004212711827277285,7705.856309189723,52.620800287586874,6796.818158235596,17.164244624295517,9631.441739135747,38.27598683692554,0,https://example.com/TODO
069,,MGT,4,0.10447089518283309,0.06323677948652787,-0.007896635020084473,0.014505445199835954,0.2427406141501104,0.16364073256055542,0.26733420706401767,0.1280077633012021,0.0038288608505297928,0.0030703125034334403,-0.00011497990066224945,0.00030732680317276567,5.821654238410221e-05,0.0003310843692761547,7873.253781635477,49.225417526291,6795.057939932913,17.87250251751935,9639.030184709312,32.84663541982117,0,https://example.com/TODO
068,,MGT,1,0.11102271072265911,0.06989601881854363,-0.01419931854002258,0.02160379709562749,0.47664174481236204,0.4180313445459069,0.20052695474613688,0.1386350475171463,0.0005184750077924947,0.001334965077137903,-0.00013035501858719647,0.00016583594660398815,0.0004547703045916099,0.0005396256845976671,7426.3386139860095,35.7528277281605,6594.030270092208,29.298388692689613,9271.016308564402,33.10643619581349,3,https://example.com/TODO
068,,MGT,2,0.20159214004203538,0.23260259369357528,-0.03688166141942605,0.048616382481641636,0.8940715721854305,0.43129695735436574,0.834852591611479,0.40797782516364706,-0.01004253483110375,0.003926791305243095,-0.004943144408609263,0.0025872124698159034,-0.0026580890335320077,0.002328988362865035,7314.104796218497,53.450883249612,6472.75076264606,35.01151243515002,9271.779184879362,54.155555614948945,29,https://example.com/TODO
068,,MGT,3,0.10897534530309731,0.06834789191237337,-0.05324228854966887,0.06208950056141141,0.27310581113686533,0.12273232264973578,0.12520366259602647,0.06900412671671141,0.0004151377050772613,0.0011437090928651866,0.00021814148344370576,0.0006164745864450938,-0.0008939782167770409,0.0008527305927307217,7268.428165465128,35.94506267119148,6455.817072837974,12.291755985225201,9489.828530712028,27.917110576970728,1,https://example.com/TODO
068,,MGT,4,0.08530844519834334,0.06481630096161853,-0.06250574786761853,0.03454591927763263,0.012574206073267105,0.10047082569089039,0.031328359990066224,0.07680157219039353,-6.850590037527638e-05,0.0006003181059800546,-0.0010774377193730677,0.0005735936924837284,0.001206474657836644,0.00047966521155491616,7254.282089481135,46.14507392170996,6480.713369742963,15.66622344132091,9540.683245254226,40.143307962586704,2,https://example.com/TODO
067,,MGT,1,0.10186379659292032,0.06821928300290468,-0.1973365392935982,0.0969955629729697,0.02789431345695364,0.053789541743843046,-0.06417483645253863,0.05074399671526144,0.0011283146657836654,0.002505197209586379,-0.0016810796304635744,0.0008742082380117538,-0.001920010612803531,0.001170041565631176,8062.756549475331,36.36444533233508,6364.471117139296,14.76006616323201,9444.518300949869,22.963815427730946,0,https://example.com/TODO
067,,MGT,2,0.103544769454039,0.08627393608392399,-0.01569123302970141,0.025448463562416295,-0.02938457782891832,0.07761583442153851,0.22577691227373067,0.1591322727583281,-0.011498000626931565,0.009926985439398638,-0.00028706988454746006,0.0005112088947259625,-0.0010168385772626922,0.0014602862089423897,8005.737187307798,51.581192932854236,6224.715741405365,15.43539342584319,9340.25865930909,25.212241433749895,2,https://example.com/TODO
067,,MGT,3,0.11113522985081102,0.07481115060553718,-0.5066718259490105,0.349549064038701,0.15775191501103752,0.09673401816161395,0.12354246543046357,0.060458146366068076,-0.0006369550971743896,0.0011246351330479502,0.0013012309900441472,0.0009588013112693011,-0.01215959961523179,0.009480973604715379,7811.35211929547,51.75621782379701,6141.6226219284135,9.679669124087736,9076.141119764894,25.95313772420412,3,https://example.com/TODO
067,,MGT,4,0.09568319153439396,0.0695420247569336,-0.02113953036785823,0.020423472311825865,0.1389663078807947,0.06447800201991091,0.004592775251655629,0.07679259591662271,-0.0015808865071081629,0.0022991957995913857,-0.002603211467991168,0.0023983171743464367,0.001639136932450329,0.0014459645183519368,7448.01008776614,50.495390706243185,6014.745714664633,12.179558996944149,9077.678233341057,28.791717974151798,2,https://example.com/TODO
066,,MGT,1,0.07833540829300221,0.03972479056109449,-0.007509717517713885,0.010585400464312769,0.2369168536423841,0.10491401980286223,0.0018299090066225142,0.09364290129928927,0.005319493072847678,0.004478617551757936,0.0009720930715231758,0.0008541171444543587,-0.0007624853410596017,0.000991457262140379,7854.580205228399,27.77844876253538,5991.365988044211,9.685606577772102,8887.840619373947,17.789210335780233,0,https://example.com/TODO
066,,MGT,2,0.0750674943738994,0.03711828013603033,-0.00018870908168050577,0.013672587209684405,0.06265953171081677,0.04423187368112706,-0.14344668237086095,0.12644376203580115,0.004473125844812356,0.0029392404974358834,0.0007596802569536384,0.00045706403059023247,-2.950676754966005e-06,0.00033581910652279737,7902.534755957284,27.766790987250932,6017.517027929326,7.339526419659171,8922.891106214829,16.49060189958238,0,https://example.com/TODO
066,,MGT,3,0.0730926867230049,0.03971914790563446,-0.017405998239221437,0.018666648333419848,0.05625793348565121,0.03213239747852912,-0.0799942099781457,0.11317774733583172,0.003225318069094921,0.0022226154236826712,0.0002737246578366404,0.0003630547606271434,2.7300631567328918e-05,0.0001299752963087838,7865.9416965565015,30.10045706906878,6033.789731161162,7.405103379984078,8651.18435542468,18.437014758629587,0,https://example.com/TODO
066,,MGT,4,0.0730946104685305,0.034338051585768324,0.03470421792991133,0.038204858271940645,0.08105849977924943,0.041419209135620215,0.06876350565121413,0.045503817967948446,0.00013929221631346468,0.00033443731993209306,0.0011266659962472399,0.0008445009017310862,0.00023626318067041855,0.00041540435649078543,7940.361370326419,30.52984028193064,6055.903813052399,9.63657574870278,8957.429291052798,24.120557371168072,0,https://example.com/TODO
064,,MGT,1,0.10639885545088494,0.04760878372355504,0.031454297869757175,0.028131036334997916,-0.043053070865783666,0.06467557711639306,-0.05075808715231788,0.08133147166239363,0.0002663753276114775,0.0005427078456807084,0.000695511570309045,0.0005291415040607748,-7.247741081677683e-05,0.0004012264315392749,7067.7190971366235,38.05488198038944,6179.40101646843,10.616867672983137,8809.551059246905,15.901902806036345,0,https://example.com/TODO
064,,MGT,2,0.08603489625327432,0.04511608132888056,-0.014112796385916112,0.007286045269385414,-0.02130308843584989,0.04885616369215724,0.011809518046357614,0.04143027016023214,0.0001697922879249437,0.00042565557679988784,0.00030880700220750287,0.0002326890407083224,0.0001350238980794702,9.702906811813733e-05,7048.314169746734,35.907703554600516,6167.013649125499,8.238931933028411,8740.126101166763,17.20848403739667,0,https://example.com/TODO
064,,MGT,3,0.0768112154336283,0.042914397850162996,-0.011090445945916115,0.008634598788379256,0.016660921965121412,0.03061903607593859,0.017482249537527594,0.02261335816476899,-0.0002809223798013225,0.00035708976373173025,6.561976441721854e-05,0.00010405482663888799,0.00020006531677704194,0.00022380476771047522,7047.6943554033205,37.51767578328242,6126.579954611255,10.684818523883047,8711.50551759954,22.122384799419365,0,https://example.com/TODO
064,,MGT,4,0.097374829644469,0.04079657253576673,-0.0123253020816777,0.006483694927363827,0.025433885366225165,0.031750975798110294,0.03904135503907284,0.022867473863035226,-0.00015147339939514148,0.0003755971806190737,3.734741984547462e-06,9.914180032834868e-05,0.00023442880217880793,0.00016634071959611025,6985.564983185175,36.84474854740832,6135.947659504999,9.827449980261083,8683.46456068887,21.32083194119572,0,https://example.com/TODO
063,,MGT,1,0.05723442660468157,0.026881353072359244,-0.003632245517522819,0.007313719670725156,-0.07441665019426048,0.05537136789631212,-0.04083355190949227,0.05810469547072888,-0.002871761378807947,0.0013740293322961304,3.521291905077263e-05,8.286619030844731e-05,-7.738495165562913e-05,0.00015653134001625689,7609.738309226489,39.818847208903506,6516.587578219859,7.23657655269349,9725.794990267997,15.4468381125869,0,https://example.com/TODO
063,,MGT,2,0.050129469716036,0.026575298375912812,0.07689503640993567,0.05043185492349905,-0.02454679352538631,0.022172055452951128,-0.0178956254601766,0.027806800719182474,-0.000757011843267101,0.00047960956981702845,0.0013314397130242826,0.0008718646109165387,-0.0002936927446346571,0.00024127170876009788,7686.148790305451,43.44256974928302,6520.002551757534,6.679560529369457,9773.738319304446,18.030600229405376,0,https://example.com/TODO
063,,MGT,3,0.04713227893126546,0.023252221479726894,0.047186196614128026,0.03179660640272234,-0.015284314141465784,0.01821718220758901,0.01673277288454746,0.02155568342461501,-0.0007873616690949155,0.00042311544813095786,0.0007783822383002148,0.0005606130340772426,-0.0006187078419425957,0.00032682063638259724,7716.30764185855,39.33834143566662,6560.01480709317,7.354040092744591,9796.19526462771,15.921692111336727,0,https://example.com/TODO
063,,MGT,4,0.03418590482386024,0.020183733104935406,0.027646504609026224,0.041547495675603625,0.021106646971256072,0.017415908383295334,0.0354254407633554,0.03610795047280687,-0.00048624861198233736,0.0002878160498476632,0.0004821777075055181,0.000718371874270356,0.00010349811558498897,0.00015815396285209234,7769.894138884458,44.72268128977887,6509.7488357627235,7.6237511629736,9747.32477970171,18.571649730329685,0,https://example.com/TODO
062,,MGT,1,0.05028863049784187,0.02717514113099611,0.010262372692291634,0.013795357034274177,0.025186020216801323,0.02222780438286565,-0.03230338389684326,0.03732633054703435,-0.0006961546913907261,0.0007957922219136371,2.428203311258278e-06,2.0629977814865076e-05,-0.00032865746777041723,0.0004481931103807922,7621.040160936113,45.416779696725555,6456.44393421015,6.941761379863396,9409.297341264088,11.922269537735852,0,https://example.com/TODO
062,,MGT,2,0.06449416553303552,0.02508151630637887,-0.029733629084718896,0.025096711946239383,0.06333065584988962,0.020925102918433348,0.006527024604392934,0.010562564442403975,-0.000416682312229577,0.0005033887007003344,0.0010994282576158923,0.001117854155739399,0.0004565478781456941,0.0005287959194718245,7592.909482578718,39.467837332662505,6420.325389318932,10.440732657779384,9356.95170107306,18.168707959902072,0,https://example.com/TODO
062,,MGT,3,0.052760856589483346,0.024350509767685134,0.0053032146956549,0.010393385857201003,0.008066754243046358,0.026732784462344582,-0.018132930543267107,0.025480736016003185,-0.0007405975867660024,0.0008041555518218074,-3.7646242825607066e-05,7.523354946230034e-05,-8.161562030905077e-05,0.00019209403679294965,7518.08912763092,39.3577680930458,6414.15048982111,7.068443305285368,9346.353600989938,15.022358964269099,0,https://example.com/TODO
062,,MGT,4,0.08201314467610617,0.03722102029009961,-0.02056638809183885,0.013611780002060564,0.049869007112582776,0.02615545306181869,0.03327836274591611,0.019906379567481793,-0.0032212474900662246,0.0014242486038722635,0.00039334569724061255,0.0002653448435854935,-0.001016803282406181,0.0008649614191610944,7612.286725203734,39.98199699924418,6329.664749819677,8.799616738238063,9248.540038761828,16.213909258503236,0,https://example.com/TODO
061,,MGT,1,0.05243432333256414,0.02903107265054179,0.036543361785435324,0.051995846034957986,0.01098593641245033,0.019915609514986762,-0.03936027268874171,0.055921368023945296,-0.0005173313935540788,0.0004743081533421116,0.0017015470708609268,0.0014729897191254023,-0.00018458749624723975,0.0005462566216897101,8814.812194728334,52.81081018412676,7065.490374644195,13.138657302691891,10147.885637668425,17.917154227122857,0,https://example.com/TODO
061,,MGT,2,0.07029132145668403,0.030391232378155268,0.2596951829598,0.1465185761483506,0.14819167593818983,0.05467530408625857,0.12086276821192052,0.033288184137580085,0.0010202821829139062,0.001071009330200373,0.004568742580573947,0.0023548193639191116,0.007103884492273723,0.003721794886079104,8719.55902015083,52.71591954163253,7033.331634003845,10.050686263616797,10097.1628476426,17.2807826335927,0,https://example.com/TODO
061,,MGT,3,0.0744126221212389,0.04119075956902384,-0.05563290033112582,0.039381808566630566,-0.031834459196247236,0.035010455604646454,-0.021370455238410597,0.03116620864885524,0.00036894212269315054,0.0005920625840746255,0.002327818980132449,0.0010903564748936622,0.002772974119205298,0.001084726729014232,8844.537816708029,58.67122183554027,6941.856263097662,6.762894393414883,9990.519176243593,16.595604192627416,0,https://example.com/TODO
061,,MGT,4,0.09751192044100022,0.04701565380143209,0.04231709465376465,0.027319358494173118,-0.01875487828918322,0.07480138728744559,-0.011593413273730686,0.11742006292235374,0.0014864936493377467,0.0010241122319755852,0.003286712205298013,0.001426628523220126,4.7760555165562695e-05,0.0005673078391632408,8550.98158633374,54.075411102505335,6886.478087488054,9.072403986191091,9891.010991310435,27.49092418735246,0,https://example.com/TODO
060,,MGT,1,0.07889700200646943,0.05063491041706654,-0.020334891001712617,0.04192971101359862,0.3363673558057395,0.2960112639227616,0.09317192699779249,0.08493925214850755,0.009169380118984546,0.010659681314630073,0.0014614508013245028,0.0017359668333408788,-0.002304253971302426,0.003092720996339621,8489.97279122421,33.04448127981308,7153.7901869158,24.4189793806073,9999.81325767515,32.20958494168949,0,https://example.com/TODO
060,,MGT,2,0.09638527010654646,0.05796894087077266,-0.150761628042345,0.14674165957278912,0.38996635651214123,0.26694555358015865,0.2404749889624724,0.1272553452942542,0.011621430845474614,0.009714386973962513,-0.0005257355769094905,0.000762034609404275,-0.004351685647240617,0.004523065039802335,8310.595386255478,38.45886395894263,7028.699528279202,24.714560796809064,9837.960896394312,30.22632415067224,0,https://example.com/TODO
060,,MGT,3,0.13692494972873398,0.09186432613137294,-0.1610977135523482,0.10356139502005389,0.6406613662251656,0.36197946446696283,0.3168788096909492,0.14123134227582548,0.020926906378830018,0.012467120592761399,0.00048354317306843265,0.0011583639468372535,-0.003618405843267105,0.0024990323721864106,8185.493295036949,34.92617059119991,6850.911208308138,26.777941575281265,9681.343175452113,32.18176299948509,5,https://example.com/TODO
060,,MGT,4,0.0935330773408743,0.05149225019110863,-0.03092477035033598,0.01971601792432729,0.20646148437969095,0.09052819069193709,0.10864703443708609,0.04383363844872351,0.011094540913245028,0.005791531464847091,-0.00031236667593818765,0.00032336948871243825,-0.0011844819249227372,0.0007134866927256651,7836.933134683717,36.742466154518,6703.136960115624,17.582214497197544,9508.98511154247,29.141787128254425,2,https://example.com/TODO
059,,MGT,1,0.0684268334314159,0.03710064931840017,0.006676143339955849,0.1498600522840859,0.07390248432671082,0.03574547232768988,0.030586166664238405,0.06501476766800725,-0.0006660087421412774,0.0005428196956060663,-0.0005278374064900612,0.00039199420903022434,0.0013564258918322295,0.0010912430858770726,7419.734117764804,37.93610439655281,6210.596452120305,13.953181408820654,9606.758497012754,22.942880725555543,0,https://example.com/TODO
059,,MGT,2,0.07486799777610616,0.036114933476948996,-0.06390245323399558,0.07304649029214934,-0.08878284798233996,0.12288452454316756,-0.050255773951655626,0.11387400641443726,0.0008166654947019845,0.0007572267357571816,0.002384552474613685,0.0013073556997339015,-0.006267410218543031,0.002802911770675449,7333.077911615244,42.23383330114658,6112.437880321893,9.949980755913444,9170.799264114668,19.25643568329759,0,https://example.com/TODO
059,,MGT,3,0.09138550106194687,0.050691184426565325,-0.24120256098013246,0.11483653617405669,0.13648813222958056,0.0824463547895175,-0.16338190598233998,0.1419475419877204,0.006067288621589402,0.004504013641022098,-0.005436952043046349,0.0023019902222795245,0.0024649563382781463,0.0024376797419371514,7070.259626712388,45.24173775593792,6135.875145225817,8.702818009064167,9500.950704549256,23.863416243716106,0,https://example.com/TODO
059,,MGT,4,0.08962584219428668,0.049881256882848626,-0.22120211338171922,0.09735051943193221,-0.0245407242406181,0.07093788984973999,-0.3635124826423841,0.31111732484829385,0.015517256380573947,0.012885328618014462,-0.005320444828918318,0.0038023891250030615,0.0004572263649867557,0.0026802397127990425,7236.170975195085,36.74207900546494,6073.484237605454,11.654230727526858,9099.573795782011,22.08728215497672,0,https://example.com/TODO
058,,MGT,1,0.07783449117807596,0.041308959710945385,-0.005399794261413776,0.012941515822744297,0.07536374903752759,0.06320658756775488,0.06099866922737306,0.02899019584206885,0.0006392688432450284,0.0005150761002070492,8.941831282560707e-06,0.0002101527840510006,-0.0004346610222604848,0.0004323586313313905,7885.132569741369,47.49882585009788,6215.774347872686,13.624680950433525,9469.653853303846,29.298262851702837,0,https://example.com/TODO
058,,MGT,2,0.1137273597108559,0.07016044379150053,-0.01573549907737013,0.017117456398163606,0.2502817086975717,0.16493593456150504,0.2940543657836645,0.13369279381159732,-0.0011691856735320067,0.0009326420969966335,-0.0003258305788079443,0.0003594139548746925,0.00012846393878807903,0.0002345898609579366,7872.277851220992,55.56031776158197,6182.917430769957,15.124752861787677,9113.674305099608,32.898015050063066,1,https://example.com/TODO
058,,MGT,3,0.0915253833814159,0.055670831453768034,-0.008375288139955852,0.021397480496877244,0.09961802563774834,0.08225009729161879,0.14814838233995584,0.06683724197897636,0.0007665657566225148,0.0007114330220030279,-1.3159157072846577e-05,0.0003023768029129195,9.05058169757159e-05,0.000395053695571947,7738.448487963731,46.46066183995536,6159.558762569491,14.200316613752006,9384.756559209292,34.41637742204641,1,https://example.com/TODO
058,,MGT,4,0.03966941383650642,0.02528088071305623,0.004498340557771228,0.006244621288828295,0.003211294342163354,0.013417042179477071,0.019482614604657836,0.01623803787193719,7.134447298454747e-05,0.0002704121744994769,-3.1138223399558495e-05,6.031791464369921e-05,-0.00017816114790286845,0.0002292014144929747,7724.0885511064935,45.899128742084535,6161.688774205246,10.219588841770019,8981.623025652909,24.27404924886307,0,https://example.com/TODO
057,,MGT,1,0.14643684815265484,0.07192085124706747,0.06869537243598234,0.07706089374463805,0.3363725297792494,0.1649292751200874,0.15311883940397353,0.06107368689416137,0.011868737350993376,0.005515273215629185,-0.0011720917574834387,0.0011048835633344321,-0.005939972813024273,0.0037310563695614565,8283.4789254491,46.855263546854836,6455.508468291248,15.478037359614763,9428.613433077126,22.721484625140405,0,https://example.com/TODO
057,,MGT,2,0.10337556858407076,0.0601082928751143,0.07331445498896247,0.039489112433443156,0.15487343479028698,0.11016282367815126,0.09629775200883002,0.048776351348396814,0.0016149025801324495,0.0010150603959004868,0.002475873507726269,0.0015447022655257657,-0.0024831285560706403,0.001617673475203423,8323.581616439089,45.067725710890294,6469.291209333095,12.539972580524145,9443.723201612209,23.19403054382287,0,https://example.com/TODO
057,,MGT,3,0.0941601682376106,0.07677221812056208,0.012014083615673288,0.018159225102801185,0.08162732490971301,0.08326794842286603,0.046061337675717434,0.03500467552235864,0.0006417583867549658,0.0007912540982751684,0.0010867375770419417,0.0010011170966807473,-0.002159497905077262,0.0019030933389704702,8586.968562234813,49.9071415349901,6495.270732271918,12.507655270387248,9757.281059971694,30.859515569107565,0,https://example.com/TODO
057,,MGT,4,0.1459135665245702,0.1847522087444678,0.008166535074719846,0.02469356227822429,0.1592919755187638,0.18594271890766648,0.14349549664459163,0.15715136666319032,-0.0018023584052980076,0.0016249972852825792,0.0002068194539735086,0.0008813189739886945,0.0002702254192715221,0.0006235077383769163,8366.154523921321,68.6014492891224,6553.7135244508545,19.402923427378013,9776.492694975068,36.318143553783656,24,https://example.com/TODO
056,,MGT,1,0.14526149098451321,0.06806153240866251,-0.21314160028697574,0.18998381630038508,0.5248035862825606,0.3800541460245785,0.3764815481236203,0.27532987800542486,0.008736698426335537,0.004378593520429883,0.0034307901280353132,0.002691471527957916,-0.0006855835232229599,0.0015590925480962596,8679.02062521745,96.69949160604374,6616.701849748201,40.79925437121312,9777.190119707875,48.30800391469237,0,https://example.com/TODO
056,,MGT,2,0.11796529754026545,0.056087988420216,-0.029148414435761584,0.03413081949275959,0.7702434419426049,0.21875625104604904,0.5607469602649007,0.16176866797487585,0.001964825507152319,0.003106067966771967,1.9858008388517666e-05,0.0013057531339136647,-0.0004697440720971258,0.0005470393200309345,8545.339997864101,86.93539025880014,6522.802613200619,20.29118917820656,9206.79779342129,26.480884028057847,0,https://example.com/TODO
056,,MGT,3,0.08152983441421205,0.037640593035292325,0.07163854561552944,0.10981803840473686,0.1027293344790287,0.07367654247509557,0.11789665298013245,0.03920569207848277,0.00042947451311257484,0.0005136721742438056,-4.841839337748455e-05,0.00042862591449391524,0.0014565704473509901,0.0025548399319445096,8599.937314848667,96.24620762328942,6643.034790452529,11.093619452997745,9756.688322924856,20.14867655872071,0,https://example.com/TODO
056,,MGT,4,0.09268944714159288,0.044040245830101174,0.13544299072847682,0.04350911571472618,0.152612091196468,0.08709016135192146,0.14603391192052978,0.06126459387722146,-0.0008638275528918277,0.0006416785506402232,0.0015356204547461352,0.0005315126861798193,0.004156176933774833,0.0015577742867666127,8586.253715888311,100.49479308794211,6672.865041154907,12.665378966689174,9809.271855891073,24.325803951672164,0,https://example.com/TODO
055,,MGT,1,0.05995493994045585,0.03382046738647446,0.09503665017064017,0.08875524484564071,0.034045668910726024,0.03577978169662927,0.060247069006622515,0.04603530655217111,2.3546220200883445e-05,0.00021399457797784908,0.001393168158278144,0.0008475197921106129,0.00218576924415011,0.0017519944752358522,7766.672754506485,28.900544130294833,6065.598377408504,13.123510125369323,8482.109205736107,27.014399512525415,0,https://example.com/TODO
055,,MGT,2,0.0723127094110224,0.04495679154037377,0.10443538453769804,0.07317564619632141,0.07672602649006623,0.03443197658500985,0.21170496865342162,0.11576555676640235,-0.001383635028697566,0.0007439767703193188,0.001305086499337747,0.0004901425255823566,0.0001152130799315713,0.000971380310754317,7844.864643582491,30.396967009174215,6073.88892619523,7.377613864638562,8671.96597283274,21.61621332575409,0,https://example.com/TODO
055,,MGT,3,0.0932645406677599,0.035758122643758626,0.4248510409002323,0.17415127309346637,-0.005679878679911701,0.06921111390146736,0.08634545245033112,0.03503602796744261,0.0014991295609271499,0.0009018459183116304,-0.00035685254812361963,0.0006060293540937232,0.01710844559161148,0.00781929820241247,7687.683781770134,29.27980846456179,5993.685253597881,9.486516776839096,8382.403813199928,16.046172704818257,0,https://example.com/TODO
055,,MGT,4,0.10534965716567513,0.04794442514570826,0.20220962832310735,0.12400016670505076,0.15389498013245034,0.04035268800133954,0.33852948565121416,0.09964158200596804,-0.0014429203208830017,0.0022054411176839275,-0.003415245857571738,0.003120352767921749,0.007111225342163352,0.00536291820456146,7910.332091148974,31.888083758624923,6109.663064620289,7.105484198591257,8769.641292512173,17.47052232930707,0,https://example.com/TODO
054,,MGT,1,0.07047810220153414,0.05571844625879047,0.0005142367783874642,0.0037279080864543526,0.0845601587196468,0.056265426053250654,0.09982442774900661,0.038159049753078864,-0.00029959066092715125,0.0005729339040741828,2.5808608830022077e-05,8.736077029255647e-05,-0.00012448672847682076,0.00034499849260480396,7717.967589317496,34.093620883564135,6661.65336749896,14.014111562123336,9462.146595670592,24.50557141599722,2,https://example.com/TODO
054,,MGT,2,0.04880971240259966,0.02929361183550653,-0.0003208203983273536,0.0019429570455206785,0.04490387963576158,0.03561997942455116,0.04692921195364238,0.018788204093944324,0.0009881070817218526,0.0008552333418528687,0.0,0.0,0.0,0.0,7700.223577195863,32.03842790434182,6632.895846412881,9.127420361308001,9450.083345664094,19.801882400382706,0,https://example.com/TODO
054,,MGT,3,0.08120248735206059,0.04699214309478308,0.03443407287358565,0.0249492528935959,0.09512727348785871,0.06893264099925583,0.11046492994481236,0.04861052120419549,0.0030895298500220715,0.002770180597007812,0.001511590496688741,0.000962545615733532,-0.001947113225165563,0.0011839768996513619,7782.667551347677,35.9032914720734,6621.3427217012095,9.817643034959698,9459.809358417519,23.9816303162477,0,https://example.com/TODO
054,,MGT,4,0.06711005964217817,0.04639520500030125,0.06738284432705616,0.04698776770693759,-0.0011107463134657836,0.02108716408166468,-0.05061524232626931,0.03770514857797383,-0.0011953459313465758,0.0006537020499001484,0.0018025828830022076,0.001401630440766661,0.0002602212526534221,0.0010745499621146962,7775.9581209032085,39.77773004061528,6638.72600954308,10.52523811182766,9158.720896388944,22.139545669066422,3,https://example.com/TODO
053,,MGT,1,0.07839965387686072,0.04703434815541175,0.04576028888065646,0.027519158104720907,0.0844598774834437,0.029741682179367707,0.06898148217152318,0.036533775013836076,-0.0015980900551876356,0.0005174708215372154,0.0011822524701986744,0.0007560792350326226,-0.00028865645562913905,0.00013630281559933656,7971.745240224669,40.36620981873566,6881.388339732379,17.842012888318322,10192.567907113738,31.81087074821316,0,https://example.com/TODO
053,,MGT,2,0.08328715882300881,0.04156267147773327,0.050692336158940386,0.030850643770661233,0.09253387284768212,0.035089112500798894,0.13317054017660043,0.027011790331016413,-0.0007026267230463545,0.000756699576355318,0.001237475953642383,0.0007230604432268372,0.0006895967002428235,0.0005068548629674732,7973.641890560381,38.28036918697428,6843.107774416464,12.58035977651045,9799.903825954449,25.552783225900757,0,https://example.com/TODO
053,,MGT,3,0.04520910640606764,0.026309477218887163,0.008260478644905143,0.006700652992384171,0.017098444866887417,0.016735343449349595,0.01701859966004415,0.02924106728001534,-0.00043906749611478675,0.00036799201269138135,0.0003211725494481225,0.00023260590287323715,0.0001586941680534212,0.0001991407801554528,7993.026925236648,37.040961547865344,6854.418894881921,10.828016733743032,10101.235651527733,27.46746480250804,0,https://example.com/TODO
053,,MGT,4,0.057765193180259404,0.03363775901446451,0.05644357990502783,0.04677912721864289,-0.006551947176600439,0.02817834553139049,-0.00040233029580573804,0.04861481386680856,0.0005733721775938189,0.0010240245567818586,0.0015484509209712993,0.0011299076971945583,0.0013976899655629123,0.001054105950496719,7915.9354989961885,38.46498813322526,6829.960305764043,11.23999606623587,10112.552538693346,27.167015345515075,0,https://example.com/TODO
052,,MGT,1,0.08215952205129509,0.03670154067976758,0.1462082553309212,0.0765353074174393,0.10660073030905076,0.03827336918785627,0.02173571270860927,0.03547438409455532,0.0004191003191059585,0.0006134028937217816,-0.003214794766004415,0.002079451186061995,0.006229565434216332,0.004359651701131566,7268.895229199768,29.572088997723725,6379.790713074577,12.42164852649055,9534.618212012407,19.228730951925883,0,https://example.com/TODO
052,,MGT,2,0.04795798727809733,0.03816244449062779,-0.006340326812582776,0.004464482640209522,0.017777023308167772,0.01763710999230098,-0.008321698988300218,0.021081245688145383,-0.00023628904604194151,0.0002650122005036381,-0.00020143228485651192,0.00018620015836527462,0.0008520958830022003,0.00034383340148016773,7409.165536516696,35.82416160363431,6418.071216941995,8.208000660748327,9556.931027578152,15.880702796313344,3,https://example.com/TODO
052,,MGT,3,0.0483425719913548,0.032812396834425155,0.0011832995062408384,0.0027509985534651376,0.12238127602649006,0.020548478807461464,0.10415037927152317,0.018534768475738282,0.000635967643222955,0.0005490907547740672,-0.00019319340128035164,0.00028614643883706156,-7.582933642384106e-05,0.0001409819082046787,7359.4802404016455,31.402204601358072,6434.890916299224,7.654430747154379,9264.622846642309,17.855507280865297,4,https://example.com/TODO
052,,MGT,4,0.05703800986150439,0.03915628834047064,-0.00393857024988962,0.003271868074334527,0.0938917738410596,0.025344014871064132,0.0361567866799117,0.031637771166002165,0.0033982214459161142,0.001539058955962134,-0.00018962556778366447,0.00016646363865563673,0.000531886821699777,0.00018813832193735605,7260.857484440101,32.51563873811782,6407.966222306022,8.921469160379038,9574.832331873426,21.64606450829184,2,https://example.com/TODO
051,,MGT,1,0.1598507411586283,0.09514576036572558,-0.0004781355395143481,0.014085904271241904,0.6865036560706401,0.37495174806026466,0.432850366004415,0.22015721435972627,0.005553768790463572,0.004298505497086215,0.0002458767720905066,0.0006077381249151644,0.00014453660618984502,0.0002930981533057109,7896.427647251055,40.03036002289253,6808.325878004313,42.939307585176984,9851.598973738031,59.19155076366611,4,https://example.com/TODO
051,,MGT,2,0.13847106756327432,0.061879776952473056,0.016239510015894038,0.007388952290678367,0.44736190121412805,0.151151591877558,0.3386182046357616,0.11685449828852966,0.009590186165562913,0.004165750711997711,-0.0012199562166887398,0.0007408071837009391,-8.676306335540618e-06,0.0002507009551636871,7750.145393863279,37.227584730549516,6673.294885506914,18.533466742048905,9664.41682039847,30.673136646474216,0,https://example.com/TODO
051,,MGT,3,0.16042253214159288,0.08657874588676205,-0.039918648812362026,0.036186157839086255,0.2827115312803532,0.13355542383900626,0.1916634312803532,0.11214137286624966,0.007746403086092711,0.0029000768808683207,0.0034363463245033104,0.0015470168498510997,-0.0010635119822958046,0.0006073422484017986,7689.544297825421,49.61050013068714,6640.249084883272,23.892642441540143,9250.057880516239,40.43377189775023,8,https://example.com/TODO
051,,MGT,4,0.12705127246032974,0.07178755290817458,0.03183619942794261,0.021161671118193847,0.17217161049448124,0.18234567845753014,0.1498386129183223,0.13134707840940765,0.005833768373068432,0.002899723350441541,0.0010701586600441446,0.0008933912692073709,-0.0009118997613686496,0.0006210685114033973,7674.841407664441,45.07163357156262,6617.110913091381,21.50198880571364,9472.200740719098,36.18383804304145,4,https://example.com/TODO
050,,MGT,1,0.15014025689629829,0.08038513548750795,0.009709933277086158,0.02029982000206935,0.29348310392935983,0.1373965507817762,0.42814543070640176,0.19631736783010256,0.003901864530022072,0.0027166836694506847,-0.0029194320927152318,0.002007357725779403,-0.0005837641996688737,0.001024500683991019,7094.320213550431,27.579751034266014,6343.771601963054,25.115993182467015,8804.431098397316,37.428917022249735,7,https://example.com/TODO
050,,MGT,2,0.11409174525442475,0.10947425080662865,-0.026060334821192053,0.01400057131818267,0.09658339474172184,0.08591599920680644,0.11620467149448124,0.06180156564601848,0.002227781216931567,0.0014972672671415331,-0.0006493211839801261,0.00029781123540943217,0.00014942426605960243,0.0002560778181340947,7121.386801864384,30.43982367755957,6317.1725599450765,12.3071200894921,8738.390870864765,18.305408319350285,7,https://example.com/TODO
050,,MGT,3,0.10832404487621679,0.05549964418621507,-0.05070169315673289,0.015854269419449406,0.1158041385209713,0.0540790069497795,0.01616118771192053,0.020943652872462717,-0.0001658800382328916,0.0004061296106718722,-0.0010235174900662216,0.0003229702830086333,0.0007970717262693099,0.0002697991444895899,7123.722243120015,29.16681700824068,6359.180062458707,8.795633530194833,8800.032305161234,14.92696926709886,4,https://example.com/TODO
050,,MGT,4,0.16948538878097344,0.16442085371460946,0.04292270421633554,0.02015528763114096,0.0791280989183223,0.13597492744705647,-0.11517115693598234,0.10898681523206304,0.01206869629139073,0.004121544301402924,8.773718341501082e-05,0.00029378062645908117,-0.0005233971799116969,0.0004190936661773768,7152.436212497765,27.613946398254072,6455.401504704733,17.31588039408981,8687.887893438976,21.11101324639342,18,https://example.com/TODO
049,,MGT,1,0.09613298746786349,0.04869854121829704,-0.03713533987242798,0.018276294056605497,0.05760825714128035,0.04271968960684658,0.05240210794701986,0.013810070664765693,0.0019709518904856504,0.0013986200726696897,-0.0006317778057395056,0.00032561730851271656,0.00047570954083884837,0.0002559768557058987,8424.409819553153,29.769159805927835,6347.372635190463,9.807596110898402,9394.638368835691,18.852755738276873,0,https://example.com/TODO
049,,MGT,2,0.05543653698794489,0.030190415412205022,5.194131812490066e-07,3.2009988562404655e-06,-0.0021096105666666676,0.02519664941332671,0.052690090507726266,0.016284009364130242,0.000699557025651213,0.0007487162569083624,5.902163355408388e-27,2.4453369713174533e-25,2.3000165562913907e-06,1.2840641926378644e-05,8342.687841334957,30.619479724680783,6311.628955223214,8.322542937738827,9313.490273496216,17.88251430147357,0,https://example.com/TODO
049,,MGT,3,0.059674845278800265,0.0351328408774322,0.003526899353348144,0.0050407938478465985,0.030792619863576155,0.029327491002196084,0.05643853995584988,0.016031155815303153,-0.0003518567174834415,0.0003997138586841689,1.789283554083885e-05,5.936079568184067e-05,-0.00012739298785871965,0.00015979056005280013,8335.360352146656,29.991534342695566,6277.066018648435,7.086787977981736,9271.397398832723,14.826008138956858,0,https://example.com/TODO
049,,MGT,4,0.06294140224982234,0.03269528305357278,-0.0007943091398261484,0.0024345135186680175,0.007256731865562913,0.02247004462099203,0.06333252980132449,0.010975845435188189,0.00035456020876379403,0.0004971456701780929,-1.305260485651214e-07,6.344401847112031e-06,3.0994587858719645e-05,7.985271883403495e-05,8243.263142688567,30.71682268273302,6244.143390362639,7.134641896099321,9235.974372014618,15.323812812693122,0,https://example.com/TODO
047,,MGT,1,0.06544263117291241,0.03270697953167015,-0.015938424201055647,0.030328423381011403,0.2551765432450331,0.19297611018648722,0.23450261280353202,0.14774985467645477,0.010326246143487856,0.008049430711034386,0.004430802176600436,0.002742266653199951,0.001508394633333333,0.0011768384990429076,8170.01026106102,30.184636823874417,6727.849235960498,34.234617927111444,9980.148182721565,49.37683344236217,0,https://example.com/TODO
047,,MGT,2,0.04474728111338584,0.023360979709060935,-0.03230892534778104,0.023197565090643087,0.037335577877560706,0.01784306833097903,0.19445576181015453,0.0554093970781156,0.0008197671030905002,0.00041383498900615315,0.0002852059452980126,0.00022717559294900774,-0.0010263120905077247,0.0007591417577966888,8034.136344910094,28.30669387987154,6649.9465567134075,8.378706686068327,9513.37434447224,14.904982639161338,0,https://example.com/TODO
047,,MGT,3,0.07149597036729773,0.03560670401682395,-0.0023569602682522316,0.004832607280586571,0.13797432505518764,0.08368659239635631,0.14579909801324503,0.043803290847115685,-0.002229521126931566,0.0017777641053892492,0.00025834453355408235,0.0002811917535449993,-0.00014253044865342163,0.00016360987746349412,7976.46996096574,27.448014530254834,6614.613559910778,9.99891942735171,9796.996665639777,13.805934483463483,0,https://example.com/TODO
047,,MGT,4,0.05671700877604643,0.03083260607322865,0.008362934243929358,0.011121485886912173,-0.039831186863496466,0.04294199880595262,-0.09896060875496689,0.09967913772195967,-0.0021443890185430456,0.0015756103099294457,0.0001075479919977925,0.00015873241920542767,-0.00035328510706401613,0.0004975682678110502,8057.089587136614,29.382837544059907,6605.943276074883,7.241962218030668,9772.437560880242,16.838002998587022,0,https://example.com/TODO
046,,MGT,1,0.1031853680851098,0.07466829092581066,-0.016469868031462793,0.019044795103016772,0.4950265302428256,0.16849165473894395,0.37107174724061814,0.16165386239195215,-0.005278425859381896,0.005212292670125999,-0.0003868646130242801,0.0004302884229709414,-0.00036991565340617656,0.00043475797989466885,8742.870836622104,70.11951682719148,6366.333426159136,23.654601885093168,9706.350214994196,38.533564308634695,7,https://example.com/TODO
046,,MGT,2,0.12306449023261573,0.07765527960879388,0.002139432811888488,0.005576933354262737,0.6678891072847682,0.3412804269138569,0.6190276214128035,0.29820889869163675,0.00016423237306843332,0.0021723654498031117,0.00015662737261809868,0.00028971045669614346,-9.547242428256027e-05,0.00020416480237679742,8572.925889588194,74.72222193685164,6274.125097473347,28.1953866446483,9574.077754005733,37.263174895066356,0,https://example.com/TODO
046,,MGT,3,0.11578308341592916,0.06039042852103635,0.012271658450331123,0.004661520154268246,0.5833203245033112,0.36659159708392236,0.547077522803532,0.3497972085549725,0.003943524849006617,0.003933690321469487,0.00036373157836644545,0.00014135850583199078,-0.00026414663929359824,0.00010692053792087553,8592.524803559032,96.98454084727149,6169.684548897069,22.81840267390059,9157.308172046587,36.42315059882622,0,https://example.com/TODO
046,,MGT,4,0.11885031909794752,0.07152206639189748,8.65127651881064e-05,0.0012467796175328514,0.43407441611479025,0.2450719720728104,0.42853641192052977,0.22016226638389355,0.0061071470336644534,0.004100157849923234,-2.2388055871964678e-05,6.426559221139111e-05,9.667688013245032e-06,4.7579828282585165e-05,8050.345571306697,48.18044430464659,6119.785143816907,15.682008039181902,9378.050144041767,28.7046240967982,1,https://example.com/TODO
045,,MGT,1,0.06036706375749413,0.04115307825067731,-0.00019313073788619468,0.0011370017603975686,-0.05629916628719647,0.05308885904052589,-0.10381924496514348,0.09411660594164724,0.001888797110485651,0.0017228114077181098,-9.350243929359823e-06,3.8979170226308554e-05,1.2119631346578366e-06,9.630767593604515e-06,8447.337948312623,36.61446561572617,6263.0972789491225,10.606372447604082,9253.554921611974,12.593637113472129,0,https://example.com/TODO
045,,MGT,2,0.028221961177882542,0.029527211584093667,-0.022971461567328915,0.02821488571509457,-0.010742744119475496,0.01679537052257577,-0.046622230299116996,0.05130672686346711,-0.0001476331566004415,0.00022266025450831296,-0.0005493244944812307,0.0007022676095088188,-3.1222651302428256e-05,0.00016325517026971693,8370.205355130776,35.56881664200115,6264.935128740533,6.742359863796834,9384.438141386356,15.000198140143835,0,https://example.com/TODO
045,,MGT,3,0.04365663788955192,0.0312595797115326,-0.024572343557185718,0.01775389570055671,-0.009330456794922738,0.022922435109054257,-0.00764570481236203,0.035375542531894025,-0.0002757558830684305,0.00039483626515508,-0.00016070274969757174,0.0002760068258600925,-0.00025967824867549535,0.0003676804666932743,8594.963859876789,38.24516649887416,6273.952351558227,8.52247357837454,9259.34994303423,16.43294029309056,0,https://example.com/TODO
045,,MGT,4,0.0206774721134972,0.013840094853968265,2.0450478454746136e-10,1.0959126595904733e-09,0.0066382667682119215,0.013438689291010478,0.03442902516556291,0.013923522023910988,-8.401560799117876e-06,0.0003901733618446298,0.0,0.0,0.0,0.0,8462.614686595027,39.922634200552174,6267.1238085130535,6.63663256768663,9272.377657974705,17.700474890271792,0,https://example.com/TODO
044,,MGT,1,0.09344414259668138,0.04825121279413112,-0.010155863911699778,0.002295473911175927,0.5439904964679911,0.1500888291123235,0.07639791479028696,0.01607527415069293,-0.0023406113845474614,0.0005586316624360337,-5.075673222295806e-05,0.00010055781193141474,0.0003179044883002207,8.490679409640748e-05,7886.453576280624,43.53860623837528,7001.845776960884,17.95248802413216,10373.777342984138,35.515829385642434,0,https://example.com/TODO
044,,MGT,2,0.056732878435396226,0.02912240401700161,-0.018201204666267345,0.01994258085677126,0.18069614061810155,0.060664580570181474,0.08923860529801324,0.024715635558323693,0.0018981543161147895,0.0009071305805515109,-0.00021033964415011037,0.0002453727419407039,0.0002794881706401729,0.00032235721166283787,7928.194634857823,43.96464755125185,6946.345149747101,9.224699281333846,10285.6712594405,22.859391275272866,0,https://example.com/TODO
044,,MGT,3,0.06789189462716096,0.03843222076804523,0.03818714044877814,0.039963299956080806,0.34700209161147905,0.32999081989101503,0.022986713907284764,0.0924620651881139,0.00872261477262693,0.009229867984095705,0.0009317261251655627,0.0010664493981297524,0.0009617572390728476,0.001539696469039575,7852.83559599473,41.38307790568144,6926.531250036493,27.897250547629444,10262.949616702273,31.65923479776061,0,https://example.com/TODO
044,,MGT,4,0.06843612607787282,0.03651838731917088,-0.020756845591502267,0.024924284433987292,0.2674573143487859,0.13112645775111986,0.09469913421633554,0.04835741715417979,-0.0019653467640176553,0.0015811658325077462,-0.0004225914419426042,0.0005285112666931731,0.000244141929359819,0.0003300766649083064,7783.81693112417,47.972396693233435,6868.070371375173,11.409053225787504,10213.71167825906,29.2396187629612,0,https://example.com/TODO
043,,MGT,1,0.047063813236468174,0.038557372918382585,0.0007360065121204276,0.0033899133711777284,0.09941540618101545,0.05036423958744009,0.0670786293598234,0.02343242210037884,-0.0018189187858719598,0.0010104016788709022,2.002485651214128e-06,4.262049740257928e-05,-1.987459668874172e-05,6.58798755099262e-05,8225.289799945574,51.34885675134712,6454.756370262545,17.00886791389857,9870.104277039492,37.52206254118053,0,https://example.com/TODO
043,,MGT,2,0.04818729318874909,0.03696364990457426,0.00959826562633553,0.0067340368864586,0.02408895723380287,0.018034666074570695,0.04783240369602648,0.0316459013048505,0.00039204765406180685,0.0006054682514965257,0.00014748820856070618,0.00016727851083062683,-0.00015372887470198676,0.00012924838863229626,8265.656847384904,53.78654092102611,6455.2538969973975,10.778241289466974,9825.961961079083,32.68670789971458,0,https://example.com/TODO
043,,MGT,3,0.05190443615026055,0.04569994745575853,0.0020371840908593006,0.005708834541038238,0.08354974197350992,0.0352977272007724,0.1373262395143488,0.027086979331583015,-0.0013743869701986744,0.0006380980858891059,2.0827136865342165e-05,0.0001041771751985495,-2.2642152713024285e-05,9.265471183744835e-05,8108.039701682501,53.55055936603459,6405.879082686148,10.052259696819494,9784.898287353735,34.01726026725012,0,https://example.com/TODO
043,,MGT,4,0.07190894720465074,0.05822789069091737,-0.0015440097035533987,0.01258418985222068,0.04649076419426048,0.049764971305191814,0.0546599035607064,0.0645550867144528,-0.0005141893951434856,0.000865708937364137,-0.00021267949044150022,0.0003086428632052666,-0.0007928404518763769,0.0005363369283099123,7808.333716057074,54.27349285116296,6338.688271266479,8.998377346133328,9578.210987682674,36.616621549381186,2,https://example.com/TODO
041,,MGT,1,0.06915725933602469,0.039412408953252494,-0.03821084670162964,0.047731929613242886,0.10811710939227373,0.08195735990905706,-0.08168192488520971,0.1148742778341497,0.002993175051214122,0.0034688385027397484,0.0005198972174392921,0.0006058530124578876,-0.0001827297392052978,0.0006117196020613549,8035.150091135391,38.105623186741106,6226.155478997505,10.214998502728529,9186.773499167983,22.173995598013104,0,https://example.com/TODO
041,,MGT,2,0.04917068422903615,0.02698759536432703,-0.014901196538371303,0.01437225135674784,0.04422719635761589,0.03001017899533275,0.08408357461368653,0.024902407154321387,0.0012880111896247223,0.0007575067540730859,-0.00031629871103752694,0.00029499141995751937,2.4248708543046357e-05,0.00010316863556996174,8175.628095216096,36.080429580812805,6228.753176080487,8.162757171093771,9190.51686395076,20.10967148780236,0,https://example.com/TODO
041,,MGT,3,0.05153027277549235,0.02667142180171556,-0.009343560852224542,0.01565135309449544,0.08753161200883001,0.04075555133524052,0.09777715298013244,0.02505501981064011,0.00063339505335541,0.0012383838550337628,-0.00025449421633553577,0.0004219653023014295,8.397830905077262e-06,3.573590101359015e-05,8246.74577684968,34.615146872368584,6223.6298680354275,8.592267127777447,9191.746514015254,20.188122351592494,0,https://example.com/TODO
041,,MGT,4,0.0487645416352728,0.023602745823131294,-0.002464013584888782,0.009228016598961967,0.08564942271523178,0.03166696563102001,0.09862405077262693,0.02222687278681121,0.0011582632626931557,0.0006113002724716497,-5.516020088300221e-05,0.00020679334272989604,1.907993178807947e-05,7.344658621213815e-05,8135.095845744385,40.296429361540135,6239.944927057675,9.527695418439091,9195.87585530033,22.871728397593515,0,https://example.com/TODO
040,,MGT,1,0.07848125709965702,0.04692073202564319,-0.0820461324489255,0.059813127627286744,0.07119348307172185,0.061415144497612,0.07591039715231787,0.026387942284794266,0.002284806579178807,0.0020173193767998015,-0.0015586418675496683,0.001054225958036751,-0.0009200126779249442,0.0009560982657181691,7926.207469188727,49.846310226981174,6950.030852910724,17.405592719511997,10683.467361108844,31.51485802189923,0,https://example.com/TODO
040,,MGT,2,0.09267420098560974,0.059112182835203655,-0.13456361391141558,0.12923423528481032,0.15789420657395145,0.14012499655545357,-0.012015593686534218,0.10437047194574524,0.011984509796026489,0.010640010871618491,0.0012772053408388517,0.0015047938403634949,-0.004679139959161146,0.004815838005242357,7850.31679749504,64.45828655275912,6932.659376171569,11.955530081562678,10666.096180407869,40.78700824835793,0,https://example.com/TODO
040,,MGT,3,0.08403129725008734,0.051640393769326214,-0.12325399890264478,0.09297922259059373,0.1543290917218543,0.11933042445303893,0.23671447604856513,0.11405685807210292,0.0012073338688741732,0.002046350513287712,0.003321443909713021,0.0032618485786088504,-0.004382354322295801,0.0036199893133871336,7904.344249847277,61.298979419643295,6921.42680183767,18.98372980593561,10625.492961575943,54.32279226528008,0,https://example.com/TODO
040,,MGT,4,0.08150596430717717,0.05176053720407957,-0.004688548255523121,0.012717561594894126,0.16025436052980133,0.07524010112989062,0.28057888984547463,0.07632367684730355,-0.002614044022075055,0.0008747969779209277,7.182335849889624e-05,0.0002175074522525081,-8.735928653421567e-05,0.00026201282761861063,8027.491135189366,48.76479986112781,6876.59781709413,12.751658320373778,10593.777031630232,36.553707600215255,0,https://example.com/TODO
039,,MGT,1,0.06086656319715971,0.060265579440731604,-0.015492201242474394,0.014589520167799023,0.009428732781280352,0.02230054299514428,-0.04846833342980132,0.06541803533133948,-0.0002543514565342148,0.0005079720487140818,-1.099561611479161e-05,0.00035784819793910404,0.0002817973841059602,0.00027327213678838094,7431.781220528984,34.188753621656886,6298.572347379822,9.496396756188973,9186.568240126853,17.699872504542277,3,https://example.com/TODO
039,,MGT,2,0.05736010814107454,0.03946160262782229,0.002188218962468056,0.004456933409562301,0.01370840542066225,0.01702628026663558,0.04660823132516556,0.030404069418665223,-0.0002766280900799102,0.0003213968076775697,-1.1954746136865344e-07,1.0184012516614511e-05,-0.00010231687615894039,0.00018187329359034817,7427.2775869201805,38.567078331948366,6275.933586963725,7.09014807497405,9116.209507235815,18.236158848481615,2,https://example.com/TODO
039,,MGT,3,0.08221030197256635,0.07909192169770567,0.012719182687845916,0.012080208744432752,0.017135108159602647,0.032922940953799586,0.06040637370684326,0.05383120850457417,-0.0009610889685651164,0.0006681362098816774,0.00013964528278145698,0.00017019483586210862,-0.0007299963719337662,0.0004370021357807364,7458.104468733173,41.57266886482639,6281.1833974467745,9.227656442748229,9476.961785371052,25.820733169373536,2,https://example.com/TODO
039,,MGT,4,0.08364894524571007,0.10219051981776364,-0.012477814180697218,0.0219445984203264,0.020996056,0.042089955656811354,0.0463756700397351,0.056422295076714354,-0.0004266450110110342,0.0009176977073629816,-6.0859384161143266e-05,0.00033789854191361733,3.0206250324503088e-05,0.0002949056683903619,7340.39571083502,48.4744138806552,6278.478156750385,11.568442210832975,9061.439437800325,31.594456923482046,9,https://example.com/TODO
038,,MGT,1,0.08169349255929201,0.04223156239219041,-0.0578855075231788,0.013456081603182983,-0.11583554621743929,0.08813242568095983,-0.13106591696534217,0.1114721278488212,0.0023366905259161147,0.0016505219074102392,-0.0011095869911699765,0.0008027597158888596,-0.0011629754194260459,0.0003378596007443096,7345.164842638642,36.79394975387971,5913.568226715525,9.080859322619977,8995.394955281416,21.111559977337382,0,https://example.com/TODO
038,,MGT,2,0.05389787431389688,0.022167815126640112,-0.042050362008658054,0.018871378708626475,0.0006444728368653429,0.013545861324930464,0.011019782099558497,0.015580125633734843,5.796971927152318e-05,0.0002021714310140436,-0.0006419027271523086,0.00031754447531223267,0.00014704489626357617,0.0002097696155064173,7472.349820613331,40.371924637171006,5913.98649886879,8.98879506835852,8989.795846181907,20.650113300407547,0,https://example.com/TODO
038,,MGT,3,0.09001157573546754,0.047275279435242276,-0.049174966734078056,0.031066713755690433,-0.12758648050772628,0.06702508339976904,-0.08770271270927152,0.07498025341908066,0.002074081403090506,0.0012032036966522182,-0.00018178762475055168,0.00023679555104924935,-0.0005446303154746112,0.0005590832357596249,7522.741171110471,37.62590143896306,5929.163884119801,9.437007560999087,8997.26666170027,21.057406815341373,0,https://example.com/TODO
038,,MGT,4,0.061753453780530945,0.034835128361158776,-0.03086455694988962,0.03210484666342908,-0.02389737888476821,0.04083745395795069,0.031668650883002206,0.012664524473980605,0.0006715203710816771,0.0006512324001065,0.0008022117668874151,0.0005160696227103292,-0.0019268436141280344,0.0010365986938856671,7466.398860473055,38.21228372619429,5903.763840828807,8.566033403776244,8618.10456954032,19.127923272182485,0,https://example.com/TODO
037,,MGT,1,0.027740043346225363,0.0280563423415286,0.004049462394167194,0.007794826526701055,0.0038977965739514344,0.011835796592598008,0.019739928120529795,0.023885445158060396,0.00010963275876379669,0.0003651503669377531,3.343818719646799e-05,9.015381204961012e-05,-8.113823090507705e-05,0.0001677049264736643,7952.085026932156,36.895446545075664,6355.741700420083,14.483471669173857,9229.465954517897,21.01605148557848,0,https://example.com/TODO
037,,MGT,2,0.060624547082758815,0.06969851919232851,-0.06540877637008587,0.07707631715813895,0.09418795033112583,0.06461988232858319,0.12132715629139072,0.06628112334527685,0.00285095160463576,0.0031318813945756404,-0.0015904880794701912,0.0017784872363833012,0.001357518119205295,0.001389599780200116,10325.5266425804,53.81634941235022,8916.290844028572,31.97557156167763,9829.610783409076,34.767829226716685,2,https://example.com/TODO
037,,MGT,3,0.114602609823265,0.1486239949768524,-0.17005216841312804,0.16382749315987766,0.44418665143487857,0.2711843834548734,0.36896640388520974,0.2150675781651816,0.01216221166379691,0.010610731630770413,0.0028410846417660012,0.002584980206917107,0.0002695302251655627,0.0022210599751103163,7948.977914715741,57.20633094590459,6306.494482189194,21.007567400608185,8961.63025019762,33.143140949847975,10,https://example.com/TODO
037,,MGT,4,0.12456563394469022,0.11891395550845367,-0.17000479319757172,0.17734883639948626,0.24214661942604856,0.14165567493316936,0.4489235055187638,0.1867477873081347,0.00025456072317881016,0.006724818529498503,-0.004057499796909491,0.003389922700808914,-0.0034137588704194256,0.003997411913928644,8028.151598757284,50.90731510583349,6328.7356365994665,18.189210561691567,9217.288102409922,31.205615132363178,14,https://example.com/TODO
036,,MGT,1,0.061751060263865586,0.03132938675244213,-0.04309314564949523,0.0413222973039392,0.07755713880794701,0.037256516005207484,0.15719014392935982,0.04138874558324939,-0.0012972191875518751,0.0009257463661154228,0.001632813047240618,0.0018109025056516873,0.0002970089435099318,0.00030562645386381305,7789.405756521274,37.05912007340567,6358.216939390786,13.802522281569843,9441.712017304864,19.568323120478123,0,https://example.com/TODO
036,,MGT,2,0.08415265030622594,0.15066783981840173,-0.008155490711359525,0.020665643325789684,0.109409206401766,0.03917482793148251,0.08486150198675498,0.1837114562464259,0.0015308652671081684,0.010661489360943218,0.0013245762030905078,0.003331951110073771,0.00017544620971302383,0.00045810815890069754,7999.913790510461,41.05068650710636,6367.115516999128,8.45871745249179,9739.114586513595,26.10284879263433,2,https://example.com/TODO
036,,MGT,3,0.05749775615348689,0.03579330107646126,0.0006981147924913618,0.008191536823711426,0.04041949871346578,0.04107057088831917,0.06974057694039734,0.04520643991665542,0.0010274713315231794,0.002467371173489033,0.0007918236816777027,0.0010542331533235547,0.0006792569174392932,0.0008685158967896922,7864.812330595331,38.11449654956908,6313.662138546528,9.07886635959651,9392.683653471953,24.264381696250933,0,https://example.com/TODO
036,,MGT,4,0.08478715215557253,0.042817585496884025,-0.0027181464181252643,0.0058678643972288,-0.033611935898454744,0.037671841684453866,-0.058319632008830016,0.07947843166628328,0.004804078417218539,0.002633660175640697,0.0001234393401765958,0.0002450262386571409,5.354141280353203e-07,5.3627321938275016e-05,7825.345714941291,41.521351865270596,6301.9809150908695,9.854530803454855,9359.151767400477,32.34156853501192,1,https://example.com/TODO
035,,MGT,1,0.0786424880850712,0.05723180469188622,-0.012711614039924725,0.01294202024255194,0.6190494454746137,0.26445585766085555,0.2021578348785872,0.05833218547050439,0.0039205001044150065,0.002582868663858203,0.00036685839293597886,0.0003816198108867346,0.0003516923768211874,0.00033863383428662467,8373.429975193845,82.99712044692744,6444.6010015556385,22.32528516837178,9837.78730392384,33.931408490831295,0,https://example.com/TODO
035,,MGT,2,0.10056731341228536,0.07376200316131508,-0.016965248359123428,0.014652172599829014,0.9569181955849889,0.3478680084585727,0.30970022516556295,0.10994309118158234,0.015207797799116997,0.006683271374760585,0.003147090293156733,0.0023763815490577627,-0.00046977647064016907,0.0003484324408295589,8068.070757349551,74.2612001137365,6332.571005657681,19.31357709245965,9696.71280089068,34.5509551054558,0,https://example.com/TODO
035,,MGT,3,0.13514256422448512,0.09676773290906429,-0.14910159441668921,0.10185949716620155,0.5298073847682119,0.1762562596439332,0.3340363077262693,0.10626951011030714,0.0005185448430728494,0.0023367305062707714,0.006220536365342159,0.003968665235726087,-0.003065731856953642,0.002145175752405505,8055.048594317099,62.86136505119953,6320.724698198083,16.60479530052062,9367.55283898675,22.885056702752433,3,https://example.com/TODO
035,,MGT,4,0.09602018684861287,0.05601154889161084,-0.05108726853197056,0.020264224566188285,0.42949118675496684,0.1372137616343185,0.17189009381898454,0.03689399503359639,0.0008518836576158914,0.0010364409789427244,0.0014027991774834437,0.0005881295618968797,0.0006840867046357581,0.000491497896835994,7895.771417744672,54.04613059979124,6283.623708483959,9.052780640195623,9596.606206561988,21.900569829912254,0,https://example.com/TODO
033,,MGT,1,0.05484898275187465,0.02877639878922034,-0.0051414755135157615,0.012718550399643383,0.09636786933774835,0.057687456382039204,0.03814632401766004,0.02646980708345203,-0.00044484005690948765,0.0004093401607014534,-9.766440397350774e-05,0.0002461972931684607,-3.093607240618102e-06,3.459768022427442e-05,7499.929817164699,32.40128416272739,6174.674330924236,17.434885808484097,9518.894846118674,27.1380149781219,0,https://example.com/TODO
033,,MGT,2,0.08308252757382274,0.040056296742582695,-0.018944138783064276,0.018211145879533985,0.06888136335540838,0.027655507715677253,0.07560358057395143,0.024926960675985824,-0.0017111801059602584,0.0006188299667475798,-0.0006166081543046289,0.0005604527514341819,-0.000291468322472406,0.0002612718327274376,7510.8426544618,31.496034475867727,6152.423103931857,8.9260966463544,9470.482061319035,23.223316238187515,0,https://example.com/TODO
033,,MGT,3,0.0732198042340431,0.030581314808385333,-0.010386781524679799,0.009815764603951675,0.032125627987858715,0.03024194400916439,0.07501791037527593,0.022403821906310836,-0.0017136550507726262,0.0006604636685839556,-0.0007255348395143476,0.0007822360679909311,0.00035432228079469843,0.00035126592286328126,7409.337291085399,32.4001485270523,6151.840147164168,8.428115559123103,9457.437629326501,26.153103836672834,0,https://example.com/TODO
033,,MGT,4,0.09106631811568282,0.03933500189423677,-0.014312258494860475,0.00877855274950612,0.13400657878587197,0.04625730504649404,0.2115742445916115,0.07125803228605294,-0.0034929745187637965,0.0011095649349206899,-0.0005565884086092587,0.0003684986788301548,0.000345352618013245,0.00020944678643304874,7430.80060555199,33.89037942746604,6174.39338787308,10.395584375380528,9448.118573184245,27.542077821157783,0,https://example.com/TODO
032,,MGT,1,0.16384674377924893,0.11264604869007572,-0.39130871410792434,0.22316804086432415,0.1529413551192053,0.14009286883580122,0.22087431931633553,0.1674117501547977,-0.012407273031567323,0.01099611156454809,0.007463575283443705,0.004122498278589376,-0.018568039777262693,0.012697293805691276,7406.632283701375,113.77767292814464,6389.382142719575,22.421322836856277,9225.047088468282,58.39930254972018,10,https://example.com/TODO
032,,MGT,2,0.1563870263495575,0.1104245993108743,-0.3898151953642384,0.10514449625460705,0.28274372229580574,0.1433715123716357,0.2265248391611479,0.08913215873257142,-0.0044990114284768215,0.0016145015528632955,0.005810388579690945,0.0014183420605653376,-0.00785076946136864,0.0019133388139324372,7218.099833772784,103.77830338765558,6267.473687680565,15.770653493717143,9111.716340744699,59.14790014093947,5,https://example.com/TODO
032,,MGT,3,0.15102377755530969,0.13222531281012295,-0.7775446362737307,0.376401087140313,0.35514018741721853,0.1582981428368848,0.23514017598233994,0.11478250062422475,-0.0024127504662030887,0.002438052249884686,0.006036780562913903,0.0025429812254449077,-0.0133435251611479,0.005700393838873825,7175.0393169840145,116.75637365394797,6231.320295030859,16.40869610388125,8704.1021884535,57.253969433165196,17,https://example.com/TODO
032,,MGT,4,0.1431124215951327,0.1276675860112681,-0.09743919911699779,0.07946795748247737,0.42770479331125827,0.1960479831887122,0.0831390559580574,0.1266582649237681,-0.0006216660238631344,0.0028635304342716178,0.0005648523918101526,0.0012173618792990406,-0.0042873340189403955,0.0047505406358311405,7041.556472499576,102.95280016209452,6201.990671358695,14.712932022174927,9049.671505454648,53.39544139317964,13,https://example.com/TODO
030,,MGT,1,0.9295038178316122,1.3253911354419685,-0.15733566277272876,0.14881806698921418,1.5106296962472405,1.5578764211008382,0.7813889834657837,0.9554435624492041,0.03957061474878587,0.04806770277459849,0.007249533102869756,0.008473616578244383,-0.003013732293598231,0.00479181014644995,8101.312730909841,236.31291650459676,6697.439927709237,145.6725907821546,9774.585356573985,197.9546837606659,228,https://example.com/TODO
030,,MGT,2,1.1499057997216813,1.3206404198154387,-0.07048647453532009,0.12250524226035904,0.31672851114128037,0.7096009497935652,0.029955148408388522,0.7213927031578393,0.027128818568057392,0.026014513445325144,0.0065087524730684295,0.006934751815414455,0.008184754016335538,0.005928414384398002,7841.040099385904,183.14124166881706,6612.722419093571,82.1494964159842,9675.947426383102,126.56339846365154,278,https://example.com/TODO
030,,MGT,3,1.341145754738938,1.786886214181706,0.05302252909713024,0.1616962060995445,1.738451886865342,1.5724463487287312,0.5547580081302428,1.1013689565994427,0.07419421379690949,0.042374254968030885,0.007486557763355407,0.010802331891086711,0.016962923733995584,0.01551881078821076,7840.967330120853,239.31921056967906,6562.74421151084,123.35190943800283,9336.948552783768,164.7270096464258,278,https://example.com/TODO
030,,MGT,4,0.6994091569756637,0.9826207623994274,-0.31453826956291386,0.17702599517588335,0.906467559580574,0.7972779607514883,0.45537816988962476,0.5191771091345921,0.029112531021412803,0.025065690732068803,-0.001315554110286976,0.004710726144013805,-0.004051752955629137,0.004968131422597679,8422.351613806532,140.53250634876363,7014.640366244754,71.5361791375046,10139.37498058114,115.16191539806361,184,https://example.com/TODO
029,,MGT,1,0.09165987866294498,0.03461725494633816,-0.022927020636277592,0.022139135705373562,0.19678216225165562,0.06034535348109296,0.3210739558498896,0.04805215151664467,0.0005064748145695358,0.001526156939499942,-0.00030624764459160464,0.0003701061349436253,-0.00016553208057395078,0.00025344831479667834,6823.922122296728,40.22322675474334,6423.29567371874,14.61803806929436,9213.961688990572,25.399859589978167,0,https://example.com/TODO
029,,MGT,2,0.07900806337964598,0.04762446781912561,-0.02563182586954282,0.02964771525709508,0.19480582008830022,0.16051197944411216,0.3590930671081678,0.15862574129134813,5.226010856512207e-05,0.0012793836659283002,-0.00045856979249446977,0.0005634553343598314,0.0003627367239514322,0.0005327135763959379,6927.7378304297235,36.038931054086966,6356.768759607561,11.396661725341264,9162.484651726283,22.278710022978235,1,https://example.com/TODO
029,,MGT,3,0.08577454775777342,0.06351109148883713,-0.010590198359957616,0.012524038735936188,0.1817487397174393,0.11616534238705392,0.4005283121412804,0.19056706186385516,-0.0006724084383443673,0.0016056635530173515,-0.00019051314834437087,0.00023536099598966783,0.0001557694650750552,0.00020413198694841758,6839.23519263212,38.64556307727322,6322.490512979766,11.878569580569662,9136.798855940988,31.366728223348066,2,https://example.com/TODO
029,,MGT,4,0.07348708642101766,0.03340564651120379,-0.005168228897350994,0.015989303733404674,0.07490938816556292,0.10968256148566907,0.26942428807947016,0.21805720650856883,0.002650584810154523,0.0020095667363647903,0.00035803572587196164,0.0002980690527411235,-0.00044294432609933706,0.0007307880042659296,6825.200332188166,42.688443009102336,6349.797994064624,15.032815270150678,8809.5724012104,35.78760271890257,0,https://example.com/TODO
027,,MGT,1,0.10774907716371679,0.06313227945985682,0.005137352406181017,0.0216025123889844,0.22848239482295807,0.1614510975988298,-0.062406811763796914,0.07209866904357275,0.001365038678079468,0.001394364108823735,0.0026841892896247235,0.0017631308198381105,0.00022114568523178655,0.00026626254575849793,7768.640060265261,35.136565785964365,6424.724815848893,13.590006874495238,9237.382492131961,19.29411722885082,0,https://example.com/TODO
027,,MGT,2,0.08663042701042024,0.04681725644608273,-0.008392294276628676,0.013594508718294348,0.2547927350905077,0.17600061481215687,0.06208908142869757,0.05093986316564726,0.0006739406602649021,0.0013452701935136842,0.0017110221445916082,0.0015431349526354738,-0.0006793664263796873,0.0008436319190733915,7841.324699757243,38.952594922888224,6384.623612972577,16.79537074828676,9259.308340613557,23.838793982629575,0,https://example.com/TODO
027,,MGT,3,0.10880574884465272,0.05381491624514166,-0.1500856900137706,0.12785251079645737,0.3039604185430464,0.16776979870581626,0.23928877902869755,0.09284173766565262,5.589858622516732e-05,0.0010242452450542542,0.0014875507748344362,0.00174569061322337,-0.00266501935011037,0.002691464913290782,7737.342405607134,40.097301988958286,6361.322295823677,16.147028758560708,9461.027133615029,25.019656357737645,0,https://example.com/TODO
027,,MGT,4,0.09762748014184942,0.0485698834117242,-0.548752900801371,0.3001001898170748,0.3370464802891832,0.17689785041229067,0.30912720618101547,0.1283450185863714,0.0019491211838852114,0.001748090349434241,0.006804775666666663,0.004047605271216613,-0.009721789345695361,0.006168637407847571,7997.133552053846,42.04298604803899,6376.586983956562,18.824660223714552,9450.971356234311,27.434941567112205,0,https://example.com/TODO
026,,MGT,1,0.20069677600655605,0.15839837613389846,-0.01318095113279321,0.012479314704294146,1.1679269933774834,0.6075571715940487,0.8091466052980132,0.4519891213616875,0.0005226854381015464,0.003087709625820831,-0.005034264169827813,0.004479015132216712,0.0016756298576821192,0.0014124240718318161,7706.265649699194,61.5759098240546,6632.17954412544,36.11596878344365,9342.06031321054,74.45688598611105,17,https://example.com/TODO
026,,MGT,2,0.1901452301595868,0.11538317823183587,-0.0015587062176129606,0.004508785726230522,0.38146424128035317,0.10213053769522056,0.43369418763796913,0.10830137879568542,-0.0033492302516556294,0.0010613888986985202,-8.224465783664458e-05,0.0002440776030462822,4.351657350993378e-05,0.0001241000792786812,7680.454709938101,47.62109963693437,6563.38251007652,18.864048158652803,9652.927676245987,52.44743418503536,4,https://example.com/TODO
026,,MGT,3,0.16739788592567287,0.13461107516001128,-0.0037585020140201916,0.006696176735763146,0.46440419116997794,0.15240008372531377,0.5979052713024282,0.18651521059984044,-0.004857119198896245,0.002100535107934519,-4.6613954304635774e-06,0.0002852804027655935,5.5563036799117e-05,0.00022439073196230358,7639.632753944427,58.52284834871078,6541.503364954875,29.478199449908516,9280.308632839888,68.18225588637823,14,https://example.com/TODO
026,,MGT,4,0.20486395468918528,0.25665931025478383,-0.012467894146210877,0.011251129366337145,0.546833322384106,0.22416330510234034,0.8641776059602648,0.35398211730766527,-0.004731033178145695,0.003177507320146145,-0.0004583049123399523,0.00042409708103258544,0.00015386284520971257,0.0004864068383192716,7540.482781244522,75.38645163180483,6468.706957119826,33.114387999525746,9493.766049703438,78.02861863177766,23,https://example.com/TODO
025,,MGT,1,0.09516832680160052,0.038701904070737814,-0.032728892047829396,0.040972264506349644,0.41545062141280353,0.17685968454017692,0.21764567593818984,0.040762344678263195,-0.0012108602333995556,0.0012405680978653203,-0.0006440283598233995,0.0008154254137152175,-0.0001903106957836638,0.00026499718830375486,7363.629542106958,42.81862651642917,6319.199556781096,18.708754563011183,9740.779868828076,28.898809780704344,0,https://example.com/TODO
025,,MGT,2,0.09550270730901204,0.04067417476913995,-0.03642487452231799,0.04294061856849591,0.3003123635761589,0.09906046264819839,0.3254177969094923,0.0968557515879615,-0.004190502856512141,0.0011988641679365447,-0.0011459242075055188,0.0014274647366993973,0.0009044921708609268,0.001158798904276997,7282.243470495488,43.05819605558458,6283.382965785851,13.073906956399595,9674.711296735735,19.69497627874156,0,https://example.com/TODO
025,,MGT,3,0.10946264390820572,0.05569847880982595,-0.03340709172207722,0.037143612467340305,0.3265262309492274,0.14280527766815385,0.40137447218543043,0.1320131392988704,-0.0001376915729359819,0.0008305175693903904,-0.0008766363642384107,0.0010113744530255025,0.0006741274514348784,0.0007848266922292937,7298.192228234955,43.49791160071885,6301.916967855687,13.778171206345014,9983.255107667717,25.47748970277674,0,https://example.com/TODO
025,,MGT,4,0.09705125996817435,0.04014457134663998,-0.05143183748007374,0.03428410857017021,0.22882767880794702,0.07353874562484558,0.21171709779249448,0.052384374500438695,-0.0023815471615894037,0.0007637074997272161,-0.0008685334128035294,0.0007378139493461452,0.0015081087401766003,0.0010854984749874446,7348.665767167252,45.96405383953594,6296.745736860924,11.353896641651689,9608.551411921639,21.423854341752108,0,https://example.com/TODO
024,,MGT,1,0.12212952541150439,0.11477991782296335,-0.012543360870419426,0.014872517497086487,0.2626110662295806,0.1264442819619664,0.4781725196467991,0.22264238361476393,-0.006554606051655627,0.004726779860175708,0.0004842788210596022,0.000711820524885528,-0.00026417167792494193,0.0004880101640358639,7414.129831995387,54.80956363329482,5984.888965968696,22.070230404144493,9213.499547259136,66.27854261382166,12,https://example.com/TODO
024,,MGT,2,0.1133912211915929,0.09429767944448761,-0.031368290700883004,0.017938155365399316,-0.2891246821192053,0.052805839876121904,-0.10879495673289183,0.06708117409356992,0.0018966391009713015,0.0021220496151813993,0.0007837141194260462,0.0005718715753939633,0.000315272131059602,0.00016479622798050975,7294.0619592842495,54.213661538749655,5969.934255636876,15.475915436600584,9061.87310075501,67.2703221141233,3,https://example.com/TODO
024,,MGT,3,0.09688050309915515,0.08385831141658003,0.008038291733226344,0.006421610395998537,0.10122843790286976,0.05783639871734438,0.1948944143267108,0.07275938519234981,0.0037521853443708564,0.003321449169847565,0.00016415779423841062,0.00015300692223308297,-0.0003164886931567329,0.00019187348504092107,7325.788786145118,52.24191424488978,5903.487396190616,12.895827980238,9056.463742725156,48.276844077502346,2,https://example.com/TODO
024,,MGT,4,0.14460068832498935,0.08809802068522625,0.028224072780237527,0.011238070135432512,0.5517660585430464,0.21073988418941372,1.142083269646799,0.4913246964192754,-0.005391491127395134,0.0029711336217711345,0.00167187702428256,0.0010659992889277808,0.0001158004223178808,0.00021932187472681154,7378.7080146670905,58.320783798006296,5916.909037340509,33.97308324591873,9075.355491474153,60.03816005848624,4,https://example.com/TODO
022,,MGT,1,0.10693581551305308,0.12069723383792284,-0.059822948494481235,0.012099228066450158,0.15025235100662251,0.1195253503976859,-0.01451497364459161,0.06005340185976701,0.001441654040534214,0.002896473950127912,0.0012301538527593786,0.0003670510119249249,-0.00045637230754966426,0.00038187875250679835,7911.912269138708,72.50640656362278,6581.282354894663,16.039019074788666,9490.950123021648,37.0452100459579,10,https://example.com/TODO
022,,MGT,2,0.10999657267522121,0.17368316906502423,-0.034666666445916115,0.03625599071969578,0.04164020019205298,0.06646947690928584,-0.027714115953642385,0.13843140710158333,0.002902614924172185,0.0057769186780986,0.00024934324959823397,0.0006637757564887772,0.0005690637532008766,0.00028260939675610233,7773.609005977818,72.08923750219547,6537.311393369027,18.242450177478663,9856.357034999572,39.72111833169057,10,https://example.com/TODO
022,,MGT,3,0.16829227534712388,0.2486232900485053,-0.04434756370198675,0.03402032931789282,0.21118843097571743,0.25698044511142826,-0.0557058859602649,0.2707494117492019,0.012832421456291387,0.014379729036209796,0.0004481553129359768,0.0004732526823691776,-0.0015248414558741723,0.0017608091591775868,7917.904189057747,130.31343442525545,6584.54112893423,35.614732663965825,9916.676385982359,89.04220345728967,36,https://example.com/TODO
022,,MGT,4,0.15457984356265483,0.12508883196299145,-0.014810238089757172,0.01179150208896723,0.25791786688741725,0.13305676308173842,0.364069180794702,0.18959227442870955,-0.01638295803311258,0.011532373888429152,0.00015765295377063884,0.00038740680433579824,0.0010748893762295795,0.0010885334374298556,7828.54577095502,61.86989381527899,6552.802070491461,22.903846683819836,9955.048587895702,31.16526435257243,14,https://example.com/TODO
021,,MGT,1,0.07889126576725661,0.04422344406870541,-0.0291264874004415,0.01601679476747193,-0.12940939188785872,0.07090024990321982,-0.08993213944812362,0.05544391015837833,-0.002892632209492274,0.0015104750924101286,0.00030784853858719426,0.0003773456211673228,0.0007073251105960258,0.0004745785402252525,7707.593556648048,49.815961394767264,6604.669376192082,16.834813230550065,9609.866842709314,32.16956564147064,0,https://example.com/TODO
021,,MGT,2,0.08437146030309732,0.04517974533954928,-0.022994400230022072,0.012965734551618887,-0.012249499666666669,0.0807681769855114,0.028420133355408387,0.048817246463333235,-0.0026978890096688735,0.0015218467152440266,0.0006114389161147839,0.00022052348774346771,-0.00014887809258277838,0.0005062656371799813,7586.626791710429,54.87237547096598,6616.466561373792,10.041712149657815,9583.80278954559,30.314206512139066,0,https://example.com/TODO
021,,MGT,3,0.07378300028601392,0.04571929804229019,-0.03350661471430838,0.030590845258488954,0.023304448891832228,0.07610524125438863,0.017997681193885208,0.045199160596865434,-0.0005711485084768216,0.0011044565166285405,0.0005460644534216284,0.00048481322749442223,3.224368434878697e-05,0.0006025920607833304,7730.313587263882,55.804253429725925,6612.270263399323,13.020822064438166,9201.160181883752,30.22465216769357,0,https://example.com/TODO
021,,MGT,4,0.08153341244561718,0.058051587489673,-0.02156924799821365,0.01739238054344524,0.06878917271589403,0.07597018752897276,0.03927163029359823,0.04106540467425994,-0.0025518623295143475,0.0019348530329687127,0.0006552787964679891,0.0006998714016425676,8.82096346799117e-05,0.0001664977714944002,7744.086764485646,66.56155844192892,6651.517657723297,13.971167273203278,9624.074457094393,37.00303793129822,1,https://example.com/TODO
020,,MGT,1,0.10950417972190263,0.04736847627826013,-0.0011610667304635756,0.017390628837929533,-0.03047065560838852,0.09952927571653046,-0.09307328309867549,0.16330110798996592,0.0004226173348785887,0.0011567779754928494,-0.00029772730807946755,0.0002620426402265346,0.0008192363660684307,0.0005029424147870385,6592.7556142347585,34.189136733731054,5730.605125788062,9.970692246766829,8628.281459788835,21.240765202947856,0,https://example.com/TODO
020,,MGT,2,0.09809898821017697,0.04929645270974163,0.017703084278145695,0.020392734811555204,-0.0016420995121412807,0.03587144991876163,-0.0027975266203090514,0.04210745969427542,7.189288834437175e-05,0.0004655469377310706,0.000327267302516553,0.0003010062088583288,-0.00018000343,0.00026377379301499267,6590.797153317421,37.61605271930491,5766.925382303617,7.803136559456598,8642.073131029878,19.210314771491568,0,https://example.com/TODO
020,,MGT,3,0.09154736994535395,0.04565134999242879,0.04220990099216335,0.02963188594580239,-0.041427550386313454,0.057749908096605435,-0.02863134346578366,0.050031311594251233,-8.557572973509823e-05,0.0006544053394768533,0.0007189495690949177,0.0005015298559290182,-0.00021992526721633531,0.00047207323839192604,6665.288521974748,43.150953160084995,5758.376159379071,9.02385720882716,8996.123384272945,31.778316547810896,0,https://example.com/TODO
020,,MGT,4,0.09645619751238936,0.04842514724624316,0.0287475036799117,0.02311898814295833,0.04828385175055187,0.030332006833982243,0.050837655080132445,0.032230577159838715,-0.000722566424282557,0.000605008995723636,0.0014743926161810137,0.0010549732110165465,-0.0003557102138631329,0.0003329124190774922,6676.523792023415,40.68656888813495,5783.79685219548,9.704908082243632,9021.337357354605,26.71342960083393,2,https://example.com/TODO
019,,MGT,1,0.0772077748978236,0.03450364009311053,-0.021915873167056517,0.02568712556270589,0.2932622231567329,0.17006477267599204,0.22070525298013247,0.08523207566500399,-0.0019682844836644577,0.0011556404943203241,-0.0010268486732891808,0.0014577356525241423,-0.0001000603351214128,0.0006064715971100051,7697.039054918873,33.77378278000593,6343.892568396098,21.85050064987743,9687.685048315976,38.338745956109925,1,https://example.com/TODO
019,,MGT,2,0.08830159131958235,0.03123964051802722,-0.06304230588845146,0.04168483027541306,0.3250238582781457,0.22303586078779486,0.412709025607064,0.2453351767676547,-0.0010797358601986752,0.0010304410512352968,-0.0079504107406181,0.007067524349255599,-0.004853082181523177,0.004508749758450703,7581.3669984031385,29.95773726720278,6313.682235058408,24.286973687889848,9621.086459905482,37.24214349133652,0,https://example.com/TODO
019,,MGT,3,0.06656299865786337,0.029772204655999092,-0.07263762319473677,0.041101534358097915,0.19431070066225165,0.09984341760742071,0.23121697770419425,0.11449376905228986,-0.003351699951434878,0.0014453213811713086,-0.004003468649006621,0.0024764894990073785,-0.0012707106094922741,0.0014345559366589174,7563.555236529804,31.144222049351942,6259.462048643925,13.501284838862725,9565.58624545402,22.57891869913036,0,https://example.com/TODO
019,,MGT,4,0.054977164185553075,0.02238141061085317,-0.014189711660728476,0.014842984323423111,0.029425742205518763,0.0198294567954269,0.09472159580573951,0.022894092482688425,0.0010549473030905046,0.000764066979349389,-0.0008464373689878545,0.0006952201284149215,-0.0005820522657465772,0.0008480838824325201,7537.50043165522,30.13694681175791,6228.159387006856,9.722450729071419,9208.169381061629,22.969412708556742,0,https://example.com/TODO
018,,MGT,1,0.21991075519614597,0.2787987989904268,0.03218692478107947,0.31673721143414324,0.34415332072185434,0.20808813792903738,0.4484238513642384,0.29489895588299525,0.010540307678609266,0.009317899427379732,0.015175018779470199,0.009037544704186561,-0.007345630519646797,0.007088012193807332,7983.454769567106,68.98327139157261,6111.863446777163,21.043815590576855,9202.671772468262,35.0297306085409,21,https://example.com/TODO
018,,MGT,2,0.280289909048971,0.2903789610126332,1.272721683531711,0.552615663147995,0.42358813929359823,0.21887518179511037,0.23010390129359823,0.21509693171314415,0.024672888874172183,0.012504357588992121,0.0019325355359823386,0.003425498355579992,0.02542078565121413,0.009636807653176859,7834.208572278002,75.79080424372651,6109.31418503497,17.104274311270874,9103.705766364306,47.85425236324671,27,https://example.com/TODO
018,,MGT,3,0.19469181058628318,0.20594252069101973,-0.34412095871964676,0.4731812629319078,-0.0844352092847682,0.14302778735128344,-0.10295365068874171,0.2849187184532739,-0.00014776786324503333,0.0024568472115359665,-0.0071576883841059594,0.006318467367530211,-0.0007229242235099362,0.005534378116174852,7710.019513419162,86.71221906612315,6053.1416571509235,20.108913972506933,9057.250553312953,42.220444685783704,17,https://example.com/TODO
018,,MGT,4,0.2797342734734513,0.29412432127703425,-0.11449601725238749,0.16788257297217132,0.2688230375629139,0.16315753469503047,0.33168437244812365,0.1868248024406072,0.015431990209713024,0.010334881789083433,0.0017636537841059588,0.0042539318345233175,-0.004821475130772622,0.0029850258767120785,7930.718002031635,65.63530502616547,6068.682722975569,14.956788388969908,9094.295990634422,32.914764218673675,29,https://example.com/TODO
017,,MGT,1,0.07440770975884953,0.03227611993319105,0.02245352916423841,0.033836865934719,0.19420040234437086,0.10257969128447707,0.05004676900662252,0.021018369684777133,0.001215659034878583,0.0005838123332328335,0.00014800753068432626,0.00044039381599300615,-0.0007702879594922734,0.000921701741721906,8164.546515851789,66.95945439701757,6604.505875970345,17.9750332758091,9834.24901191333,32.5062865758041,0,https://example.com/TODO
017,,MGT,2,0.11883106785556577,0.10186435701736375,-0.1437238021495789,0.09777204293323138,0.453750213995585,0.2696832964059611,0.18272541677704193,0.07586299234828393,-0.0053006941591611356,0.003304603598284939,-0.002287697026931567,0.0015829069871489334,0.00012568339044149868,0.0008003905942123516,7740.5807102717,74.86775540223867,6557.002518329439,24.517816204364678,9796.195157446627,39.8804923838761,11,https://example.com/TODO
017,,MGT,3,0.08833966683871458,0.10155968553399208,-0.006127102651114598,0.011058535566193165,0.26700178262869756,0.20687539970053292,0.1293256829558499,0.07096229641857356,0.00032618342901324395,0.0006821712874107195,-0.0001353135374834435,0.00029555866768853225,0.0002807118232825601,0.0003781426119767257,7814.277931535067,83.42238124243629,6536.365537228638,22.79225166313385,9783.310137301552,46.03304024029814,8,https://example.com/TODO
017,,MGT,4,0.10442879892256633,0.09641806466411947,-0.037299056229580574,0.026958346727654393,0.2530334491390729,0.18803692389321705,0.17382420331125828,0.11189333141308423,0.0016760510227373047,0.0016269230744444857,-0.000691906848079468,0.0005517508731786207,0.0002948300758498874,0.0005278297074122288,7788.488145693606,84.20503727830679,6502.1219923470835,17.17902753381223,9410.856009737698,48.375838501765486,13,https://example.com/TODO
016,,MGT,1,0.21837321938053095,0.2785609820363586,-0.03725927194481236,0.03549613294783634,0.6020043302428255,0.41031675229846004,0.036943523578366444,0.21160071698986355,0.01453157139794702,0.012459158421039613,0.0013761859610154513,0.0017251231071042574,0.00164669809271523,0.0011014959424786456,7623.164919455857,82.80662328194967,6194.504335977217,19.6972653863448,8514.793508694882,42.954867777350465,34,https://example.com/TODO
016,,MGT,2,0.18123255461681412,0.18569233311066266,0.031203939656512136,0.05735141285018967,1.1347634035320087,0.6237245209166743,0.769522494039735,0.3448403079529276,0.018180885779911702,0.0155289186937627,-0.00406416023620309,0.0019770680796537925,0.004209848163355408,0.0022335231497367988,7352.903570973972,88.96286856199634,6139.409830467445,26.967545586271623,8355.331381808233,67.62114966994345,26,https://example.com/TODO
016,,MGT,3,0.18693308177247311,0.22920827360538795,0.05085352893629188,0.10087078163282792,0.3801397585871965,0.24552102648495644,0.30640750512803533,0.1726266034368549,0.0011646012465783635,0.007151055036829513,-0.002277255227373067,0.002073209704169473,0.0031121950419425973,0.0028560785695880995,7342.26374112755,86.87536684938642,6071.259445073749,20.983411932126025,8347.4014338727,54.13700530187323,33,https://example.com/TODO
016,,MGT,4,0.3223704158053097,0.48526870471252637,0.263121068192053,0.2362618918492354,0.7544130732847683,0.5045253366557433,0.3036453174326711,0.5519067019065589,0.031090192519801323,0.02554615079799337,-0.0014589261577704173,0.0038110609242224475,0.007984627007726265,0.005614845575592459,7104.476418651429,119.5862269436849,6050.728343763457,39.545938649815,8545.932857860307,78.42399848505272,67,https://example.com/TODO
015,,MGT,1,0.10429393202761952,0.04961422130037661,-0.021264607470187713,0.014243772928159907,0.05708865443487858,0.043856682905496935,0.032256361898013244,0.01924753912733165,-0.0036641943894039726,0.0020391319541840573,-0.0006355503942604847,0.0005211343327575866,0.0006223756669536378,0.00042462477146403026,6756.236630958281,44.74946611157325,5961.826528184017,9.293865813179544,8538.45943828785,19.56657728230837,0,https://example.com/TODO
015,,MGT,2,0.10738015715136386,0.09575077824052146,-0.04345285010810894,0.05093923493954757,0.16089860600441502,0.12128047692827705,0.11764252856070641,0.09433395320540117,0.002783300388057394,0.004281282944560318,-0.0006641776560706399,0.0008200886951466516,-0.0005640625794701978,0.0007451729457212075,6877.876328492256,53.01136315062382,5924.803999504487,9.399084392518791,8505.410055699582,29.86564751727726,3,https://example.com/TODO
015,,MGT,3,0.10545313991992515,0.08209435072485642,-0.023446367338701035,0.030429407969977722,0.14296724310286976,0.13374053005492592,0.12625508134657837,0.09730196874671052,0.0013615815025607057,0.0037996857367176245,-0.000530157206181015,0.0006954519536092454,0.00017180071470198653,0.0002127145344776305,6761.893460251768,61.84283001769021,5901.484259507428,10.418181551153635,8482.4926277286,34.653665362435206,4,https://example.com/TODO
015,,MGT,4,0.09461418951295106,0.08818471765574853,-0.009127277001259078,0.01632479499619762,0.09593839693377483,0.14197264896398804,0.025097926017880794,0.09291556531564925,0.001833517610662251,0.0035492012616871902,0.002318638298918321,0.0031195754306298246,-0.0005897262533774832,0.0013504191283473365,6697.959776927292,116.95253228922434,5905.986923053108,21.42711210112366,8505.529450578077,66.06251759440691,4,https://example.com/TODO
014,,MGT,1,0.11175153455151621,0.05503708534192467,0.061201323775667366,0.028687590737707422,0.6698916573509933,0.3732974032511556,0.4897372501103753,0.21295769651910643,0.008491899929514346,0.006951067788607552,0.0031389243245033113,0.0019767449772082,-0.003872085639955845,0.0023827662487722347,7724.551611677527,40.059610496952494,6399.017249935814,23.610426199503834,9560.144772987309,49.40231044506316,1,https://example.com/TODO
014,,MGT,2,0.08632878409096559,0.0383968006032095,0.06600350201799166,0.025430837296497505,0.31525939337969094,0.18907917983677164,0.3409970505518764,0.13296914601762766,0.006065538938410591,0.003474283875610257,0.0008853263896909479,0.0005033322938150125,-0.002834433591390728,0.0012108004401709474,7772.678772476934,31.26415546808553,6392.096688128506,12.592879345062915,9491.102199756493,33.66889773754907,0,https://example.com/TODO
014,,MGT,3,0.11749118207312832,0.04797541605954321,-0.02906907468760951,0.023224777749810806,0.47524689174392937,0.23172463435005558,0.45854295386313465,0.16775999117813373,0.007839989499116996,0.004404834169202135,0.008604783759161147,0.005004808771101341,0.0007518112195364224,0.0008245731889558452,7672.900189068785,33.19051816951106,6377.694431920044,18.747330587533337,9472.5108654363,28.370228061010135,0,https://example.com/TODO
014,,MGT,4,0.07199418981279158,0.03402038303409963,9.710467163396028e-06,0.0001520844047410317,0.18399562328918323,0.18162712362351394,0.23387101920529804,0.12352477220733346,0.0014825715584988969,0.0022270526216304964,1.1024788079470198e-06,1.2198605611519318e-05,-1.029746578366446e-06,1.1383065890172818e-05,7562.4591145532895,29.387632357846442,6350.434902932133,13.867134461466096,9184.403183708928,24.79671364810393,0,https://example.com/TODO
013,,MGT,1,0.10516565779933626,0.052431031147459284,-0.016038802462030904,0.006620194936421011,0.30204819536423844,0.1413885312733891,0.2693507242825607,0.1515031611339965,-0.001353814393598231,0.0008294908781908633,0.00011896444774834438,0.00021932959667756563,0.00032067215194481235,0.00014250698125164098,7154.194942893402,27.61803281072231,6968.445101680493,23.803150341211893,9520.610665161837,33.61660054946034,2,https://example.com/TODO
013,,MGT,2,0.11459274730088491,0.08215376052228206,-0.05517314503311258,0.028959826710314038,0.26162246269315675,0.10589772725430639,0.37172517086092716,0.12151205236070818,0.002277179479867549,0.0015505965941428161,-0.0026141168977924937,0.001940961492885724,0.004771962704194254,0.0027585766014820165,7127.190180751081,31.65772789377435,6937.556977454164,16.741479771719202,9137.881272314902,34.253977618835115,5,https://example.com/TODO
013,,MGT,3,0.14693968482610614,0.17314676732080392,-0.0014357165611479025,0.02247433476077888,0.24063724314348786,0.15521858521252602,0.26478458172626934,0.1470394963718547,0.0012330560803532,0.0021434236691606425,-0.0015391048836423836,0.0010895625485684676,0.004941128397350992,0.0018117338639860791,7166.069193078038,45.2457429130821,6932.27054334118,26.189557394001742,9445.951069012894,54.51019245984653,22,https://example.com/TODO
013,,MGT,4,0.14712813006008843,0.15827393554908037,-0.06234970859408388,0.06268780357658792,0.48155343002207507,0.37484730648787606,0.37431433863134655,0.17876689374128793,0.0012619121251655624,0.0053330059219609425,-0.0007349803437086079,0.001221311599988091,0.0023761168717439294,0.001325128956470614,7058.211864029743,46.6794379985889,6871.184720266675,26.03802255217772,9351.511424469882,55.82319936401198,13,https://example.com/TODO
011,,MGT,1,0.15539367176009464,0.07597094642265996,0.0004102449426533214,0.0029224405610415016,0.14400934969094925,0.05626829051276256,-0.04814652531567329,0.06943266583611557,-0.003757124796909492,0.0012720191239456275,2.009858719646799e-06,2.6949815013360147e-05,-9.864268432671081e-06,5.597793049417713e-05,7620.747760753217,33.18247628440998,6566.148143861286,11.499009654094523,9817.49595424546,20.507389168338634,1,https://example.com/TODO
011,,MGT,2,0.1540286171669076,0.09158839028844137,-2.3709918523743927e-06,2.6270291659329196e-05,0.07580207136401765,0.04971325365174973,0.07874526580573951,0.04866878902983246,-0.0011938667874392891,0.0008447184508190515,-6.338256070640177e-26,9.606748394953655e-25,-1.947766004415011e-06,2.1233918098153886e-05,7560.026982743505,38.028258996290305,6528.9067951199995,11.28008871544713,9776.841043588187,22.730434680775446,2,https://example.com/TODO
011,,MGT,3,0.16190963068684325,0.10575371383583665,-0.0013909515053213797,0.0037792989173978824,0.4209351637942605,0.2188737374005029,0.49266772726269314,0.21595842998250867,-0.00754268742626931,0.004097850396083056,-7.292469132450331e-05,0.00017568693607342817,0.0002482260649006583,0.00032291807135530963,7563.471935004559,43.34053564942837,6508.260393545942,22.04840446037152,9390.450245253705,29.07548931625214,2,https://example.com/TODO
011,,MGT,4,0.1122155637810181,0.06095930165846919,0.003089487073627625,0.008119514546808034,0.10356527123399557,0.07833526106864817,0.10481221302428255,0.06032787432504585,-0.0017216542129359794,0.0014483366582664062,0.00014180607417218477,0.00037582148220099564,-7.74771938189819e-05,0.00020658021483195866,7434.14118479336,39.6440954748003,6431.667686740957,11.04095235010755,9356.15735927856,20.04513538783559,0,https://example.com/TODO
010,,MGT,1,0.030022606956870777,0.03847831863069354,-0.004213969298755187,0.009112885450152567,-0.0298102344392936,0.0477451989468031,-0.0618411102227373,0.09385487001218669,-0.0009363061545253863,0.0013998919942925915,-0.00016736634434878498,0.00035766425994207643,3.2996059381898454e-05,8.605601804747776e-05,7700.187832290951,37.11813485940634,6387.416052136504,9.532098797152184,9297.564241412065,20.641567972503182,0,https://example.com/TODO
010,,MGT,2,0.07909227288558181,0.04350139788636491,0.002171817501690366,0.011120969258186762,0.10085763169757174,0.05538314569798639,0.22374444966887416,0.10286446809713364,-0.0029638835269315666,0.0016796875832346472,-0.0029228130825607046,0.00386955360209414,0.0004487975916114784,0.0005862820170078025,7593.431678848196,40.51033034120163,6426.469999856034,10.823179393935584,8967.84075843552,22.856727726892935,0,https://example.com/TODO
010,,MGT,3,0.08235866115147986,0.05152521394332004,0.00833961313187972,0.01467991255842613,0.04756508907064018,0.026928439752765924,0.11062372494481236,0.05833795868356909,-0.001994993023178803,0.0012436866921361036,-0.003095477958278143,0.003471771511163844,0.0006798906328918318,0.0007511328880618033,7668.412058634202,38.615507605570436,6477.374401561532,8.48804849349378,9073.508394269324,22.047957738684932,0,https://example.com/TODO
010,,MGT,4,0.07767151318391927,0.04632643892981551,-0.029130825786756694,0.027198522122275196,0.11855659437748345,0.0624423926286555,0.23829021169977926,0.11022182665864214,-0.0024515066183222957,0.0012348101583721331,-0.002582980262251652,0.0031067525822461644,-0.0010712140750551873,0.0009467021221233384,7698.899158654538,37.94832710768176,6461.07912753341,11.672914044911108,9358.745258588353,19.865982102835517,0,https://example.com/TODO
009,,MGT,1,0.07162764530215454,0.03849026853907974,-0.00705129435985963,0.011189103895805661,0.1721594080353201,0.08449964498381483,0.02030971202428255,0.07580742333421416,0.004101657843267106,0.0029808745884800014,-0.00031666031501103513,0.0003656801163274844,0.0001783491629139073,0.0002135721789636485,8171.80536778966,28.003589957001143,6526.445787111803,7.5958401520001715,9485.353660487244,22.846371472952367,0,https://example.com/TODO
009,,MGT,2,0.07967823397614869,0.04604275532539387,-0.03751059616580475,0.028354123130322102,0.17933419094922737,0.07160164143769225,0.007346356262693156,0.05745671284255692,0.0049321546269315624,0.002689572841873343,0.0007651700161147879,0.0004952305097865707,-0.0005172004242825558,0.00046157330261165726,8181.794495472788,27.138855295455173,6518.769666913766,7.529078780393024,9485.32655501568,25.30223707481455,0,https://example.com/TODO
009,,MGT,3,0.06869693464973449,0.03737423129998014,-0.030252585430463576,0.011987779492540663,0.08006268714790288,0.07557897825363917,0.042363888039514346,0.027386938262130768,0.0032727969797130235,0.0022848652150896415,-9.429476504370685e-05,0.0006187983230729017,-3.263694922737329e-05,0.0002768215054740408,8166.099311335161,28.336560238616052,6513.298609579892,10.533641374683596,9469.023559798141,36.63117219515857,0,https://example.com/TODO
009,,MGT,4,0.08473781360288399,0.04348023561761047,-0.018104899591018964,0.010273840721179161,0.30051279624724064,0.14131263030361194,0.3458117415011037,0.12324441023202518,0.0009068372125827799,0.0008451940646212293,0.0002339261482781448,0.0003170127183123967,0.0001612295620309051,0.00028180152800236127,8093.660181418843,30.472077860496896,6474.224092318013,12.770827537500464,9353.693058025803,35.709629177357066,0,https://example.com/TODO
008,,MGT,1,0.18319003941335793,0.12500526815901358,-0.21782184869306512,0.10031288580536157,0.155085654598234,0.1390499563931825,0.23631338300220753,0.3110160939381267,0.005802508199867547,0.005732629856983341,-0.0008135662457395128,0.0012275656201225721,-0.005391580724061806,0.0021344692239869214,7457.453131658356,54.60561648048279,6181.283760824898,19.33284375705161,9223.761266563592,42.86285659171945,7,https://example.com/TODO
008,,MGT,2,0.18809610516634095,0.15035975968256934,-0.12033300915564579,0.09285298664281473,0.12029433178918322,0.17105065549418685,0.21090019314878586,0.2840858858010408,0.006711328092715224,0.0026310724965937543,0.0013063380534437082,0.001477313009786608,-0.0025348770472406177,0.0017758575365028292,7457.784327791003,68.8089190240426,6212.809456555339,22.749554720531783,8945.003038039853,43.726210085622895,14,https://example.com/TODO
008,,MGT,3,0.18185516364738805,0.10675617234387927,-0.20777996000170643,0.10314959147990463,0.19862400696688742,0.1313918609538246,-0.2040758169558499,0.2451075647002366,0.03836360350551876,0.01912094352665781,-0.009000968722737304,0.003950096814273893,0.0050384461415010975,0.0026163995060349246,7390.410641633492,57.58904613757539,6142.3369855268675,14.179393716963846,9170.959959109789,41.336587188556635,9,https://example.com/TODO
008,,MGT,4,0.15552853635447364,0.08894531701687132,-0.20702377404431568,0.17285798244164835,0.2716721457174393,0.10533933847276747,0.16466333942604855,0.16354949548050027,0.015098381527704194,0.007523510809776797,-0.0037393111753200813,0.0036242775438108813,-0.0007632069048852123,0.0014770143037060209,7371.153755605597,38.984583289775436,6152.577562983306,15.32401509660252,8838.158841330427,31.962030808889203,4,https://example.com/TODO
006,,MGT,1,0.09095564972026123,0.05072061243799717,-0.017677385190872228,0.025227181061239903,0.12542863604635762,0.06523649130686007,0.17170863951434878,0.037088857536814394,-0.0004616902908609276,0.0014134554400143467,-0.0002483057373068404,0.0003766188096925409,-2.5233995584988962e-05,0.0001498351015884088,7042.738807346247,15.914985964147826,9158.082070712133,19.672936053077418,11577.37528331056,28.630907393432558,0,https://example.com/TODO
006,,MGT,2,0.06324875667752732,0.042097950798869695,-0.0037374707664532105,0.0071764874782292674,0.09792116944812361,0.056603178034456504,0.044788148939293594,0.03474172006268251,0.0026086432916114766,0.0018793535950931562,0.0004950056456953623,0.0005018954674192863,-6.507069779249448e-05,0.00017445333233876263,7038.647751524189,36.50426899083255,5963.879719074127,9.24251690472022,9747.335066200581,20.867502882559805,1,https://example.com/TODO
006,,MGT,3,0.07176981988847234,0.03660972874775665,-0.003670026814890422,0.010243732356222878,0.10135762509933774,0.06081390763341949,0.07112092371523178,0.028403297533798767,0.0035475388849028648,0.002987530262501252,0.001372262101545253,0.0010843521810044551,-0.00029448287190949,0.0004089111222386057,7064.167526871912,34.66091452512692,5934.31853349693,11.233489237891572,9729.352014683567,27.006595258989066,0,https://example.com/TODO
006,,MGT,4,0.12157056957128545,0.07026805521871327,-0.07816695228030364,0.0769339114812787,-0.03805963386975717,0.08236160667875025,-0.26486283933774835,0.2776858069111211,0.013119740263796906,0.009545502666466256,0.004553583872406177,0.0038683783694557525,0.0016621281152317871,0.0013605928509384327,7086.339804254486,41.29916156437685,5948.815334739106,10.823829437477698,9785.478986381295,33.46844436943337,0,https://example.com/TODO
005,,MGT,1,0.07838004256637165,0.03659314713111946,-0.25737257501986754,0.09369710950133665,0.08054465776379689,0.04703785089100714,0.03999841309757174,0.03019459822684606,-0.0007020626100882967,0.0005699186556880861,0.000901919875055187,0.0008000094393841115,-0.006463826429580562,0.002474032852062224,7549.564179777228,35.532717527415855,6384.5422941340175,23.080208917077325,9542.738326937844,34.4235212080517,0,https://example.com/TODO
005,,MGT,2,0.04430734968184236,0.0286736460244231,-0.028703838168877303,0.02854239227390284,0.008871136979249445,0.012485549611946676,0.05994216785209712,0.024557368378225357,-2.4090012825607067e-05,0.0002761744274777184,-0.00022777971653863068,0.00023624021463385052,0.00024713557642384084,0.0002331399152596668,7511.090581294725,29.97783145119416,6358.017824158556,11.427827829361043,9509.778269524424,28.494949274690004,0,https://example.com/TODO
005,,MGT,3,0.04813520290774335,0.022106086096827644,-0.054078663443708604,0.025280631335827346,0.003652704368432669,0.008975428089825845,0.034690672627593816,0.021851333635439767,-0.00019670785190728344,0.00027223004188123106,9.733064913907263e-05,0.00020855952297251252,0.0005829674838852079,0.0003033856585044518,7499.190723925017,28.063898415114945,6366.265204610381,11.977441766971813,9490.966538691273,32.94816199172485,0,https://example.com/TODO
005,,MGT,4,0.08499859720343243,0.046505639520819105,-0.046150101906700346,0.03855113143497123,0.0510050766048565,0.037521563426584005,0.11661663796909492,0.03759472972840572,-0.0005691810682119181,0.0005468839647698849,0.0002524540095342155,0.00026617984222146397,-0.0010405678970640167,0.0009460720353748621,7526.722295923789,26.521397148783887,6345.846547104324,14.331402006281301,9174.883294912475,27.833048281917165,0,https://example.com/TODO
004,,MGT,1,0.0928646092361989,0.048996012547880906,-0.0608517855792876,0.07012039099489153,0.7237158543046357,0.3825645238459302,0.8318698697571744,0.4127572329097864,-0.0058251062030905,0.003333076599219592,-0.002464511595695363,0.0033751952400636522,0.0007660073474613699,0.0013704134617327048,7363.3295382383485,68.41195206435945,6277.879153990407,43.61079094249518,9503.806427877702,63.32359729396748,1,https://example.com/TODO
004,,MGT,2,0.0924095672446867,0.06566707506047058,-0.21225633346993775,0.14082365462392418,0.33406856445916117,0.16043481066965692,0.4392859178807947,0.2098875580685681,-0.005621891001103748,0.0038482423790691532,-0.004976918561589398,0.0032095839063273676,0.002595320997792494,0.0014510129860807284,7230.811555810247,50.14630755158421,6249.187650997713,21.624834865458816,9437.334023527686,32.083511861516264,2,https://example.com/TODO
004,,MGT,3,0.10744675769474178,0.07749934838359662,-0.07995729060608776,0.041351644270644326,0.6171416710816777,0.2702860153874613,0.5470912869757175,0.26537722453474966,-0.0024621665094701965,0.0027519025859795397,-0.004786999626490062,0.0031281934096083824,0.002109023384768212,0.001532374670459605,7124.5498097127975,56.61627100794809,6244.989177378416,26.138191240403824,9438.34783465692,45.28100026816767,7,https://example.com/TODO
004,,MGT,4,0.117181926248754,0.0790668100356473,-0.09739730652803669,0.04343910500476205,0.45537178631346575,0.13275403904998437,0.40019913576158944,0.14976475718490936,0.0017434210266887402,0.006428134900320918,-0.0016866992514348767,0.0007913759181603079,0.0018742195077262659,0.000886674371061777,6942.118895046888,60.76733142634011,6158.115930212972,17.18298205286984,9291.183725365863,40.48499615239837,4,https://example.com/TODO
003,,MGT,1,0.0637313659749303,0.029780709526231578,0.020017802642695516,0.02174352146894177,0.13549104061810155,0.06001313150958347,0.08715561002207503,0.01597393682035513,0.0011585264795143492,0.0012793434611626613,3.890087273068411e-05,0.0003045461495339226,0.002154996530684327,0.0016242083832335428,7343.408541511001,34.446848740852246,6989.555027080219,12.165395727039071,9728.337490728565,28.17332636861776,0,https://example.com/TODO
003,,MGT,2,0.08449825237146007,0.058981531977631306,-0.017270707897938224,0.016865092159905143,0.058481706156732885,0.04955312614686348,0.07343436207284768,0.03445179816264847,-0.0036939758602648975,0.00193106530194433,-0.00014777966984547486,0.00065882386159342,0.0005327473953642356,0.00042154510670477214,7380.466182507616,42.60895858367012,6978.2168061575185,14.030908574237909,9761.045016812941,38.7156846597803,2,https://example.com/TODO
003,,MGT,3,0.053657792763274315,0.03069683140197314,0.014813702764238408,0.02113775692247125,0.05784244176600441,0.03498008918809645,0.04021490136865342,0.019846860273876315,0.0007034593420463554,0.0006225289330552817,0.00037489757527593487,0.000559221612324558,-0.00018660416225386135,0.00027232298144888194,7386.403352257115,39.238128036582815,7017.226215374781,11.997045150708962,10189.010511804054,33.60335789303296,0,https://example.com/TODO
003,,MGT,4,0.07296934075965485,0.056600560978940076,0.017824404472166572,0.014516553588051288,0.08136422562913906,0.03306070311853493,0.09624721545253863,0.02951304160322665,-0.00022051840774834172,0.0010720787085440684,0.0006213520838852051,0.0004020587712754029,0.0008454641050772594,0.0005438025434357259,7351.663791190633,48.756370345480605,7033.197618776537,15.082834895288283,10250.18490126286,46.03712549299731,3,https://example.com/TODO
002,,MGT,1,0.096030153859292,0.061472291669695554,-0.05375324653708609,0.0202692977483723,-0.03350781801125828,0.04789964865875646,-0.03682776513024283,0.11856809741007597,0.004750587642825603,0.003092213223434612,-0.0010708785516997724,0.0005165095709134099,0.0008518272694922704,0.00043230490072529936,7975.244900264933,36.78122897778565,6385.685915098338,15.47547386350651,8912.030517463703,25.313173146540663,2,https://example.com/TODO
002,,MGT,2,0.07203167823008848,0.06023712494314164,0.0004981668785871968,0.021796342660612533,0.043586032044150104,0.05087078600340405,0.009284093209713025,0.06649359963076412,3.068178858719647e-05,0.000506918511934419,-0.0005348336165562892,0.00030032545484651895,0.0009666255260485629,0.0006035267010260385,7868.291790635769,38.76935554519511,6431.464884541402,13.98440364427915,8987.960774082094,41.10512034163453,1,https://example.com/TODO
002,,MGT,3,0.09205678970946898,0.06243536958074708,-0.010303982666754967,0.013994918923119685,0.2106688180353201,0.08293769783946975,0.19049881741721855,0.07347513663129027,2.464497015452583e-05,0.0018068085421661041,-0.0008614648079690925,0.0005149587415447963,0.0016973751589403968,0.0007451063466038216,7990.273123319892,43.54013963343189,6461.678319207235,14.375301358512237,8998.409766534278,38.72907765874115,2,https://example.com/TODO
002,,MGT,4,0.09967989211902652,0.0893836749637847,-0.005659717977924943,0.022007542865840987,0.20639626053421634,0.16900330727783608,0.22978463805739513,0.1309814237548863,0.002437190226048564,0.0026512049415797997,-0.0017101255955849868,0.0006195048415463102,0.0025214886927152316,0.0009179563884301443,8099.468764740415,46.660986896904596,6513.970719334478,18.4006194216643,9331.454935128128,50.92244321710173,10,https://example.com/TODO
001,,MGT,1,0.07904649902418094,0.03044160676718816,0.021809362588946796,0.03861209654982411,0.29893878395143486,0.19025144725101448,0.007718553693818982,0.0649302224314501,0.006967316907726267,0.006012393890931201,-0.002438770662251654,0.0014955373322699385,0.002927018238410594,0.0019038429490110748,8437.09127704665,47.151670182854275,6312.7440730318,29.594321069689087,9626.682236444203,26.869422967333204,0,https://example.com/TODO
001,,MGT,2,0.07868114505707476,0.043063212083463316,0.10770964942739797,0.09743451594252561,0.3121947426269316,0.23396313274637645,0.1973728545253863,0.05759958716816406,0.011709980547461368,0.010302376859197078,0.002782527889183221,0.002559388501991783,0.004068384721854302,0.0036886477477595654,8541.169960160076,54.8725092698247,6219.070240980202,34.196132596775726,9491.315950921533,37.73787080688448,0,https://example.com/TODO
001,,MGT,3,0.07174279121787153,0.03609671259980816,-0.030993300626085938,0.017484622114643057,0.5020456913686534,0.2827876849794326,0.08383934232428256,0.05878046507917768,0.005502752156578364,0.004874340664249114,-0.0006566940794701939,0.0003979861920133742,0.0005628857836644501,0.00032834445902544775,8210.038457603434,58.34792343927971,6199.0963884093335,20.19421109093166,9724.843065152625,38.31195369229026,0,https://example.com/TODO
001,,MGT,4,0.07159532363163713,0.03469982465822601,0.02918787948785872,0.019747089672368982,0.3777879852097131,0.23968952222063908,0.0719598211567329,0.04204444292842429,0.0008217931467991179,0.0013092877313610253,-0.00026689458977924616,0.000533199058810221,0.0008611174844150084,0.0008191408617607153,8026.330970973721,55.8378921888176,6172.6314115386795,23.2720404967979,9421.57658726264,34.5636528159974,0,https://example.com/TODO
